{
	"credit": "Made with Blockbench",
	"texture_size": [128, 128],
	"textures": {
		"2": "vehicles/apocalyptic_motorcycle",
		"particle": "vehicles/apocalyptic_motorcycle"
	},
	"elements": [
		{
			"from": [4.755, 4.71673, 5.50865],
			"to": [11.245, 10.70673, 6.99865],
			"rotation": {"angle": -45, "axis": "x", "origin": [8, 5.80336, 4.33062]},
			"faces": {
				"north": {"uv": [1.5, 5.75, 2.3125, 6.5], "texture": "#2"},
				"east": {"uv": [3, 8.5, 3.1875, 9.25], "texture": "#2"},
				"south": {"uv": [5.5, 5.75, 6.3125, 6.5], "texture": "#2"},
				"west": {"uv": [3.25, 8.5, 3.4375, 9.25], "texture": "#2"},
				"up": {"uv": [9.3125, 3.5625, 8.5, 3.375], "texture": "#2"},
				"down": {"uv": [8.3125, 8.5, 7.5, 8.6875], "texture": "#2"}
			}
		},
		{
			"from": [4.75, 6.79699, 1.23054],
			"to": [11.25, 9.79699, 3.73054],
			"rotation": {"angle": 22.5, "axis": "x", "origin": [3.75, 8.79699, 2.23054]},
			"faces": {
				"north": {"uv": [7.25, 7.125, 8.0625, 7.5], "texture": "#2"},
				"east": {"uv": [7.5, 8.75, 7.8125, 9.125], "texture": "#2"},
				"south": {"uv": [7.375, 0, 8.1875, 0.375], "texture": "#2"},
				"west": {"uv": [7.875, 8.75, 8.1875, 9.125], "texture": "#2"},
				"up": {"uv": [8.4375, 8.4375, 7.625, 8.125], "texture": "#2"},
				"down": {"uv": [9.0625, 0, 8.25, 0.3125], "texture": "#2"}
			}
		},
		{
			"from": [4.745, 4.66068, 1.40969],
			"to": [11.255, 8.67068, 5.41969],
			"rotation": {"angle": -22.5, "axis": "x", "origin": [8, 5.80336, 4.33062]},
			"faces": {
				"north": {"uv": [6.375, 5.875, 7.1875, 6.375], "texture": "#2"},
				"east": {"uv": [5, 6, 5.5, 6.5], "texture": "#2"},
				"south": {"uv": [6.375, 6.375, 7.1875, 6.875], "texture": "#2"},
				"west": {"uv": [0.75, 8.125, 1.25, 8.625], "texture": "#2"},
				"up": {"uv": [1.6875, 7, 0.875, 6.5], "texture": "#2"},
				"down": {"uv": [4.6875, 6.5, 3.875, 7], "texture": "#2"}
			}
		},
		{
			"from": [4.75, 0.1364, 2.48624],
			"to": [11.25, 4.6364, 4.48624],
			"rotation": {"angle": -45, "axis": "x", "origin": [3.75, 3.6364, 3.48624]},
			"faces": {
				"north": {"uv": [0, 6.375, 0.8125, 6.9375], "texture": "#2"},
				"east": {"uv": [6.25, 8.5, 6.5, 9.0625], "texture": "#2"},
				"south": {"uv": [6.375, 5.25, 7.1875, 5.8125], "texture": "#2"},
				"west": {"uv": [6.5, 8.5, 6.75, 9.0625], "texture": "#2"},
				"up": {"uv": [9.1875, 6.25, 8.375, 6], "texture": "#2"},
				"down": {"uv": [9.1875, 6.25, 8.375, 6.5], "texture": "#2"}
			}
		},
		{
			"from": [4.755, 0.45942, 5.259],
			"to": [11.245, 1.94942, 11.249],
			"rotation": {"angle": 0, "axis": "y", "origin": [8, 1.20442, 8.254]},
			"faces": {
				"north": {"uv": [8.5, 8.125, 9.3125, 8.3125], "texture": "#2"},
				"east": {"uv": [8.625, 4.125, 9.375, 4.3125], "texture": "#2"},
				"south": {"uv": [8.375, 8.5, 9.1875, 8.6875], "texture": "#2"},
				"west": {"uv": [4.875, 8.625, 5.625, 8.8125], "texture": "#2"},
				"up": {"uv": [6.6875, 0.75, 5.875, 0], "texture": "#2"},
				"down": {"uv": [6.6875, 0.75, 5.875, 1.5], "texture": "#2"}
			}
		},
		{
			"from": [4.755, 1.35527, 3.88553],
			"to": [11.245, 4.34527, 4.87553],
			"rotation": {"angle": -22.5, "axis": "x", "origin": [8, 5.80336, 4.33062]},
			"faces": {
				"north": {"uv": [7.375, 0.375, 8.1875, 0.75], "texture": "#2"},
				"east": {"uv": [4.375, 3.25, 4.5, 3.625], "texture": "#2"},
				"south": {"uv": [7.375, 0.75, 8.1875, 1.125], "texture": "#2"},
				"west": {"uv": [5.875, 7.125, 6, 7.5], "texture": "#2"},
				"up": {"uv": [9.6875, 7.5, 8.875, 7.375], "texture": "#2"},
				"down": {"uv": [9.8125, 4.75, 9, 4.875], "texture": "#2"}
			}
		},
		{
			"from": [4.758, 3.96561, 4.54786],
			"to": [11.242, 7.44961, 6.03186],
			"rotation": {"angle": 22.5, "axis": "x", "origin": [8, 5.80336, 4.33062]},
			"faces": {
				"north": {"uv": [6.875, 4.75, 7.6875, 5.1875], "texture": "#2"},
				"east": {"uv": [9, 9, 9.1875, 9.4375], "texture": "#2"},
				"south": {"uv": [6.375, 6.875, 7.1875, 7.3125], "texture": "#2"},
				"west": {"uv": [0, 9.125, 0.1875, 9.5625], "texture": "#2"},
				"up": {"uv": [9.4375, 3.8125, 8.625, 3.625], "texture": "#2"},
				"down": {"uv": [9.4375, 3.875, 8.625, 4.0625], "texture": "#2"}
			}
		},
		{
			"from": [5, 9.70614, 9.47209],
			"to": [11, 12.20614, 11.47209],
			"rotation": {"angle": -22.5, "axis": "x", "origin": [2, 10.20614, 5.47209]},
			"faces": {
				"north": {"uv": [4.875, 8.25, 5.625, 8.5625], "texture": "#2"},
				"east": {"uv": [3.625, 6.625, 3.875, 6.9375], "texture": "#2"},
				"south": {"uv": [8.375, 1.5, 9.125, 1.8125], "texture": "#2"},
				"west": {"uv": [2.75, 6.875, 3, 7.1875], "texture": "#2"},
				"up": {"uv": [9.125, 6.75, 8.375, 6.5], "texture": "#2"},
				"down": {"uv": [9.125, 7.875, 8.375, 8.125], "texture": "#2"}
			}
		},
		{
			"from": [5.5, 11.85, 3.25],
			"to": [10.5, 14.35, 10.25],
			"rotation": {"angle": 0, "axis": "y", "origin": [1.75, 12.35, 4.25]},
			"faces": {
				"north": {"uv": [6.875, 8.375, 7.5, 8.6875], "texture": "#2"},
				"east": {"uv": [7.5, 1.625, 8.375, 1.9375], "texture": "#2"},
				"south": {"uv": [8.375, 7.5, 9, 7.8125], "texture": "#2"},
				"west": {"uv": [7.625, 3.25, 8.5, 3.5625], "texture": "#2"},
				"up": {"uv": [5, 6.5, 4.375, 5.625], "texture": "#2"},
				"down": {"uv": [3, 6, 2.375, 6.875], "texture": "#2"}
			}
		},
		{
			"from": [5.25, 8.70614, 2.97209],
			"to": [10.75, 12.20614, 4.47209],
			"rotation": {"angle": -22.5, "axis": "x", "origin": [2.25, 10.20614, -1.52791]},
			"faces": {
				"north": {"uv": [6.375, 7.375, 7.0625, 7.8125], "texture": "#2"},
				"east": {"uv": [9.125, 0, 9.3125, 0.4375], "texture": "#2"},
				"south": {"uv": [7.5, 1.125, 8.1875, 1.5625], "texture": "#2"},
				"west": {"uv": [9.125, 0.5, 9.3125, 0.9375], "texture": "#2"},
				"up": {"uv": [9.3125, 7.0625, 8.625, 6.875], "texture": "#2"},
				"down": {"uv": [2.4375, 8.75, 1.75, 8.9375], "texture": "#2"}
			}
		},
		{
			"from": [5.245, 10.5374, 3.19857],
			"to": [10.755, 12.0474, 6.20857],
			"rotation": {"angle": 0, "axis": "y", "origin": [8, 11.2924, 4.70357]},
			"faces": {
				"north": {"uv": [8.75, 2, 9.4375, 2.1875], "texture": "#2"},
				"east": {"uv": [1.125, 9.25, 1.5, 9.4375], "texture": "#2"},
				"south": {"uv": [8.75, 2.25, 9.4375, 2.4375], "texture": "#2"},
				"west": {"uv": [2.25, 9.25, 2.625, 9.4375], "texture": "#2"},
				"up": {"uv": [8.5625, 7.125, 7.875, 6.75], "texture": "#2"},
				"down": {"uv": [4.1875, 8, 3.5, 8.375], "texture": "#2"}
			}
		},
		{
			"from": [5.25, 11.65031, 7.77341],
			"to": [10.75, 13.15031, 11.27341],
			"rotation": {"angle": -22.5, "axis": "x", "origin": [2.25, 7.15031, 9.77341]},
			"faces": {
				"north": {"uv": [4.125, 8.75, 4.8125, 8.9375], "texture": "#2"},
				"east": {"uv": [9.125, 1, 9.5625, 1.1875], "texture": "#2"},
				"south": {"uv": [6.75, 8.75, 7.4375, 8.9375], "texture": "#2"},
				"west": {"uv": [9.125, 1.25, 9.5625, 1.4375], "texture": "#2"},
				"up": {"uv": [4.1875, 7.9375, 3.5, 7.5], "texture": "#2"},
				"down": {"uv": [7.8125, 7.5, 7.125, 7.9375], "texture": "#2"}
			}
		},
		{
			"from": [5.75, 4.06975, 11.99498],
			"to": [10.25, 4.81975, 20.99498],
			"rotation": {"angle": 0, "axis": "y", "origin": [3.25, 4.44475, 14.49498]},
			"faces": {
				"north": {"uv": [3, 9.25, 3.5625, 9.375], "texture": "#2"},
				"east": {"uv": [8.375, 1.875, 9.5, 2], "texture": "#2"},
				"south": {"uv": [9.25, 5.25, 9.8125, 5.375], "texture": "#2"},
				"west": {"uv": [8.5, 8.375, 9.625, 8.5], "texture": "#2"},
				"up": {"uv": [6.0625, 2.625, 5.5, 1.5], "texture": "#2"},
				"down": {"uv": [6.0625, 2.625, 5.5, 3.75], "texture": "#2"}
			}
		},
		{
			"from": [5.5, 6.05, 5.8],
			"to": [10.5, 11.05, 6.55],
			"rotation": {"angle": -22.5, "axis": "x", "origin": [2.5, 9.05, 5.8]},
			"faces": {
				"north": {"uv": [1.75, 6.5, 2.375, 7.125], "texture": "#2"},
				"east": {"uv": [4.25, 1.125, 4.375, 1.75], "texture": "#2"},
				"south": {"uv": [4.75, 6.5, 5.375, 7.125], "texture": "#2"},
				"west": {"uv": [4.375, 2.625, 4.5, 3.25], "texture": "#2"},
				"up": {"uv": [1.5, 6.5, 0.875, 6.375], "texture": "#2"},
				"down": {"uv": [9.75, 1.5, 9.125, 1.625], "texture": "#2"}
			}
		},
		{
			"from": [5.5, 7.49354, 7.30715],
			"to": [10.5, 8.24354, 15.30715],
			"rotation": {"angle": -22.5, "axis": "x", "origin": [3.5, 7.86854, 9.80715]},
			"faces": {
				"north": {"uv": [9.375, 0.75, 10, 0.8125], "texture": "#2"},
				"east": {"uv": [9.25, 8.5, 10.25, 8.5625], "texture": "#2"},
				"south": {"uv": [9.375, 0.875, 10, 0.9375], "texture": "#2"},
				"west": {"uv": [9.25, 8.625, 10.25, 8.6875], "texture": "#2"},
				"up": {"uv": [6.125, 4.75, 5.5, 3.75], "texture": "#2"},
				"down": {"uv": [6.125, 4.75, 5.5, 5.75], "texture": "#2"}
			}
		},
		{
			"from": [5.5, 9.56975, 14.74498],
			"to": [10.5, 10.31975, 23.74498],
			"rotation": {"angle": 0, "axis": "y", "origin": [3.5, 9.94475, 17.24498]},
			"faces": {
				"north": {"uv": [9.125, 1.625, 9.75, 1.75], "texture": "#2"},
				"east": {"uv": [8.625, 4.375, 9.75, 4.5], "texture": "#2"},
				"south": {"uv": [9.125, 1.75, 9.75, 1.875], "texture": "#2"},
				"west": {"uv": [8.625, 6.75, 9.75, 6.875], "texture": "#2"},
				"up": {"uv": [4.5, 4.75, 3.875, 3.625], "texture": "#2"},
				"down": {"uv": [4.875, 0, 4.25, 1.125], "texture": "#2"}
			}
		},
		{
			"from": [6, 4.75, 15.25],
			"to": [10, 10.25, 15.75],
			"rotation": {"angle": -22.5, "axis": "x", "origin": [5.5, 6.25, 16.25]},
			"faces": {
				"north": {"uv": [1.25, 7, 1.75, 7.6875], "texture": "#2"},
				"east": {"uv": [9.25, 9.25, 9.3125, 9.9375], "texture": "#2"},
				"south": {"uv": [7, 1.25, 7.5, 1.9375], "texture": "#2"},
				"west": {"uv": [9.375, 0, 9.4375, 0.6875], "texture": "#2"},
				"up": {"uv": [4.5, 9.4375, 4, 9.375], "texture": "#2"},
				"down": {"uv": [9.875, 4.125, 9.375, 4.1875], "texture": "#2"}
			}
		},
		{
			"from": [6.75, 3.79284, 14.82874],
			"to": [9.25, 6.79284, 15.32874],
			"rotation": {"angle": 45, "axis": "x", "origin": [3.75, 6.54284, 15.07874]},
			"faces": {
				"north": {"uv": [8.25, 8.75, 8.5625, 9.125], "texture": "#2"},
				"east": {"uv": [4.625, 9.375, 4.6875, 9.75], "texture": "#2"},
				"south": {"uv": [8.625, 8.75, 8.9375, 9.125], "texture": "#2"},
				"west": {"uv": [4.75, 9.375, 4.8125, 9.75], "texture": "#2"},
				"up": {"uv": [6.6875, 9.4375, 6.375, 9.375], "texture": "#2"},
				"down": {"uv": [7.0625, 9.375, 6.75, 9.4375], "texture": "#2"}
			}
		},
		{
			"from": [6.25, 9.75, 8.5],
			"to": [9.75, 10.25, 14.5],
			"rotation": {"angle": 22.5, "axis": "x", "origin": [5.25, 10.75, 13]},
			"faces": {
				"north": {"uv": [9.375, 4.25, 9.8125, 4.3125], "texture": "#2"},
				"east": {"uv": [9.25, 9, 10, 9.0625], "texture": "#2"},
				"south": {"uv": [9.375, 4.875, 9.8125, 4.9375], "texture": "#2"},
				"west": {"uv": [9.25, 9.125, 10, 9.1875], "texture": "#2"},
				"up": {"uv": [2.1875, 7.875, 1.75, 7.125], "texture": "#2"},
				"down": {"uv": [7.6875, 2.5, 7.25, 3.25], "texture": "#2"}
			}
		},
		{
			"from": [1.68716, 5.78859, 18],
			"to": [3.68716, 10.28859, 25],
			"rotation": {"angle": 22.5, "axis": "z", "origin": [2.68716, 8.03859, 22]},
			"faces": {
				"north": {"uv": [0.625, 8.625, 0.875, 9.1875], "texture": "#2"},
				"east": {"uv": [3, 0, 3.875, 0.5625], "texture": "#2"},
				"south": {"uv": [0.875, 8.625, 1.125, 9.1875], "texture": "#2"},
				"west": {"uv": [3, 6, 3.875, 6.5625], "texture": "#2"},
				"up": {"uv": [1.5, 9.25, 1.25, 8.375], "texture": "#2"},
				"down": {"uv": [1.75, 8.375, 1.5, 9.25], "texture": "#2"}
			}
		},
		{
			"from": [2.75, 3.5, 17.5],
			"to": [5.75, 10.5, 25.5],
			"rotation": {"angle": 0, "axis": "y", "origin": [0.25, 3.5, 17.5]},
			"faces": {
				"north": {"uv": [1.5, 4.875, 1.875, 5.75], "texture": "#2"},
				"east": {"uv": [1.875, 3.375, 2.875, 4.25], "texture": "#2"},
				"south": {"uv": [2.75, 7.25, 3.125, 8.125], "texture": "#2"},
				"west": {"uv": [3.375, 1.875, 4.375, 2.75], "texture": "#2"},
				"up": {"uv": [6.375, 7.5, 6, 6.5], "texture": "#2"},
				"down": {"uv": [2.75, 6.875, 2.375, 7.875], "texture": "#2"}
			}
		},
		{
			"from": [12.31284, 5.78859, 18],
			"to": [14.31284, 10.28859, 25],
			"rotation": {"angle": -22.5, "axis": "z", "origin": [13.31284, 8.03859, 22]},
			"faces": {
				"north": {"uv": [5.625, 8.625, 5.875, 9.1875], "texture": "#2"},
				"east": {"uv": [6.125, 1.5, 7, 2.0625], "texture": "#2"},
				"south": {"uv": [5.875, 8.625, 6.125, 9.1875], "texture": "#2"},
				"west": {"uv": [6.125, 2.125, 7, 2.6875], "texture": "#2"},
				"up": {"uv": [3.75, 9.25, 3.5, 8.375], "texture": "#2"},
				"down": {"uv": [8.625, 3.625, 8.375, 4.5], "texture": "#2"}
			}
		},
		{
			"from": [10.25, 3.5, 17.5],
			"to": [13.25, 10.5, 25.5],
			"rotation": {"angle": 0, "axis": "y", "origin": [15.75, 3.5, 17.5]},
			"faces": {
				"north": {"uv": [3.125, 7.25, 3.5, 8.125], "texture": "#2"},
				"east": {"uv": [3.375, 2.75, 4.375, 3.625], "texture": "#2"},
				"south": {"uv": [7.25, 3.25, 7.625, 4.125], "texture": "#2"},
				"west": {"uv": [2.875, 3.625, 3.875, 4.5], "texture": "#2"},
				"up": {"uv": [7.25, 3.75, 6.875, 2.75], "texture": "#2"},
				"down": {"uv": [7.25, 3.75, 6.875, 4.75], "texture": "#2"}
			}
		},
		{
			"from": [5, 2, 5.75],
			"to": [11, 7, 10.75],
			"rotation": {"angle": -22.5, "axis": "x", "origin": [0.5, 4, 8.75]},
			"faces": {
				"north": {"uv": [6.125, 2.75, 6.875, 3.375], "texture": "#2"},
				"east": {"uv": [5.375, 6.5, 6, 7.125], "texture": "#2"},
				"south": {"uv": [6.125, 3.375, 6.875, 4], "texture": "#2"},
				"west": {"uv": [3, 6.625, 3.625, 7.25], "texture": "#2"},
				"up": {"uv": [6.875, 4.625, 6.125, 4], "texture": "#2"},
				"down": {"uv": [6.875, 4.625, 6.125, 5.25], "texture": "#2"}
			}
		},
		{
			"from": [5.25, 2.75, 8.75],
			"to": [10.75, 6.75, 12.75],
			"rotation": {"angle": 0, "axis": "y", "origin": [0.25, 3.75, 10.75]},
			"faces": {
				"north": {"uv": [7, 2, 7.6875, 2.5], "texture": "#2"},
				"east": {"uv": [5.75, 8.125, 6.25, 8.625], "texture": "#2"},
				"south": {"uv": [3.625, 7, 4.3125, 7.5], "texture": "#2"},
				"west": {"uv": [8.25, 0.375, 8.75, 0.875], "texture": "#2"},
				"up": {"uv": [5.0625, 7.625, 4.375, 7.125], "texture": "#2"},
				"down": {"uv": [5.8125, 7.125, 5.125, 7.625], "texture": "#2"}
			}
		},
		{
			"from": [5.5, 1.25, 9],
			"to": [10.5, 3.25, 14],
			"rotation": {"angle": 0, "axis": "y", "origin": [2.5, 1.25, 10]},
			"faces": {
				"north": {"uv": [0, 8.5, 0.625, 8.75], "texture": "#2"},
				"east": {"uv": [1.75, 8.5, 2.375, 8.75], "texture": "#2"},
				"south": {"uv": [2.375, 8.5, 3, 8.75], "texture": "#2"},
				"west": {"uv": [8.5, 3.125, 9.125, 3.375], "texture": "#2"},
				"up": {"uv": [7.375, 0.625, 6.75, 0], "texture": "#2"},
				"down": {"uv": [7.375, 0.625, 6.75, 1.25], "texture": "#2"}
			}
		},
		{
			"from": [6.75, 8.75, 6],
			"to": [9.25, 10.75, 10],
			"rotation": {"angle": 22.5, "axis": "x", "origin": [3.75, 7.75, 8]},
			"faces": {
				"north": {"uv": [9.125, 2.5, 9.4375, 2.75], "texture": "#2"},
				"east": {"uv": [3.875, 6.25, 4.375, 6.5], "texture": "#2"},
				"south": {"uv": [9.125, 2.75, 9.4375, 3], "texture": "#2"},
				"west": {"uv": [2.5, 8.75, 3, 9], "texture": "#2"},
				"up": {"uv": [4.1875, 0.5, 3.875, 0], "texture": "#2"},
				"down": {"uv": [4.0625, 8.375, 3.75, 8.875], "texture": "#2"}
			}
		},
		{
			"from": [6.25, 6.75, 7],
			"to": [9.75, 8.75, 9],
			"rotation": {"angle": 22.5, "axis": "x", "origin": [3.25, 7.75, 8]},
			"faces": {
				"north": {"uv": [8.875, 7.125, 9.3125, 7.375], "texture": "#2"},
				"east": {"uv": [7, 2.5, 7.25, 2.75], "texture": "#2"},
				"south": {"uv": [2.25, 9, 2.6875, 9.25], "texture": "#2"},
				"west": {"uv": [1.5, 9.25, 1.75, 9.5], "texture": "#2"},
				"up": {"uv": [4.4375, 9.25, 4, 9], "texture": "#2"},
				"down": {"uv": [9.4375, 4.5, 9, 4.75], "texture": "#2"}
			}
		},
		{
			"from": [7, 3.48359, 11.90381],
			"to": [9, 5.48359, 15.90381],
			"rotation": {"angle": -22.5, "axis": "x", "origin": [8.25, 4.48359, 13.90381]},
			"faces": {
				"north": {"uv": [1.25, 1.875, 1.5, 2.125], "texture": "#2"},
				"east": {"uv": [2.875, 3.375, 3.375, 3.625], "texture": "#2"},
				"south": {"uv": [6.75, 1.25, 7, 1.5], "texture": "#2"},
				"west": {"uv": [2.375, 5.75, 2.875, 6], "texture": "#2"},
				"up": {"uv": [6.375, 5.75, 6.125, 5.25], "texture": "#2"},
				"down": {"uv": [7.875, 3.625, 7.625, 4.125], "texture": "#2"}
			}
		},
		{
			"from": [7.255, 8.28855, 10.43883],
			"to": [8.745, 9.02855, 12.42883],
			"rotation": {"angle": 22.5, "axis": "x", "origin": [8, 8.65855, 11.43383]},
			"faces": {
				"north": {"uv": [8.25, 3.125, 8.4375, 3.25], "texture": "#2"},
				"east": {"uv": [6.875, 7.875, 7.125, 8], "texture": "#2"},
				"south": {"uv": [9.375, 5, 9.5625, 5.125], "texture": "#2"},
				"west": {"uv": [7.625, 8, 7.875, 8.125], "texture": "#2"},
				"up": {"uv": [7.5625, 9.5, 7.375, 9.25], "texture": "#2"},
				"down": {"uv": [7.8125, 9.25, 7.625, 9.5], "texture": "#2"}
			}
		},
		{
			"from": [7.25, 4.55494, 12.16245],
			"to": [8.75, 8.55494, 12.91245],
			"rotation": {"angle": -22.5, "axis": "x", "origin": [2.25, 7.55494, 12.53745]},
			"faces": {
				"north": {"uv": [2.75, 9, 2.9375, 9.5], "texture": "#2"},
				"east": {"uv": [4.875, 2.125, 5, 2.625], "texture": "#2"},
				"south": {"uv": [9, 5.25, 9.1875, 5.75], "texture": "#2"},
				"west": {"uv": [5.75, 7.625, 5.875, 8.125], "texture": "#2"},
				"up": {"uv": [9.5625, 5.25, 9.375, 5.125], "texture": "#2"},
				"down": {"uv": [5.8125, 9.375, 5.625, 9.5], "texture": "#2"}
			}
		},
		{
			"from": [4.875, -1, -7],
			"to": [5.875, 4, -6],
			"rotation": {"angle": 45, "axis": "x", "origin": [0.625, 1, 1]},
			"faces": {
				"north": {"uv": [4.375, 4.75, 4.5, 5.375], "texture": "#2"},
				"east": {"uv": [4.875, 1.5, 5, 2.125], "texture": "#2"},
				"south": {"uv": [2.25, 7.125, 2.375, 7.75], "texture": "#2"},
				"west": {"uv": [1.125, 8.625, 1.25, 9.25], "texture": "#2"},
				"up": {"uv": [4.375, 1.875, 4.25, 1.75], "texture": "#2"},
				"down": {"uv": [7.5, 1.125, 7.375, 1.25], "texture": "#2"}
			}
		},
		{
			"from": [5.25, 3.74264, -6.86396],
			"to": [10.75, 6.74264, -3.86396],
			"rotation": {"angle": 45, "axis": "x", "origin": [5.25, 5.24264, -5.36396]},
			"faces": {
				"north": {"uv": [6.875, 8, 7.5625, 8.375], "texture": "#2"},
				"east": {"uv": [8.75, 0.75, 9.125, 1.125], "texture": "#2"},
				"south": {"uv": [0, 8.125, 0.6875, 8.5], "texture": "#2"},
				"west": {"uv": [8.75, 1.125, 9.125, 1.5], "texture": "#2"},
				"up": {"uv": [3.4375, 8.5, 2.75, 8.125], "texture": "#2"},
				"down": {"uv": [8.8125, 7.125, 8.125, 7.5], "texture": "#2"}
			}
		},
		{
			"from": [10.125, -1, -7],
			"to": [11.125, 4, -6],
			"rotation": {"angle": 45, "axis": "x", "origin": [14.625, 1, 1]},
			"faces": {
				"north": {"uv": [0.25, 9.125, 0.375, 9.75], "texture": "#2"},
				"east": {"uv": [8.75, 9.125, 8.875, 9.75], "texture": "#2"},
				"south": {"uv": [8.875, 9.125, 9, 9.75], "texture": "#2"},
				"west": {"uv": [1, 9.25, 1.125, 9.875], "texture": "#2"},
				"up": {"uv": [7.25, 7.5, 7.125, 7.375], "texture": "#2"},
				"down": {"uv": [4.375, 7.5, 4.25, 7.625], "texture": "#2"}
			}
		},
		{
			"from": [4.625, 4, -7.25],
			"to": [6.125, 9, -5.75],
			"rotation": {"angle": 45, "axis": "x", "origin": [0.625, 1, 1]},
			"faces": {
				"north": {"uv": [0.375, 8.75, 0.5625, 9.375], "texture": "#2"},
				"east": {"uv": [8.875, 2.5, 9.0625, 3.125], "texture": "#2"},
				"south": {"uv": [3.75, 8.875, 3.9375, 9.5], "texture": "#2"},
				"west": {"uv": [4.875, 8.875, 5.0625, 9.5], "texture": "#2"},
				"up": {"uv": [0.5625, 9.5625, 0.375, 9.375], "texture": "#2"},
				"down": {"uv": [9.5625, 3.125, 9.375, 3.3125], "texture": "#2"}
			}
		},
		{
			"from": [9.875, 4, -7.25],
			"to": [11.375, 9, -5.75],
			"rotation": {"angle": 45, "axis": "x", "origin": [14.625, 1, 1]},
			"faces": {
				"north": {"uv": [5.125, 8.875, 5.3125, 9.5], "texture": "#2"},
				"east": {"uv": [5.375, 8.875, 5.5625, 9.5], "texture": "#2"},
				"south": {"uv": [1.75, 9, 1.9375, 9.625], "texture": "#2"},
				"west": {"uv": [2, 9, 2.1875, 9.625], "texture": "#2"},
				"up": {"uv": [3.5625, 9.5625, 3.375, 9.375], "texture": "#2"},
				"down": {"uv": [9.5625, 3.375, 9.375, 3.5625], "texture": "#2"}
			}
		},
		{
			"from": [5.75, 9.5, -4],
			"to": [10.25, 14, -0.5],
			"rotation": {"angle": 22.5, "axis": "x", "origin": [3.75, 1, 1]},
			"faces": {
				"north": {"uv": [7.25, 4.125, 7.8125, 4.6875], "texture": "#2"},
				"east": {"uv": [8.25, 0.875, 8.6875, 1.4375], "texture": "#2"},
				"south": {"uv": [7.25, 5.25, 7.8125, 5.8125], "texture": "#2"},
				"west": {"uv": [8.25, 2, 8.6875, 2.5625], "texture": "#2"},
				"up": {"uv": [8.8125, 3.0625, 8.25, 2.625], "texture": "#2"},
				"down": {"uv": [4.8125, 8.25, 4.25, 8.6875], "texture": "#2"}
			}
		},
		{
			"from": [5.75, 14.4, 6.25],
			"to": [10.25, 15.4, 10.25],
			"rotation": {"angle": 22.5, "axis": "x", "origin": [2.75, 0.15, 0]},
			"faces": {
				"north": {"uv": [9.25, 5.375, 9.8125, 5.5], "texture": "#2"},
				"east": {"uv": [4, 9.25, 4.5, 9.375], "texture": "#2"},
				"south": {"uv": [9.25, 5.5, 9.8125, 5.625], "texture": "#2"},
				"west": {"uv": [5.625, 9.25, 6.125, 9.375], "texture": "#2"},
				"up": {"uv": [0.5625, 8.125, 0, 7.625], "texture": "#2"},
				"down": {"uv": [1.1875, 7.625, 0.625, 8.125], "texture": "#2"}
			}
		},
		{
			"from": [5.75, 10.12008, 14.57942],
			"to": [10.25, 11.12008, 19.07942],
			"rotation": {"angle": -22.5, "axis": "x", "origin": [3.75, 10.62008, 16.57942]},
			"faces": {
				"north": {"uv": [9.25, 5.625, 9.8125, 5.75], "texture": "#2"},
				"east": {"uv": [9.25, 6, 9.8125, 6.125], "texture": "#2"},
				"south": {"uv": [9.25, 6.125, 9.8125, 6.25], "texture": "#2"},
				"west": {"uv": [9.25, 6.25, 9.8125, 6.375], "texture": "#2"},
				"up": {"uv": [7.8125, 6.4375, 7.25, 5.875], "texture": "#2"},
				"down": {"uv": [7.8125, 6.5, 7.25, 7.0625], "texture": "#2"}
			}
		},
		{
			"from": [5.75, 10.44565, 20.41977],
			"to": [10.25, 11.44565, 24.41977],
			"rotation": {"angle": 0, "axis": "y", "origin": [8, 11.66792, 24.03849]},
			"faces": {
				"north": {"uv": [9.25, 5.375, 9.8125, 5.5], "texture": "#2"},
				"east": {"uv": [4, 9.25, 4.5, 9.375], "texture": "#2"},
				"south": {"uv": [9.25, 5.5, 9.8125, 5.625], "texture": "#2"},
				"west": {"uv": [5.625, 9.25, 6.125, 9.375], "texture": "#2"},
				"up": {"uv": [0.5625, 8.125, 0, 7.625], "texture": "#2"},
				"down": {"uv": [1.1875, 7.625, 0.625, 8.125], "texture": "#2"}
			}
		},
		{
			"from": [5.75, 10.53403, 23.44382],
			"to": [10.25, 11.53403, 27.94382],
			"rotation": {"angle": -45, "axis": "x", "origin": [8, 11.66792, 24.03849]},
			"faces": {
				"north": {"uv": [9.25, 5.625, 9.8125, 5.75], "texture": "#2"},
				"east": {"uv": [9.25, 6, 9.8125, 6.125], "texture": "#2"},
				"south": {"uv": [9.25, 6.125, 9.8125, 6.25], "texture": "#2"},
				"west": {"uv": [9.25, 6.25, 9.8125, 6.375], "texture": "#2"},
				"up": {"uv": [7.8125, 6.4375, 7.25, 5.875], "texture": "#2"},
				"down": {"uv": [7.8125, 6.5, 7.25, 7.0625], "texture": "#2"}
			}
		},
		{
			"from": [6.75, 11.25, -1.25],
			"to": [9.25, 13.75, 0.75],
			"rotation": {"angle": 22.5, "axis": "x", "origin": [2.75, 12.75, 1]},
			"faces": {
				"north": {"uv": [4.5, 9, 4.8125, 9.3125], "texture": "#2"},
				"east": {"uv": [9.125, 3, 9.375, 3.3125], "texture": "#2"},
				"south": {"uv": [9, 4.875, 9.3125, 5.1875], "texture": "#2"},
				"west": {"uv": [6.125, 9.125, 6.375, 9.4375], "texture": "#2"},
				"up": {"uv": [6.6875, 9.375, 6.375, 9.125], "texture": "#2"},
				"down": {"uv": [9.4375, 6.5, 9.125, 6.75], "texture": "#2"}
			}
		},
		{
			"from": [5.75, 7.75, 3.25],
			"to": [10.25, 10.75, 6.25],
			"rotation": {"angle": 0, "axis": "y", "origin": [-0.25, 0, 0]},
			"faces": {
				"north": {"uv": [8.375, 4.5, 8.9375, 4.875], "texture": "#2"},
				"east": {"uv": [0, 8.75, 0.375, 9.125], "texture": "#2"},
				"south": {"uv": [8.375, 4.875, 8.9375, 5.25], "texture": "#2"},
				"west": {"uv": [8.75, 0.375, 9.125, 0.75], "texture": "#2"},
				"up": {"uv": [8.9375, 5.625, 8.375, 5.25], "texture": "#2"},
				"down": {"uv": [8.9375, 5.625, 8.375, 6], "texture": "#2"}
			}
		},
		{
			"from": [5.75, 16, 2.25],
			"to": [10.25, 17, 7.25],
			"rotation": {"angle": -22.5, "axis": "x", "origin": [8, 16.5, 4.75]},
			"faces": {
				"north": {"uv": [9.25, 6.375, 9.8125, 6.5], "texture": "#2"},
				"east": {"uv": [6.75, 9.125, 7.375, 9.25], "texture": "#2"},
				"south": {"uv": [6.75, 9.25, 7.3125, 9.375], "texture": "#2"},
				"west": {"uv": [7.375, 9.125, 8, 9.25], "texture": "#2"},
				"up": {"uv": [0.5625, 7.625, 0, 7], "texture": "#2"},
				"down": {"uv": [1.1875, 7, 0.625, 7.625], "texture": "#2"}
			}
		},
		{
			"from": [6.755, 14.005, 4.005],
			"to": [9.245, 15.995, 4.995],
			"rotation": {"angle": 0, "axis": "y", "origin": [8, 15, 4.5]},
			"faces": {
				"north": {"uv": [9.125, 7.875, 9.4375, 8.125], "texture": "#2"},
				"east": {"uv": [4.375, 5.375, 4.5, 5.625], "texture": "#2"},
				"south": {"uv": [8, 9.125, 8.3125, 9.375], "texture": "#2"},
				"west": {"uv": [3.5, 7.25, 3.625, 7.5], "texture": "#2"},
				"up": {"uv": [4.1875, 0.625, 3.875, 0.5], "texture": "#2"},
				"down": {"uv": [4.6875, 7, 4.375, 7.125], "texture": "#2"}
			}
		},
		{
			"from": [6.75, 14, 4],
			"to": [9.25, 16, 5],
			"rotation": {"angle": -22.5, "axis": "x", "origin": [3.75, 16.5, 4.75]},
			"faces": {
				"north": {"uv": [8.375, 9.125, 8.6875, 9.375], "texture": "#2"},
				"east": {"uv": [6.75, 8.5, 6.875, 8.75], "texture": "#2"},
				"south": {"uv": [0.625, 9.25, 0.9375, 9.5], "texture": "#2"},
				"west": {"uv": [4.5, 9.375, 4.625, 9.625], "texture": "#2"},
				"up": {"uv": [3.3125, 9.5, 3, 9.375], "texture": "#2"},
				"down": {"uv": [9.6875, 3, 9.375, 3.125], "texture": "#2"}
			}
		},
		{
			"name": "octagon",
			"from": [6.255, -6.84944, -7.61416],
			"to": [9.745, -1.88888, 4.37584],
			"rotation": {"angle": 45, "axis": "x", "origin": [8, 5, 7.75]},
			"faces": {
				"north": {"uv": [5.875, 7.5, 6.3125, 8.125], "texture": "#2"},
				"east": {"uv": [0, 0, 1.5, 0.625], "texture": "#2"},
				"south": {"uv": [4.25, 7.625, 4.6875, 8.25], "texture": "#2"},
				"west": {"uv": [0, 0.625, 1.5, 1.25], "texture": "#2"}
			}
		},
		{
			"name": "octagon",
			"from": [6.25, 2.51472, -11.5],
			"to": [9.75, 7.48528, 0.5],
			"rotation": {"angle": 0, "axis": "y", "origin": [10.25, 5, -5.5]},
			"faces": {
				"north": {"uv": [4.75, 7.625, 5.1875, 8.25], "texture": "#2"},
				"east": {"uv": [0, 1.25, 1.5, 1.875], "texture": "#2"},
				"south": {"uv": [5.25, 7.625, 5.6875, 8.25], "texture": "#2"},
				"west": {"uv": [1.5, 0, 3, 0.625], "texture": "#2"}
			}
		},
		{
			"name": "octagon",
			"from": [6.255, -10.36416, -4.09944],
			"to": [9.745, 1.62584, 0.86112],
			"rotation": {"angle": 45, "axis": "x", "origin": [8, 5, 7.75]},
			"faces": {
				"east": {"uv": [1.5, 0.625, 2.125, 2.125], "texture": "#2"},
				"west": {"uv": [0, 1.875, 0.625, 3.375], "texture": "#2"},
				"up": {"uv": [1.6875, 8.375, 1.25, 7.75], "texture": "#2"},
				"down": {"uv": [8.1875, 2, 7.75, 2.625], "texture": "#2"}
			}
		},
		{
			"name": "octagon",
			"from": [6.245, -1.005, -7.99028],
			"to": [9.755, 11.005, -3.00972],
			"rotation": {"angle": 0, "axis": "y", "origin": [8, 5, 7.75]},
			"faces": {
				"east": {"uv": [0.625, 1.875, 1.25, 3.375], "texture": "#2"},
				"west": {"uv": [2.125, 0.625, 2.75, 2.125], "texture": "#2"},
				"up": {"uv": [8.1875, 3.25, 7.75, 2.625], "texture": "#2"},
				"down": {"uv": [2.1875, 7.875, 1.75, 8.5], "texture": "#2"}
			}
		},
		{
			"name": "octagon",
			"from": [6.255, -6.84944, 19.13584],
			"to": [9.745, -1.88888, 31.12584],
			"rotation": {"angle": 45, "axis": "x", "origin": [8, 5, 34.5]},
			"faces": {
				"north": {"uv": [5.875, 7.5, 6.3125, 8.125], "texture": "#2"},
				"east": {"uv": [0, 0, 1.5, 0.625], "texture": "#2"},
				"south": {"uv": [4.25, 7.625, 4.6875, 8.25], "texture": "#2"},
				"west": {"uv": [0, 0.625, 1.5, 1.25], "texture": "#2"}
			}
		},
		{
			"name": "octagon",
			"from": [6.25, 2.51472, 15.25],
			"to": [9.75, 7.48528, 27.25],
			"rotation": {"angle": 0, "axis": "y", "origin": [10.25, 5, 21.25]},
			"faces": {
				"north": {"uv": [4.75, 7.625, 5.1875, 8.25], "texture": "#2"},
				"east": {"uv": [0, 1.25, 1.5, 1.875], "texture": "#2"},
				"south": {"uv": [5.25, 7.625, 5.6875, 8.25], "texture": "#2"},
				"west": {"uv": [1.5, 0, 3, 0.625], "texture": "#2"}
			}
		},
		{
			"name": "octagon",
			"from": [6.255, -10.36416, 22.65056],
			"to": [9.745, 1.62584, 27.61112],
			"rotation": {"angle": 45, "axis": "x", "origin": [8, 5, 34.5]},
			"faces": {
				"east": {"uv": [1.5, 0.625, 2.125, 2.125], "texture": "#2"},
				"west": {"uv": [0, 1.875, 0.625, 3.375], "texture": "#2"},
				"up": {"uv": [1.6875, 8.375, 1.25, 7.75], "texture": "#2"},
				"down": {"uv": [8.1875, 2, 7.75, 2.625], "texture": "#2"}
			}
		},
		{
			"name": "octagon",
			"from": [6.245, -1.005, 18.75972],
			"to": [9.755, 11.005, 23.74028],
			"rotation": {"angle": 0, "axis": "y", "origin": [8, 5, 34.5]},
			"faces": {
				"east": {"uv": [0.625, 1.875, 1.25, 3.375], "texture": "#2"},
				"west": {"uv": [2.125, 0.625, 2.75, 2.125], "texture": "#2"},
				"up": {"uv": [8.1875, 3.25, 7.75, 2.625], "texture": "#2"},
				"down": {"uv": [2.1875, 7.875, 1.75, 8.5], "texture": "#2"}
			}
		},
		{
			"from": [1.25, 14.25, 4.5],
			"to": [7.25, 15.25, 5.5],
			"rotation": {"angle": 22.5, "axis": "y", "origin": [6.25, 14.75, 5]},
			"faces": {
				"north": {"uv": [9, 5.75, 9.75, 5.875], "texture": "#2"},
				"east": {"uv": [2.25, 7.75, 2.375, 7.875], "texture": "#2"},
				"south": {"uv": [9, 5.875, 9.75, 6], "texture": "#2"},
				"west": {"uv": [7.75, 5.125, 7.875, 5.25], "texture": "#2"},
				"up": {"uv": [7.5, 9.125, 6.75, 9], "texture": "#2"},
				"down": {"uv": [9.75, 7.5, 9, 7.625], "texture": "#2"}
			}
		},
		{
			"from": [1.01852, 14.36522, 6.45148],
			"to": [2.01852, 17.36522, 7.45148],
			"rotation": {"angle": 22.5, "axis": "z", "origin": [1.51852, 15.36522, 6.95148]},
			"faces": {
				"north": {"uv": [7.75, 4.75, 7.875, 5.125], "texture": "#2"},
				"east": {"uv": [6.25, 8.125, 6.375, 8.5], "texture": "#2"},
				"south": {"uv": [5.625, 8.25, 5.75, 8.625], "texture": "#2"},
				"west": {"uv": [4.125, 8.375, 4.25, 8.75], "texture": "#2"},
				"up": {"uv": [0.75, 8.625, 0.625, 8.5], "texture": "#2"},
				"down": {"uv": [8.875, 2.5, 8.75, 2.625], "texture": "#2"}
			}
		},
		{
			"from": [13.98148, 14.36522, 6.45148],
			"to": [14.98148, 17.36522, 7.45148],
			"rotation": {"angle": -22.5, "axis": "z", "origin": [14.48148, 15.36522, 6.95148]},
			"faces": {
				"north": {"uv": [6.125, 8.625, 6.25, 9], "texture": "#2"},
				"east": {"uv": [2.625, 9.25, 2.75, 9.625], "texture": "#2"},
				"south": {"uv": [3.625, 9.25, 3.75, 9.625], "texture": "#2"},
				"west": {"uv": [7.875, 9.25, 8, 9.625], "texture": "#2"},
				"up": {"uv": [4.125, 9, 4, 8.875], "texture": "#2"},
				"down": {"uv": [6.25, 9, 6.125, 9.125], "texture": "#2"}
			}
		},
		{
			"from": [8.75, 14.25, 4.5],
			"to": [14.75, 15.25, 5.5],
			"rotation": {"angle": -22.5, "axis": "y", "origin": [9.75, 14.75, 5]},
			"faces": {
				"north": {"uv": [9, 7.625, 9.75, 7.75], "texture": "#2"},
				"east": {"uv": [8.25, 1.5, 8.375, 1.625], "texture": "#2"},
				"south": {"uv": [9, 7.75, 9.75, 7.875], "texture": "#2"},
				"west": {"uv": [7.5, 8.375, 7.625, 8.5], "texture": "#2"},
				"up": {"uv": [9.75, 8.875, 9, 8.75], "texture": "#2"},
				"down": {"uv": [9.75, 8.875, 9, 9], "texture": "#2"}
			}
		}
	],
	"display": {
		"thirdperson": {
			"rotation": [0, 80, 180],
			"translation": [0, 0, -2],
			"scale": [0.3, 0.3, 0.255]
		},
		"firstperson": {
			"rotation": [0, 0, 0],
			"translation": [0, 2.8, 0],
			"scale": [0.7, 0.7, 0.7]
		},
		"ground": {
			"translation": [0, 0, 0],
			"scale": [1.5, 1.5, 1.28]
		},
		"gui": {
			"rotation": [0, -180, 0],
			"translation": [0, 0.7, 0],
			"scale": [0.72, 0.75, 0.72]
		},
		"head": {
			"rotation": [0, 0, 0],
			"translation": [0, -1.2, -7],
			"scale": [2.1, 2.1, 2.1]
		}
	},
	"groups": [
		{
			"name": "group",
			"origin": [3.75, 6.1364, 5.23624],
			"color": 0,
			"children": [0, 1, 2, 3, 4, 5, 6]
		},
		{
			"name": "group",
			"origin": [2.25, 7.15031, 9.77341],
			"color": 0,
			"children": [7, 8, 9, 10, 11]
		},
		{
			"name": "group",
			"origin": [0.75, 9.94475, 17.24498],
			"color": 0,
			"children": [12, 13, 14, 15]
		},
		{
			"name": "group",
			"origin": [0.75, 10.75, 13],
			"color": 0,
			"children": [16, 17, 18]
		},
		{
			"name": "group",
			"origin": [-0.25, 3.5, 17.5],
			"color": 0,
			"children": [19, 20, 21, 22]
		},
		23,
		24,
		25,
		26,
		27,
		28,
		29,
		30,
		31,
		32,
		33,
		34,
		35,
		36,
		37,
		38,
		39,
		40,
		41,
		42,
		43,
		44,
		45,
		{
			"name": "octagon",
			"origin": [10.25, 8, 8],
			"color": 11,
			"children": [46, 47, 48, 49]
		},
		{
			"name": "octagon",
			"origin": [10.25, 8, 8],
			"color": 11,
			"children": [50, 51, 52, 53]
		},
		54,
		55,
		56,
		57
	]
}