{
	"credit": "Made with Blockbench",
	"texture_size": [128, 128],
	"textures": {
		"0": "blocks/parachute",
		"particle": "blocks/parachute"
	},
	"elements": [
		{
			"from": [-5, 22, 1.5],
			"to": [21, 25, 14.5],
			"rotation": {"angle": 0, "axis": "y", "origin": [-3, 22, 1.5]},
			"faces": {
				"north": {"uv": [4.5, 7.625, 7.75, 8], "texture": "#0"},
				"east": {"uv": [2, 8, 3.625, 8.375], "texture": "#0"},
				"south": {"uv": [7.75, 0, 11, 0.375], "texture": "#0"},
				"west": {"uv": [3.625, 8, 5.25, 8.375], "texture": "#0"},
				"up": {"uv": [7.75, 1.625, 4.5, 0], "texture": "#0"},
				"down": {"uv": [7.75, 0, 4.5, 1.625], "texture": "#0"}
			}
		},
		{
			"from": [-3.5, 21, -5.25],
			"to": [19.5, 24, 1.75],
			"rotation": {"angle": -22.5, "axis": "x", "origin": [-2.5, 22.5, -0.25]},
			"faces": {
				"north": {"uv": [7.75, 1.125, 10.625, 1.5], "texture": "#0"},
				"east": {"uv": [3.75, 8.375, 4.625, 8.75], "texture": "#0"},
				"south": {"uv": [7.75, 1.5, 10.625, 1.875], "texture": "#0"},
				"west": {"uv": [4.625, 8.375, 5.5, 8.75], "texture": "#0"},
				"up": {"uv": [9.375, 5.875, 6.5, 5], "texture": "#0"},
				"down": {"uv": [9.375, 5, 6.5, 5.875], "texture": "#0"}
			}
		},
		{
			"from": [-2, 17.25, -11],
			"to": [18, 20.25, -4],
			"rotation": {"angle": -45, "axis": "x", "origin": [-1, 18.75, -6]},
			"faces": {
				"north": {"uv": [7.75, 2.625, 10.25, 3], "texture": "#0"},
				"east": {"uv": [2, 8.375, 2.875, 8.75], "texture": "#0"},
				"south": {"uv": [7.75, 7.625, 10.25, 8], "texture": "#0"},
				"west": {"uv": [2.875, 8.375, 3.75, 8.75], "texture": "#0"},
				"up": {"uv": [9.5, 7.625, 7, 6.75], "texture": "#0"},
				"down": {"uv": [9.5, 6.75, 7, 7.625], "texture": "#0"}
			}
		},
		{
			"from": [-3.5, 21, 14.25],
			"to": [19.5, 24, 21.25],
			"rotation": {"angle": 22.5, "axis": "x", "origin": [-2.5, 22.5, 16.25]},
			"faces": {
				"north": {"uv": [10.625, 1.5, 7.75, 1.875], "texture": "#0"},
				"east": {"uv": [4.625, 8.375, 3.75, 8.75], "texture": "#0"},
				"south": {"uv": [10.625, 1.125, 7.75, 1.5], "texture": "#0"},
				"west": {"uv": [5.5, 8.375, 4.625, 8.75], "texture": "#0"},
				"up": {"uv": [9.375, 5, 6.5, 5.875], "texture": "#0"},
				"down": {"uv": [9.375, 5.875, 6.5, 5], "texture": "#0"}
			}
		},
		{
			"from": [-2, 17.25, 20],
			"to": [18, 20.25, 27],
			"rotation": {"angle": 45, "axis": "x", "origin": [-1, 18.75, 22]},
			"faces": {
				"north": {"uv": [10.25, 7.625, 7.75, 8], "texture": "#0"},
				"east": {"uv": [2.875, 8.375, 2, 8.75], "texture": "#0"},
				"south": {"uv": [10.25, 2.625, 7.75, 3], "texture": "#0"},
				"west": {"uv": [3.75, 8.375, 2.875, 8.75], "texture": "#0"},
				"up": {"uv": [9.5, 6.75, 7, 7.625], "texture": "#0"},
				"down": {"uv": [9.5, 7.625, 7, 6.75], "texture": "#0"}
			}
		},
		{
			"from": [14, -4, 4],
			"to": [14, 24, 12],
			"rotation": {"angle": -22.5, "axis": "z", "origin": [14, 9, 8]},
			"faces": {
				"east": {"uv": [4.5, 3.25, 5.5, 6.75], "texture": "#0"},
				"west": {"uv": [5.5, 3.25, 4.5, 6.75], "texture": "#0"}
			}
		},
		{
			"from": [2, -4, 4],
			"to": [2, 24, 12],
			"rotation": {"angle": 22.5, "axis": "z", "origin": [2, 9, 8]},
			"faces": {
				"east": {"uv": [4.5, 3.25, 5.5, 6.75], "texture": "#0"},
				"west": {"uv": [5.5, 3.25, 4.5, 6.75], "texture": "#0"}
			}
		},
		{
			"from": [-1, -8, -4],
			"to": [17, 17, -4],
			"rotation": {"angle": -45, "axis": "x", "origin": [8, 10, -4]},
			"faces": {
				"north": {"uv": [4.5, 3.125, 2.25, 6.25], "texture": "#0"},
				"east": {"uv": [0, 0, 0, 3.125], "texture": "#0"},
				"south": {"uv": [2.25, 3.125, 4.5, 6.25], "texture": "#0"},
				"west": {"uv": [0, 0, 0, 3.125], "texture": "#0"},
				"up": {"uv": [2.25, 0, 0, 0], "texture": "#0"},
				"down": {"uv": [2.25, 0, 0, 0], "texture": "#0"}
			}
		},
		{
			"from": [-1, -8, 20],
			"to": [17, 17, 20],
			"rotation": {"angle": 45, "axis": "x", "origin": [8, 10, 20]},
			"faces": {
				"north": {"uv": [4.5, 3.125, 2.25, 6.25], "texture": "#0"},
				"east": {"uv": [0, 0, 0, 3.125], "texture": "#0"},
				"south": {"uv": [2.25, 3.125, 4.5, 6.25], "texture": "#0"},
				"west": {"uv": [0, 0, 0, 3.125], "texture": "#0"},
				"up": {"uv": [2.25, 0, 0, 0], "texture": "#0"},
				"down": {"uv": [2.25, 0, 0, 0], "texture": "#0"}
			}
		}
	],
	"display": {
		"thirdperson": {
			"translation": [0, 2.5, 0],
			"scale": [0.375, 0.375, 0.375]
		},
		"firstperson": {
			"translation": [0, 3, 0]
		},
		"ground": {
			"translation": [0, 3, 0],
			"scale": [1.5, 1.5, 1.5]
		},
		"gui": {
			"rotation": [30, 225, 0],
			"translation": [1.5, -1.5, 0],
			"scale": [0.625, 0.625, 0.625]
		},
		"head": {
			"rotation": [0, -90, 0],
			"translation": [0, 16.25, 0],
			"scale": [3, 3, 3]
		},
		"fixed": {
			"scale": [0.5, 0.5, 0.5]
		}
	},
	"groups": [
		0,
		1,
		2,
		3,
		4,
		{
			"name": "group",
			"origin": [8, 10, -4],
			"color": 0,
			"children": [5, 6, 7, 8]
		}
	]
}