{
	"credit": "Made with Blockbench",
	"texture_size": [64, 64],
	"textures": {
		"0": "weapons/flare_pistol",
		"particle": "weapons/flare_pistol"
	},
	"elements": [
		{
			"from": [6.5, 11.7, -2],
			"to": [9.5, 14.7, 9],
			"rotation": {"angle": 0, "axis": "y", "origin": [6.5, 11.7, 0]},
			"faces": {
				"north": {"uv": [0.75, 6.25, 1.5, 7], "texture": "#0"},
				"east": {"uv": [0, 1.5, 2.75, 2.25], "texture": "#0"},
				"west": {"uv": [0, 2.25, 2.75, 3], "texture": "#0"},
				"up": {"uv": [3.5, 4.25, 2.75, 1.5], "texture": "#0"},
				"down": {"uv": [0.75, 3, 0, 5.75], "texture": "#0"}
			}
		},
		{
			"from": [6, 11.2, 7.625],
			"to": [10, 15.2, 8.375],
			"rotation": {"angle": 0, "axis": "y", "origin": [7, 11.7, 9.625]},
			"faces": {
				"north": {"uv": [2.25, 4.25, 3.25, 5.25], "texture": "#0"},
				"east": {"uv": [3.25, 0, 3.5, 1], "texture": "#0"},
				"south": {"uv": [4.25, 2.5, 5.25, 3.5], "texture": "#0"},
				"west": {"uv": [5.25, 2.5, 5.5, 3.5], "texture": "#0"},
				"up": {"uv": [9, 7.5, 8, 7.25], "texture": "#0"},
				"down": {"uv": [4.75, 8.25, 3.75, 8.5], "texture": "#0"}
			}
		},
		{
			"from": [7.5, 14.7, -1.75],
			"to": [8.5, 15.2, 9],
			"rotation": {"angle": 0, "axis": "y", "origin": [6.5, 11.7, 10.25]},
			"faces": {
				"north": {"uv": [9.5, 0.75, 9.75, 0.875], "texture": "#0"},
				"east": {"uv": [7.5, 5, 10.25, 5.125], "texture": "#0"},
				"west": {"uv": [6.25, 7.5, 9, 7.625], "texture": "#0"},
				"up": {"uv": [3.25, 8, 3, 5.25], "texture": "#0"}
			}
		},
		{
			"from": [6.75, 10.53033, 1.89822],
			"to": [9.25, 12.03033, 2.39822],
			"rotation": {"angle": -22.5, "axis": "x", "origin": [8, 11.53033, 2.14822]},
			"faces": {
				"north": {"uv": [5.75, 8.25, 6.375, 8.625], "texture": "#0"},
				"east": {"uv": [9.5, 0.25, 9.625, 0.625], "texture": "#0"},
				"west": {"uv": [0.5, 9.5, 0.625, 9.875], "texture": "#0"}
			}
		},
		{
			"from": [6.745, 8.745, 2.245],
			"to": [9.255, 11.755, 15.255],
			"rotation": {"angle": 0, "axis": "y", "origin": [8, 10.25, 8.75]},
			"faces": {
				"north": {"uv": [2.25, 6.5, 2.875, 7.25], "texture": "#0"},
				"east": {"uv": [0, 0, 3.25, 0.75], "texture": "#0"},
				"south": {"uv": [6.5, 5.25, 7.125, 6], "texture": "#0"},
				"west": {"uv": [0, 0.75, 3.25, 1.5], "texture": "#0"},
				"up": {"uv": [1.375, 6.25, 0.75, 3], "texture": "#0"},
				"down": {"uv": [2.125, 3, 1.5, 6.25], "texture": "#0"}
			}
		},
		{
			"from": [6.755, 7.6294, 13.82469],
			"to": [9.245, 10.6194, 15.81469],
			"rotation": {"angle": 22.5, "axis": "x", "origin": [8, 7.59187, 17.36422]},
			"faces": {
				"east": {"uv": [2.5, 7.25, 3, 8], "texture": "#0"},
				"west": {"uv": [4, 7.5, 4.5, 8.25], "texture": "#0"},
				"up": {"uv": [1.375, 8.25, 0.75, 7.75], "texture": "#0"}
			}
		},
		{
			"from": [6.75, 2.36439, 14.0449],
			"to": [9.25, 6.86439, 19.0449],
			"rotation": {"angle": 45, "axis": "x", "origin": [8, 5.23939, 20.5449]},
			"faces": {
				"east": {"uv": [4.25, 0, 5.5, 1.125], "texture": "#0"},
				"west": {"uv": [4.25, 1.25, 5.5, 2.375], "texture": "#0"},
				"up": {"uv": [3.875, 6.25, 3.25, 5], "texture": "#0"}
			}
		},
		{
			"from": [6.755, 3.21395, 15.83481],
			"to": [9.245, 6.20395, 20.32481],
			"rotation": {"angle": -22.5, "axis": "x", "origin": [8, 7.59187, 17.36422]},
			"faces": {
				"east": {"uv": [4.25, 3.5, 5.375, 4.25], "texture": "#0"},
				"south": {"uv": [4.75, 6.75, 5.375, 7.5], "texture": "#0"},
				"west": {"uv": [4.25, 4.25, 5.375, 5], "texture": "#0"}
			}
		},
		{
			"from": [6.75, 3.17746, 18.78134],
			"to": [9.25, 4.67746, 21.78134],
			"rotation": {"angle": 0, "axis": "y", "origin": [8, -1.82254, 20.15634]},
			"faces": {
				"east": {"uv": [8, 6.75, 8.75, 7.125], "texture": "#0"},
				"south": {"uv": [8, 8.25, 8.625, 8.625], "texture": "#0"},
				"west": {"uv": [0, 8.25, 0.75, 8.625], "texture": "#0"}
			}
		},
		{
			"from": [6.755, 2.22088, 17.09895],
			"to": [9.245, 4.21088, 21.08895],
			"rotation": {"angle": 22.5, "axis": "x", "origin": [8, 1.96878, 18.82738]},
			"faces": {
				"east": {"uv": [6.25, 3.75, 7.25, 4.25], "texture": "#0"},
				"south": {"uv": [7.75, 1.5, 8.375, 2], "texture": "#0"},
				"west": {"uv": [4, 6.25, 5, 6.75], "texture": "#0"},
				"down": {"uv": [6.375, 5, 5.75, 6], "texture": "#0"}
			}
		},
		{
			"from": [6.75, 2.38256, 12.89573],
			"to": [9.25, 4.38256, 16.89573],
			"rotation": {"angle": 45, "axis": "x", "origin": [8, -2.11744, 15.27073]},
			"faces": {
				"east": {"uv": [6.25, 4.25, 7.25, 4.75], "texture": "#0"},
				"south": {"uv": [7.75, 2.5, 8.375, 3], "texture": "#0"},
				"west": {"uv": [6.5, 4.75, 7.5, 5.25], "texture": "#0"}
			}
		},
		{
			"from": [6.755, -0.21956, 16.76206],
			"to": [9.245, 2.77044, 18.75206],
			"rotation": {"angle": -22.5, "axis": "x", "origin": [8, 1.96878, 18.82738]},
			"faces": {
				"north": {"uv": [0.75, 7, 1.375, 7.75], "texture": "#0"},
				"east": {"uv": [7.5, 4.25, 8, 5], "texture": "#0"},
				"west": {"uv": [4.5, 7.5, 5, 8.25], "texture": "#0"},
				"down": {"uv": [6.875, 7.75, 6.25, 8.25], "texture": "#0"}
			}
		},
		{
			"from": [6.745, -0.85488, 16.249],
			"to": [9.255, 3.65512, 17.759],
			"rotation": {"angle": 0, "axis": "y", "origin": [8, 1.40012, 17.004]},
			"faces": {
				"north": {"uv": [5.5, 2.5, 6.125, 3.625], "texture": "#0"},
				"east": {"uv": [2.25, 3, 2.625, 4.125], "texture": "#0"},
				"south": {"uv": [5.5, 3.75, 6.125, 4.875], "texture": "#0"},
				"west": {"uv": [5.75, 7, 6.125, 8.125], "texture": "#0"},
				"down": {"uv": [9.125, 1.5, 8.5, 1.875], "texture": "#0"}
			}
		},
		{
			"from": [6.755, 2.93408, 15.4702],
			"to": [9.245, 5.92408, 16.9602],
			"rotation": {"angle": -22.5, "axis": "x", "origin": [8, 5.53263, 15.70632]},
			"faces": {
				"north": {"uv": [7, 1.5, 7.625, 2.25], "texture": "#0"},
				"east": {"uv": [0.75, 8.25, 1.125, 9], "texture": "#0"},
				"west": {"uv": [1.25, 8.25, 1.625, 9], "texture": "#0"}
			}
		},
		{
			"from": [6.758, 5.21113, 12.82416],
			"to": [9.242, 6.69513, 16.30816],
			"rotation": {"angle": 22.5, "axis": "x", "origin": [8, 5.53263, 15.70632]},
			"faces": {
				"east": {"uv": [7.75, 0, 8.625, 0.375], "texture": "#0"},
				"west": {"uv": [7.75, 0.5, 8.625, 0.875], "texture": "#0"},
				"down": {"uv": [6.875, 1.75, 6.25, 2.625], "texture": "#0"}
			}
		},
		{
			"from": [6.753, 6.253, 11.753],
			"to": [9.247, 8.247, 15.247],
			"rotation": {"angle": 0, "axis": "y", "origin": [8, 7.25, 13.5]},
			"faces": {
				"north": {"uv": [7, 7.75, 7.625, 8.25], "texture": "#0"},
				"east": {"uv": [7, 3, 7.875, 3.5], "texture": "#0"},
				"west": {"uv": [1.5, 7.25, 2.375, 7.75], "texture": "#0"},
				"down": {"uv": [3.875, 6.25, 3.25, 7.125], "texture": "#0"}
			}
		},
		{
			"from": [6.758, 6.74159, 11.66181],
			"to": [9.242, 7.72559, 12.64581],
			"rotation": {"angle": -22.5, "axis": "x", "origin": [8, 7.23359, 12.15381]},
			"faces": {
				"north": {"uv": [5.5, 8.75, 6.125, 9], "texture": "#0"},
				"east": {"uv": [6.25, 4.75, 6.5, 5], "texture": "#0"},
				"west": {"uv": [7, 3.5, 7.25, 3.75], "texture": "#0"}
			}
		},
		{
			"from": [6.755, 5.06548, 9.93741],
			"to": [9.245, 7.05548, 10.92741],
			"rotation": {"angle": -45, "axis": "x", "origin": [8, 8.42677, 8.56612]},
			"faces": {
				"north": {"uv": [2.25, 8, 2.875, 8.5], "texture": "#0"},
				"east": {"uv": [3.25, 1, 3.5, 1.5], "texture": "#0"},
				"west": {"uv": [6.25, 7, 6.5, 7.5], "texture": "#0"}
			}
		},
		{
			"from": [6.758, 8.81683, 9.57016],
			"to": [9.242, 9.80083, 11.55416],
			"rotation": {"angle": 22.5, "axis": "x", "origin": [8, 8.42677, 8.56612]},
			"faces": {
				"east": {"uv": [5, 7.5, 5.5, 7.75], "texture": "#0"},
				"west": {"uv": [2.25, 9, 2.75, 9.25], "texture": "#0"},
				"down": {"uv": [8.625, 3.5, 8, 4], "texture": "#0"}
			}
		},
		{
			"from": [6.75, 11.22808, 12.01246],
			"to": [9.25, 12.72808, 14.01246],
			"rotation": {"angle": 22.5, "axis": "x", "origin": [8, 12.43628, 11.42269]},
			"faces": {
				"east": {"uv": [1.75, 8.75, 2.25, 9.125], "texture": "#0"},
				"west": {"uv": [4.5, 8.75, 5, 9.125], "texture": "#0"},
				"up": {"uv": [8.625, 4.5, 8, 4], "texture": "#0"}
			}
		},
		{
			"from": [6.755, 10.98518, 9.41646],
			"to": [9.245, 13.47518, 11.90646],
			"rotation": {"angle": 45, "axis": "x", "origin": [8, 12.23018, 10.66146]},
			"faces": {
				"east": {"uv": [7.25, 3.5, 7.875, 4.125], "texture": "#0"},
				"west": {"uv": [7.25, 6, 7.875, 6.625], "texture": "#0"},
				"up": {"uv": [7.875, 7.375, 7.25, 6.75], "texture": "#0"}
			}
		},
		{
			"from": [6.75, 13.13441, 9.62256],
			"to": [9.25, 14.63441, 11.62256],
			"rotation": {"angle": -22.5, "axis": "x", "origin": [8, 12.43628, 11.42269]},
			"faces": {
				"east": {"uv": [8.75, 4.5, 9.25, 4.875], "texture": "#0"},
				"south": {"uv": [8.75, 0, 9.375, 0.375], "texture": "#0"},
				"west": {"uv": [5, 8.75, 5.5, 9.125], "texture": "#0"},
				"up": {"uv": [8.625, 5.75, 8, 5.25], "texture": "#0"}
			}
		},
		{
			"from": [6.755, 13.04857, 9.27116],
			"to": [9.245, 14.53857, 10.76116],
			"rotation": {"angle": 0, "axis": "y", "origin": [8, 13.79357, 10.01616]},
			"faces": {
				"east": {"uv": [0.75, 9, 1.125, 9.375], "texture": "#0"},
				"south": {"uv": [8.75, 3, 9.375, 3.375], "texture": "#0"},
				"west": {"uv": [1.25, 9, 1.625, 9.375], "texture": "#0"},
				"up": {"uv": [9.375, 3.875, 8.75, 3.5], "texture": "#0"}
			}
		},
		{
			"from": [6.745, 8.245, 5.745],
			"to": [9.255, 8.755, 15.255],
			"rotation": {"angle": 0, "axis": "y", "origin": [8, 8.5, 10.5]},
			"faces": {
				"east": {"uv": [8, 6.25, 10.375, 6.375], "texture": "#0"},
				"west": {"uv": [8, 6.5, 10.375, 6.625], "texture": "#0"},
				"down": {"uv": [4.125, 2.5, 3.5, 4.875], "texture": "#0"}
			}
		},
		{
			"from": [6.755, 6.31548, 5.70482],
			"to": [9.245, 6.80548, 6.69482],
			"rotation": {"angle": 45, "axis": "x", "origin": [8, 8.42677, 8.56612]},
			"faces": {
				"east": {"uv": [3.25, 9.5, 3.5, 9.625], "texture": "#0"},
				"west": {"uv": [9.5, 3.25, 9.75, 3.375], "texture": "#0"},
				"down": {"uv": [9.375, 8.5, 8.75, 8.75], "texture": "#0"}
			}
		},
		{
			"from": [7.5, 5.36417, 12.19193],
			"to": [8.5, 6.86417, 12.69193],
			"rotation": {"angle": 45, "axis": "x", "origin": [7.5, 6.36417, 12.44193]},
			"faces": {
				"east": {"uv": [0.75, 9.5, 0.875, 9.875], "texture": "#0"},
				"south": {"uv": [0, 9.25, 0.25, 9.625], "texture": "#0"},
				"west": {"uv": [1, 9.5, 1.125, 9.875], "texture": "#0"}
			}
		},
		{
			"from": [7.495, 4.495, 7.995],
			"to": [8.505, 5.005, 10.755],
			"rotation": {"angle": 0, "axis": "y", "origin": [8, 6.13184, 9.03096]},
			"faces": {
				"east": {"uv": [9.25, 1, 10, 1.125], "texture": "#0"},
				"west": {"uv": [9.25, 1.25, 10, 1.375], "texture": "#0"},
				"up": {"uv": [3.5, 5, 3.25, 4.25], "texture": "#0"},
				"down": {"uv": [9, 5.25, 8.75, 6], "texture": "#0"}
			}
		},
		{
			"from": [7.5, 5.57089, 6.61628],
			"to": [8.5, 6.07089, 7.61628],
			"rotation": {"angle": 22.5, "axis": "x", "origin": [6.5, 4.07089, 5.11628]},
			"faces": {
				"north": {"uv": [4, 9.5, 4.25, 9.625], "texture": "#0"},
				"east": {"uv": [9.5, 4, 9.75, 4.125], "texture": "#0"},
				"west": {"uv": [9.5, 4.25, 9.75, 4.375], "texture": "#0"},
				"up": {"uv": [2.5, 8, 2.25, 7.75], "texture": "#0"},
				"down": {"uv": [4, 8, 3.75, 8.25], "texture": "#0"}
			}
		},
		{
			"from": [7.495, 3.86127, 7.52696],
			"to": [8.505, 4.37127, 8.53696],
			"rotation": {"angle": 45, "axis": "x", "origin": [8, 6.13184, 9.03096]},
			"faces": {
				"east": {"uv": [9.5, 4.75, 9.75, 4.875], "texture": "#0"},
				"south": {"uv": [9.5, 5.25, 9.75, 5.375], "texture": "#0"},
				"west": {"uv": [5.5, 9.5, 5.75, 9.625], "texture": "#0"},
				"up": {"uv": [4.75, 8.75, 4.5, 8.5], "texture": "#0"},
				"down": {"uv": [0.5, 9.25, 0.25, 9.5], "texture": "#0"}
			}
		},
		{
			"from": [7.5, 4.82546, 5.52649],
			"to": [8.5, 5.82546, 6.02649],
			"rotation": {"angle": -22.5, "axis": "x", "origin": [6.5, 7.32546, 4.02649]},
			"faces": {
				"north": {"uv": [0.5, 9.25, 0.75, 9.5], "texture": "#0"},
				"east": {"uv": [9.5, 5.5, 9.625, 5.75], "texture": "#0"},
				"south": {"uv": [2.5, 9.25, 2.75, 9.5], "texture": "#0"},
				"west": {"uv": [5.75, 9.5, 5.875, 9.75], "texture": "#0"},
				"up": {"uv": [9.75, 5.875, 9.5, 5.75], "texture": "#0"}
			}
		},
		{
			"from": [7.495, 6.50867, 5.98133],
			"to": [8.505, 8.51867, 6.49133],
			"rotation": {"angle": 0, "axis": "y", "origin": [8, 6.13184, 9.03096]},
			"faces": {
				"north": {"uv": [7.25, 4.25, 7.5, 4.75], "texture": "#0"},
				"east": {"uv": [4.5, 9.25, 4.625, 9.75], "texture": "#0"},
				"south": {"uv": [2.75, 9, 3, 9.5], "texture": "#0"},
				"west": {"uv": [9.25, 4.5, 9.375, 5], "texture": "#0"},
				"down": {"uv": [6.5, 9.5, 6.25, 9.625], "texture": "#0"}
			}
		},
		{
			"from": [7.5, 6.51367, 5.21133],
			"to": [8.5, 8.51367, 5.71133],
			"rotation": {"angle": -22.5, "axis": "x", "origin": [6.5, 9.01367, 3.71133]},
			"faces": {
				"north": {"uv": [3, 9, 3.25, 9.5], "texture": "#0"},
				"east": {"uv": [4.75, 9.25, 4.875, 9.75], "texture": "#0"},
				"west": {"uv": [5, 9.25, 5.125, 9.75], "texture": "#0"}
			}
		},
		{
			"from": [7.5, 7.51367, 7.08633],
			"to": [8.5, 9.51367, 7.58633],
			"rotation": {"angle": 22.5, "axis": "x", "origin": [6.5, 10.01367, 5.58633]},
			"faces": {
				"east": {"uv": [5.25, 9.25, 5.375, 9.75], "texture": "#0"},
				"south": {"uv": [3.75, 9, 4, 9.5], "texture": "#0"},
				"west": {"uv": [9.25, 5.25, 9.375, 5.75], "texture": "#0"}
			}
		},
		{
			"from": [7.505, 7.61702, 6.58955],
			"to": [8.495, 8.60702, 7.07955],
			"rotation": {"angle": 45, "axis": "x", "origin": [8, 8.11202, 6.83455]},
			"faces": {
				"east": {"uv": [9.5, 7, 9.625, 7.25], "texture": "#0"},
				"south": {"uv": [7.25, 9.25, 7.5, 9.5], "texture": "#0"},
				"west": {"uv": [7.25, 9.5, 7.375, 9.75], "texture": "#0"}
			}
		},
		{
			"from": [7.5, 5.055, 10.54015],
			"to": [8.5, 5.555, 11.54015],
			"rotation": {"angle": -22.5, "axis": "x", "origin": [7.5, 5.305, 12.04015]},
			"faces": {
				"east": {"uv": [7.75, 9.5, 8, 9.625], "texture": "#0"},
				"west": {"uv": [8, 9.5, 8.25, 9.625], "texture": "#0"},
				"up": {"uv": [9.5, 7.5, 9.25, 7.25], "texture": "#0"},
				"down": {"uv": [7.75, 9.25, 7.5, 9.5], "texture": "#0"}
			}
		},
		{
			"from": [7.495, 5.98417, 11.44573],
			"to": [8.505, 7.99417, 11.95573],
			"rotation": {"angle": 22.5, "axis": "x", "origin": [8, 6.13184, 9.03096]},
			"faces": {
				"north": {"uv": [4, 9, 4.25, 9.5], "texture": "#0"},
				"east": {"uv": [9.25, 7.5, 9.375, 8], "texture": "#0"},
				"south": {"uv": [4.25, 9, 4.5, 9.5], "texture": "#0"},
				"west": {"uv": [9.25, 8.75, 9.375, 9.25], "texture": "#0"}
			}
		},
		{
			"from": [7.755, 7.23866, 10.11439],
			"to": [8.245, 8.72866, 10.60439],
			"rotation": {"angle": -45, "axis": "x", "origin": [8, 7.05105, 9.96641]},
			"faces": {
				"north": {"uv": [1.25, 9.5, 1.375, 9.875], "texture": "#0"},
				"east": {"uv": [1.5, 9.5, 1.625, 9.875], "texture": "#0"},
				"south": {"uv": [1.75, 9.5, 1.875, 9.875], "texture": "#0"},
				"west": {"uv": [2, 9.5, 2.125, 9.875], "texture": "#0"}
			}
		},
		{
			"from": [7.75, 6.41312, 10.18414],
			"to": [8.25, 7.66312, 10.68414],
			"rotation": {"angle": -22.5, "axis": "x", "origin": [7.25, 6.66312, 10.55914]},
			"faces": {
				"north": {"uv": [2.25, 9.5, 2.375, 9.875], "texture": "#0"},
				"east": {"uv": [2.5, 9.5, 2.625, 9.875], "texture": "#0"},
				"south": {"uv": [2.75, 9.5, 2.875, 9.875], "texture": "#0"},
				"west": {"uv": [9.5, 2.75, 9.625, 3.125], "texture": "#0"}
			}
		},
		{
			"from": [7.755, 5.83609, 10.43264],
			"to": [8.245, 6.82609, 10.92264],
			"rotation": {"angle": 22.5, "axis": "x", "origin": [8, 7.05105, 9.96641]},
			"faces": {
				"north": {"uv": [9.5, 8.25, 9.625, 8.5], "texture": "#0"},
				"east": {"uv": [8.5, 9.5, 8.625, 9.75], "texture": "#0"},
				"south": {"uv": [9.5, 8.5, 9.625, 8.75], "texture": "#0"},
				"west": {"uv": [8.75, 9.5, 8.875, 9.75], "texture": "#0"}
			}
		},
		{
			"from": [7.75, 5.16391, 9.4159],
			"to": [8.25, 5.66391, 10.4159],
			"rotation": {"angle": -22.5, "axis": "x", "origin": [7.25, 5.28891, 9.4159]},
			"faces": {
				"north": {"uv": [9.75, 0.5, 9.875, 0.625], "texture": "#0"},
				"east": {"uv": [9.5, 8.75, 9.75, 8.875], "texture": "#0"},
				"west": {"uv": [9, 9.5, 9.25, 9.625], "texture": "#0"},
				"up": {"uv": [9.625, 9.25, 9.5, 9], "texture": "#0"},
				"down": {"uv": [9.375, 9.5, 9.25, 9.75], "texture": "#0"}
			}
		},
		{
			"from": [7.5, 11.60602, 10.51291],
			"to": [8.5, 13.60602, 12.51291],
			"rotation": {"angle": -22.5, "axis": "x", "origin": [8.5, 12.10602, 11.51291]},
			"faces": {
				"east": {"uv": [5, 6.25, 5.5, 6.75], "texture": "#0"},
				"south": {"uv": [5.5, 9, 5.75, 9.5], "texture": "#0"},
				"west": {"uv": [1.75, 8.25, 2.25, 8.75], "texture": "#0"}
			}
		},
		{
			"from": [7.625, 13.75, 12],
			"to": [8.375, 15.75, 12.75],
			"rotation": {"angle": 45, "axis": "x", "origin": [8.625, 14.75, 13]},
			"faces": {
				"north": {"uv": [6.25, 9, 6.5, 9.5], "texture": "#0"},
				"east": {"uv": [6.5, 9, 6.75, 9.5], "texture": "#0"},
				"south": {"uv": [6.75, 9, 7, 9.5], "texture": "#0"},
				"west": {"uv": [7, 9, 7.25, 9.5], "texture": "#0"},
				"up": {"uv": [9.5, 8.25, 9.25, 8], "texture": "#0"}
			}
		},
		{
			"from": [7.63, 13.86102, 10.29291],
			"to": [8.37, 14.60102, 12.28291],
			"rotation": {"angle": -22.5, "axis": "x", "origin": [8.625, 13.60602, 11.28791]},
			"faces": {
				"east": {"uv": [9, 5.75, 9.5, 6], "texture": "#0"},
				"west": {"uv": [7.25, 9, 7.75, 9.25], "texture": "#0"},
				"up": {"uv": [9.25, 7.75, 9, 7.25], "texture": "#0"},
				"down": {"uv": [8, 9, 7.75, 9.5], "texture": "#0"}
			}
		},
		{
			"from": [7.505, 12.36102, 10.01791],
			"to": [8.495, 14.35102, 12.00791],
			"rotation": {"angle": 0, "axis": "y", "origin": [8.5, 12.85602, 11.01291]},
			"faces": {
				"east": {"uv": [4.75, 8.25, 5.25, 8.75], "texture": "#0"},
				"south": {"uv": [8.25, 9, 8.5, 9.5], "texture": "#0"},
				"west": {"uv": [5.25, 8.25, 5.75, 8.75], "texture": "#0"},
				"up": {"uv": [8.75, 9.5, 8.5, 9], "texture": "#0"}
			}
		}
	],
	"display": {
		"thirdperson": {
			"rotation": [90, 0, -180],
			"translation": [0, 1.65, -1.2],
			"scale": [0.4, 0.4, 0.4]
		},
		"firstperson": {
			"rotation": [0, -50, 0],
			"translation": [-6, 4.9, 1],
			"scale": [0.6, 0.6, 0.6]
		},
		"ground": {
			"translation": [0, 2, 0],
			"scale": [1.3, 1.3, 1.3]
		},
		"gui": {
			"translation": [1, 1, 0],
			"rotation": [40, 225, 0],
			"scale": [1, 1, 1]
		}
	},
	"groups": [
		{
			"name": "group",
			"origin": [0, 11.7, 10.25],
			"color": 0,
			"children": [0, 1, 2]
		},
		{
			"name": "group",
			"origin": [8, 11.78553, 2.56802],
			"color": 0,
			"children": [3, 4, 5, 6, 7, 8, 9, 10, 11, 12, 13, 14, 15, 16, 17, 18, 19, 20, 21, 22, 23, 24]
		},
		{
			"name": "group",
			"origin": [7.5, 6.36417, 12.01693],
			"color": 0,
			"children": [25, 26, 27, 28, 29, 30, 31, 32, 33, 34, 35]
		},
		{
			"name": "group",
			"origin": [7.25, 5.28891, 9.4159],
			"color": 0,
			"children": [36, 37, 38, 39]
		},
		{
			"name": "group",
			"origin": [8.5, 12.85602, 11.01291],
			"color": 0,
			"children": [40, 41, 42, 43]
		}
	]
}