{
	"credit": "Made with Blockbench",
	"texture_size": [64, 64],
	"textures": {
		"2": "misc/medium_backpack",
		"particle": "misc/medium_backpack"
	},
	"elements": [
		{
			"from": [2, 0, 1.5],
			"to": [14, 16, 9.5],
			"rotation": {"angle": 0, "axis": "y", "origin": [2, 0, 6.5]},
			"faces": {
				"north": {"uv": [0, 0, 3, 4], "texture": "#2"},
				"east": {"uv": [0, 4, 2, 8], "texture": "#2"},
				"south": {"uv": [3, 0, 6, 4], "texture": "#2"},
				"west": {"uv": [2, 4, 4, 8], "texture": "#2"},
				"up": {"uv": [9, 2, 6, 0], "texture": "#2"},
				"down": {"uv": [9, 2, 6, 4], "texture": "#2"}
			}
		},
		{
			"from": [3, 0, 15.5],
			"to": [5, 17, 16.5],
			"rotation": {"angle": 0, "axis": "y", "origin": [2, 0, 5.5]},
			"faces": {
				"north": {"uv": [7, 9, 7.5, 13.25], "texture": "#2"},
				"east": {"uv": [3.75, 9.5, 4, 13.75], "texture": "#2"},
				"south": {"uv": [7.5, 9, 8, 13.25], "texture": "#2"},
				"west": {"uv": [10.25, 4, 10.5, 8.25], "texture": "#2"},
				"up": {"uv": [6.5, 11, 6, 10.75], "texture": "#2"},
				"down": {"uv": [7, 10.75, 6.5, 11], "texture": "#2"}
			}
		},
		{
			"from": [3, 16, 7.5],
			"to": [5, 17, 15.5],
			"rotation": {"angle": 0, "axis": "y", "origin": [2, 0, 6.5]},
			"faces": {
				"north": {"uv": [11, 4, 11.5, 4.25], "texture": "#2"},
				"east": {"uv": [10.5, 10, 12.5, 10.25], "texture": "#2"},
				"south": {"uv": [11, 4.25, 11.5, 4.5], "texture": "#2"},
				"west": {"uv": [10.5, 10.25, 12.5, 10.5], "texture": "#2"},
				"up": {"uv": [10, 12.25, 9.5, 10.25], "texture": "#2"},
				"down": {"uv": [10.5, 10.25, 10, 12.25], "texture": "#2"}
			}
		},
		{
			"from": [3, 0, 9.5],
			"to": [5, 1, 15.5],
			"rotation": {"angle": 0, "axis": "y", "origin": [2, -16, 6.5]},
			"faces": {
				"north": {"uv": [11, 4.5, 11.5, 4.75], "texture": "#2"},
				"east": {"uv": [0, 10.75, 1.5, 11], "texture": "#2"},
				"south": {"uv": [11, 4.75, 11.5, 5], "texture": "#2"},
				"west": {"uv": [10.5, 10.75, 12, 11], "texture": "#2"},
				"up": {"uv": [11, 5.5, 10.5, 4], "texture": "#2"},
				"down": {"uv": [11, 5.5, 10.5, 7], "texture": "#2"}
			}
		},
		{
			"from": [11, 16, 7.5],
			"to": [13, 17, 15.5],
			"rotation": {"angle": 0, "axis": "y", "origin": [14, 0, 6.5]},
			"faces": {
				"north": {"uv": [11.5, 4, 11, 4.25], "texture": "#2"},
				"east": {"uv": [12.5, 10.25, 10.5, 10.5], "texture": "#2"},
				"south": {"uv": [11.5, 4.25, 11, 4.5], "texture": "#2"},
				"west": {"uv": [12.5, 10, 10.5, 10.25], "texture": "#2"},
				"up": {"uv": [9.5, 12.25, 10, 10.25], "texture": "#2"},
				"down": {"uv": [10, 10.25, 10.5, 12.25], "texture": "#2"}
			}
		},
		{
			"from": [11, 0, 15.5],
			"to": [13, 17, 16.5],
			"rotation": {"angle": 0, "axis": "y", "origin": [14, 0, 5.5]},
			"faces": {
				"north": {"uv": [7.5, 9, 7, 13.25], "texture": "#2"},
				"east": {"uv": [10.5, 4, 10.25, 8.25], "texture": "#2"},
				"south": {"uv": [8, 9, 7.5, 13.25], "texture": "#2"},
				"west": {"uv": [4, 9.5, 3.75, 13.75], "texture": "#2"},
				"up": {"uv": [6, 11, 6.5, 10.75], "texture": "#2"},
				"down": {"uv": [6.5, 10.75, 7, 11], "texture": "#2"}
			}
		},
		{
			"from": [11, 0, 9.5],
			"to": [13, 1, 15.5],
			"rotation": {"angle": 0, "axis": "y", "origin": [14, -16, 6.5]},
			"faces": {
				"north": {"uv": [11.5, 4.5, 11, 4.75], "texture": "#2"},
				"east": {"uv": [12, 10.75, 10.5, 11], "texture": "#2"},
				"south": {"uv": [11.5, 4.75, 11, 5], "texture": "#2"},
				"west": {"uv": [1.5, 10.75, 0, 11], "texture": "#2"},
				"up": {"uv": [10.5, 5.5, 11, 4], "texture": "#2"},
				"down": {"uv": [10.5, 5.5, 11, 7], "texture": "#2"}
			}
		},
		{
			"from": [0, 2, 2.5],
			"to": [16, 9, 8.5],
			"rotation": {"angle": 0, "axis": "y", "origin": [2, 0, 6.5]},
			"faces": {
				"north": {"uv": [4, 4, 8, 5.75], "texture": "#2"},
				"east": {"uv": [4, 9, 5.5, 10.75], "texture": "#2"},
				"south": {"uv": [4, 5.75, 8, 7.5], "texture": "#2"},
				"west": {"uv": [5.5, 9, 7, 10.75], "texture": "#2"},
				"up": {"uv": [8, 9, 4, 7.5], "texture": "#2"},
				"down": {"uv": [4, 8, 0, 9.5], "texture": "#2"}
			}
		},
		{
			"from": [3.5, 1, -0.5],
			"to": [12.5, 8, 1.5],
			"rotation": {"angle": 0, "axis": "y", "origin": [1.5, 0, 6.5]},
			"faces": {
				"north": {"uv": [8, 4, 10.25, 5.75], "texture": "#2"},
				"east": {"uv": [2.5, 10.5, 3, 12.25], "texture": "#2"},
				"south": {"uv": [8, 5.75, 10.25, 7.5], "texture": "#2"},
				"west": {"uv": [3, 10.5, 3.5, 12.25], "texture": "#2"},
				"up": {"uv": [3.75, 10, 1.5, 9.5], "texture": "#2"},
				"down": {"uv": [3.75, 10, 1.5, 10.5], "texture": "#2"}
			}
		},
		{
			"from": [3.5, 12.5, 0],
			"to": [12.5, 17.5, 6],
			"rotation": {"angle": -22.5, "axis": "x", "origin": [8, 16.5, 3.5]},
			"faces": {
				"north": {"uv": [9, 1.5, 11.25, 2.75], "texture": "#2"},
				"east": {"uv": [9, 9, 10.5, 10.25], "texture": "#2"},
				"south": {"uv": [9, 2.75, 11.25, 4], "texture": "#2"},
				"west": {"uv": [0, 9.5, 1.5, 10.75], "texture": "#2"},
				"up": {"uv": [10.25, 9, 8, 7.5], "texture": "#2"},
				"down": {"uv": [11.25, 0, 9, 1.5], "texture": "#2"}
			}
		}
	],
	"display": {
		"thirdperson": {
			"rotation": [0,  0, 180],
			"translation": [0, 1.2, -1.4],
			"scale": [0.45, 0.45, 0.45]
		},
		"firstperson": {
			"rotation": [0, 90, 0],
			"translation": [-6, 5, 1.2],
			"scale": [0.55, 0.55, 0.55]
		},
		"ground": {
			"translation": [0, 2, 0],
			"scale": [1.5, 1.5, 1.5]
		},
		"gui": {
			"rotation": [30, 0, 0],
			"scale": [1, 1, 1]
		}
	}
}