{
	"credit": "Made with Blockbench",
	"texture_size": [32, 32],
	"textures": {
		"1": "heals/bandage"
	},
	"elements": [
		{
			"from": [1, 5, 5],
			"to": [15, 11, 11],
			"rotation": {"angle": 0, "axis": "y", "origin": [1, 5, 5]},
			"faces": {
				"north": {"uv": [0, 0, 7, 3], "texture": "#1"},
				"east": {"uv": [8, 9, 11, 12], "texture": "#1"},
				"south": {"uv": [0, 3, 7, 6], "texture": "#1"},
				"west": {"uv": [0, 11, 3, 14], "texture": "#1"},
				"up": {"uv": [7, 9, 0, 6], "texture": "#1"},
				"down": {"uv": [14, 0, 7, 3], "texture": "#1"}
			}
		},
		{
			"from": [0, 6, 6],
			"to": [16, 10, 10],
			"rotation": {"angle": 0, "axis": "y", "origin": [1, 5, 5]},
			"faces": {
				"north": {"uv": [7, 3, 15, 5], "texture": "#1"},
				"east": {"uv": [3, 11, 5, 13], "texture": "#1"},
				"south": {"uv": [7, 5, 15, 7], "texture": "#1"},
				"west": {"uv": [5, 11, 7, 13], "texture": "#1"},
				"up": {"uv": [15, 9, 7, 7], "texture": "#1"},
				"down": {"uv": [8, 9, 0, 11], "texture": "#1"}
			}
		}
	],
	"display": {
		"thirdperson": {
			"rotation": [90, 90, -180],
			"translation": [0, 1.7, -0.7],
			"scale": [0.35, 0.35, 0.35]
		},
		"firstperson": {
			"rotation": [0, -55, 0],
			"translation": [-6, 4.5, 1.2],
			"scale": [0.5, 0.5, 0.5]
		},
		"ground": {
			"translation": [0, 2, 0],
			"scale": [1.3, 1.3, 1.3]
		},
		"gui": {
			"rotation": [30, 0, -110],
			"scale": [1.3, 1.3, 1.3]
		}
	}
}