{
	"credit": "Made with Blockbench",
	"texture_size": [64, 64],
	"textures": {
		"2": "weapons/desert_eagle",
		"particle": "weapons/desert_eagle"
	},
	"elements": [
		{
			"from": [6.505, 11.65286, 9.18686],
			"to": [9.495, 12.14286, 10.67686],
			"rotation": {"angle": -22.5, "axis": "x", "origin": [8, 12.03316, 10.2585]},
			"faces": {
				"north": {"uv": [9, 5.25, 9.75, 5.375], "texture": "#2"},
				"east": {"uv": [9.25, 4, 9.625, 4.125], "texture": "#2"},
				"south": {"uv": [9, 5.5, 9.75, 5.625], "texture": "#2"},
				"west": {"uv": [4.5, 9.25, 4.875, 9.375], "texture": "#2"},
				"up": {"uv": [5.25, 8.125, 4.5, 7.75], "texture": "#2"},
				"down": {"uv": [8.5, 5, 7.75, 5.375], "texture": "#2"}
			}
		},
		{
			"from": [8.5, 10.75, -1],
			"to": [9.5, 11.75, 18.25],
			"rotation": {"angle": -22.5, "axis": "z", "origin": [9, 11.25, 8.625]},
			"faces": {
				"north": {"uv": [1.25, 6.5, 1.5, 6.75], "texture": "#2"},
				"east": {"uv": [4.5, 1.5, 9.375, 1.75], "texture": "#2"},
				"south": {"uv": [1.25, 6.75, 1.5, 7], "texture": "#2"},
				"west": {"uv": [4.5, 1.75, 9.375, 2], "texture": "#2"},
				"up": {"uv": [4.75, 6.875, 4.5, 2], "texture": "#2"},
				"down": {"uv": [1.75, 4.75, 1.5, 9.625], "texture": "#2"}
			}
		},
		{
			"from": [6.5, 10.75, -1],
			"to": [7.5, 11.75, 18.25],
			"rotation": {"angle": 22.5, "axis": "z", "origin": [7, 11.25, 8.625]},
			"faces": {
				"north": {"uv": [1.25, 6, 1.5, 6.25], "texture": "#2"},
				"east": {"uv": [4.5, 1, 9.375, 1.25], "texture": "#2"},
				"south": {"uv": [1.25, 6.25, 1.5, 6.5], "texture": "#2"},
				"west": {"uv": [4.5, 1.25, 9.375, 1.5], "texture": "#2"},
				"up": {"uv": [2.75, 9.125, 2.5, 4.25], "texture": "#2"},
				"down": {"uv": [3, 4.25, 2.75, 9.125], "texture": "#2"}
			}
		},
		{
			"from": [6.75, 11.75, -0.75],
			"to": [7.75, 12.75, 10.5],
			"rotation": {"angle": -45, "axis": "z", "origin": [7.25, 12.25, 8.875]},
			"faces": {
				"north": {"uv": [1.25, 6, 1.5, 6.25], "rotation": 90, "texture": "#2"},
				"east": {"uv": [3, 4.25, 2.75, 9.125], "rotation": 270, "texture": "#2"},
				"south": {"uv": [1.25, 6.25, 1.5, 6.5], "rotation": 270, "texture": "#2"},
				"west": {"uv": [2.75, 9.125, 2.5, 4.25], "rotation": 270, "texture": "#2"},
				"up": {"uv": [4.5, 1, 9.375, 1.25], "rotation": 270, "texture": "#2"},
				"down": {"uv": [4.5, 1.25, 9.375, 1.5], "rotation": 270, "texture": "#2"}
			}
		},
		{
			"from": [8.25, 11.75, -0.75],
			"to": [9.25, 12.75, 10.5],
			"rotation": {"angle": 45, "axis": "z", "origin": [8.75, 12.25, 8.875]},
			"faces": {
				"north": {"uv": [1.25, 6.25, 1.5, 6], "rotation": 90, "texture": "#2"},
				"east": {"uv": [2.75, 4.25, 2.5, 9.125], "rotation": 270, "texture": "#2"},
				"south": {"uv": [1.25, 6.5, 1.5, 6.25], "rotation": 270, "texture": "#2"},
				"west": {"uv": [3, 9.125, 2.75, 4.25], "rotation": 270, "texture": "#2"},
				"up": {"uv": [4.5, 1.25, 9.375, 1], "rotation": 270, "texture": "#2"},
				"down": {"uv": [4.5, 1.5, 9.375, 1.25], "rotation": 270, "texture": "#2"}
			}
		},
		{
			"from": [6.5, 11.25, 10.5],
			"to": [9.5, 14.25, 17],
			"rotation": {"angle": 0, "axis": "y", "origin": [6.5, 13, 3.75]},
			"faces": {
				"north": {"uv": [7, 5.25, 7.75, 6], "texture": "#2"},
				"east": {"uv": [4.75, 2, 6.375, 2.75], "texture": "#2"},
				"south": {"uv": [7, 6, 7.75, 6.75], "texture": "#2"},
				"west": {"uv": [4.75, 2.75, 6.375, 3.5], "texture": "#2"},
				"up": {"uv": [2.5, 6.375, 1.75, 4.75], "texture": "#2"},
				"down": {"uv": [5.5, 3.5, 4.75, 5.125], "texture": "#2"}
			}
		},
		{
			"from": [6.508, 13.06195, 16.61972],
			"to": [9.492, 13.87095, 18.10372],
			"rotation": {"angle": -45, "axis": "x", "origin": [8, 12.72252, 17.10796]},
			"faces": {
				"north": {"uv": [8.25, 0.75, 9, 1], "texture": "#2"},
				"east": {"uv": [5.5, 9, 5.875, 9.25], "texture": "#2"},
				"south": {"uv": [8.25, 7, 9, 7.25], "texture": "#2"},
				"west": {"uv": [9, 5.75, 9.375, 6], "texture": "#2"},
				"up": {"uv": [8.5, 5.875, 7.75, 5.5], "texture": "#2"},
				"down": {"uv": [8.5, 6, 7.75, 6.375], "texture": "#2"}
			}
		},
		{
			"from": [6.505, 10.46811, 16.41322],
			"to": [9.495, 13.40811, 17.90322],
			"rotation": {"angle": -22.5, "axis": "x", "origin": [8, 12.72252, 17.10796]},
			"faces": {
				"north": {"uv": [7, 6.75, 7.75, 7.5], "texture": "#2"},
				"east": {"uv": [0, 6.25, 0.375, 7], "texture": "#2"},
				"south": {"uv": [7.25, 2, 8, 2.75], "texture": "#2"},
				"west": {"uv": [7.75, 6.5, 8.125, 7.25], "texture": "#2"},
				"up": {"uv": [8.5, 7.625, 7.75, 7.25], "texture": "#2"},
				"down": {"uv": [8.5, 7.75, 7.75, 8.125], "texture": "#2"}
			}
		},
		{
			"from": [6.505, 11.6148, 10.1488],
			"to": [9.495, 13.1048, 10.6388],
			"rotation": {"angle": 22.5, "axis": "x", "origin": [8, 12.03316, 10.2585]},
			"faces": {
				"north": {"uv": [8, 2, 8.75, 2.375], "texture": "#2"},
				"east": {"uv": [4.5, 7.25, 4.625, 7.625], "texture": "#2"},
				"south": {"uv": [3, 8, 3.75, 8.375], "texture": "#2"},
				"west": {"uv": [5.25, 7.75, 5.375, 8.125], "texture": "#2"},
				"up": {"uv": [9.75, 6.125, 9, 6], "texture": "#2"},
				"down": {"uv": [7.75, 9, 7, 9.125], "texture": "#2"}
			}
		},
		{
			"from": [7.25, 10.75, -3],
			"to": [8.75, 11.75, -1],
			"rotation": {"angle": 0, "axis": "y", "origin": [7, 10.75, -3.5]},
			"faces": {
				"north": {"uv": [9.25, 0.5, 9.625, 0.75], "texture": "#2"},
				"east": {"uv": [9, 4.5, 9.5, 4.75], "texture": "#2"},
				"south": {"uv": [1, 9.25, 1.375, 9.5], "texture": "#2"},
				"west": {"uv": [9, 4.75, 9.5, 5], "texture": "#2"},
				"up": {"uv": [6.875, 9.25, 6.5, 8.75], "texture": "#2"},
				"down": {"uv": [9.125, 6.5, 8.75, 7], "texture": "#2"}
			}
		},
		{
			"from": [7.255, 10.69739, -3.28463],
			"to": [8.745, 11.68739, -2.79463],
			"rotation": {"angle": -22.5, "axis": "x", "origin": [8, 11.19239, -3.03963]},
			"faces": {
				"north": {"uv": [2.25, 9.25, 2.625, 9.5], "texture": "#2"},
				"east": {"uv": [1.25, 7.25, 1.375, 7.5], "texture": "#2"},
				"south": {"uv": [9.25, 2.5, 9.625, 2.75], "texture": "#2"},
				"west": {"uv": [2.25, 8.5, 2.375, 8.75], "texture": "#2"},
				"up": {"uv": [5.375, 9.375, 5, 9.25], "texture": "#2"},
				"down": {"uv": [5.875, 9.25, 5.5, 9.375], "texture": "#2"}
			}
		},
		{
			"from": [6.75, 11.75, 6.5],
			"to": [9.25, 14.25, 10.5],
			"rotation": {"angle": 45, "axis": "z", "origin": [8, 13, 8.5]},
			"faces": {
				"north": {"uv": [1.75, 7.75, 2.375, 8.375], "texture": "#2"},
				"east": {"uv": [6.75, 0, 7.75, 0.625], "texture": "#2"},
				"south": {"uv": [7.75, 4.25, 8.375, 4.875], "texture": "#2"},
				"west": {"uv": [7, 3.5, 8, 4.125], "texture": "#2"},
				"up": {"uv": [5.375, 7.75, 4.75, 6.75], "texture": "#2"},
				"down": {"uv": [7.625, 4.25, 7, 5.25], "texture": "#2"}
			}
		},
		{
			"name": "q",
			"from": [7, 11.9, -3.75],
			"to": [9, 13.9, 11],
			"rotation": {"angle": 45, "axis": "z", "origin": [8, 12.9, 3.625]},
			"faces": {
				"north": {"uv": [0, 7, 0.5, 7.5], "texture": "#2"},
				"east": {"uv": [1.5, 0, 5.25, 0.5], "texture": "#2"},
				"south": {"uv": [6, 8.25, 6.5, 8.75], "texture": "#2"},
				"west": {"uv": [1.5, 0.5, 5.25, 1], "texture": "#2"},
				"up": {"uv": [2, 4.75, 1.5, 1], "texture": "#2"},
				"down": {"uv": [2.5, 1, 2, 4.75], "texture": "#2"}
			}
		},
		{
			"from": [7.008, 11.43383, -3.47782],
			"to": [8.992, 12.91783, -1.99382],
			"rotation": {"angle": -22.5, "axis": "x", "origin": [8, 11.99886, -2.29616]},
			"faces": {
				"north": {"uv": [1.75, 8.5, 2.25, 8.875], "texture": "#2"},
				"east": {"uv": [1.75, 9, 2.125, 9.375], "texture": "#2"},
				"south": {"uv": [3, 8.5, 3.5, 8.875], "texture": "#2"},
				"west": {"uv": [3, 9, 3.375, 9.375], "texture": "#2"},
				"up": {"uv": [4, 8.875, 3.5, 8.5], "texture": "#2"},
				"down": {"uv": [4.5, 8.5, 4, 8.875], "texture": "#2"}
			}
		},
		{
			"from": [7.005, 11.25862, -2.56724],
			"to": [8.995, 12.74862, -1.07724],
			"rotation": {"angle": 0, "axis": "y", "origin": [8, 11.99886, -2.29616]},
			"faces": {
				"north": {"uv": [8.5, 4.25, 9, 4.625], "texture": "#2"},
				"east": {"uv": [3.5, 9, 3.875, 9.375], "texture": "#2"},
				"south": {"uv": [8.5, 4.75, 9, 5.125], "texture": "#2"},
				"west": {"uv": [4, 9, 4.375, 9.375], "texture": "#2"},
				"up": {"uv": [9, 5.625, 8.5, 5.25], "texture": "#2"},
				"down": {"uv": [9, 5.75, 8.5, 6.125], "texture": "#2"}
			}
		},
		{
			"from": [7.125, 11.5, -1.25],
			"to": [8.875, 12.5, 10.75],
			"rotation": {"angle": 0, "axis": "y", "origin": [6.875, 10.5, -0.25]},
			"faces": {
				"north": {"uv": [5, 9, 5.5, 9.25], "texture": "#2"},
				"east": {"uv": [5.25, 0.75, 8.25, 1], "texture": "#2"},
				"south": {"uv": [9, 5, 9.5, 5.25], "texture": "#2"},
				"west": {"uv": [6.5, 3.25, 9.5, 3.5], "texture": "#2"},
				"up": {"uv": [1, 6, 0.5, 3], "texture": "#2"},
				"down": {"uv": [1.5, 3, 1, 6], "texture": "#2"}
			}
		},
		{
			"from": [6.5, 1, 13.75],
			"to": [9.5, 2, 18.25],
			"rotation": {"angle": 0, "axis": "y", "origin": [6.5, 1, 14.25]},
			"faces": {
				"north": {"uv": [8.5, 0.5, 9.25, 0.75], "texture": "#2"},
				"east": {"uv": [8, 2.5, 9.125, 2.75], "texture": "#2"},
				"south": {"uv": [8.5, 6.25, 9.25, 6.5], "texture": "#2"},
				"west": {"uv": [8, 3.5, 9.125, 3.75], "texture": "#2"},
				"up": {"uv": [2.5, 7.625, 1.75, 6.5], "texture": "#2"},
				"down": {"uv": [7.25, 2, 6.5, 3.125], "texture": "#2"}
			}
		},
		{
			"from": [6.5, 1.19134, 18.21194],
			"to": [9.5, 2.19134, 19.71194],
			"rotation": {"angle": -22.5, "axis": "x", "origin": [6.5, 1.19134, 18.71194]},
			"faces": {
				"north": {"uv": [8.5, 7.25, 9.25, 7.5], "texture": "#2"},
				"east": {"uv": [9, 7, 9.375, 7.25], "texture": "#2"},
				"south": {"uv": [8.5, 7.5, 9.25, 7.75], "texture": "#2"},
				"west": {"uv": [7.75, 9, 8.125, 9.25], "texture": "#2"},
				"up": {"uv": [4.5, 8.375, 3.75, 8], "texture": "#2"},
				"down": {"uv": [8.75, 3.75, 8, 4.125], "texture": "#2"}
			}
		},
		{
			"from": [6.5, 2.53073, 13.05448],
			"to": [9.5, 3.53073, 14.05448],
			"rotation": {"angle": 22.5, "axis": "x", "origin": [6.5, 2.53073, 10.05448]},
			"faces": {
				"north": {"uv": [8.5, 7.75, 9.25, 8], "texture": "#2"},
				"east": {"uv": [1.25, 7, 1.5, 7.25], "texture": "#2"},
				"south": {"uv": [8.5, 8, 9.25, 8.25], "texture": "#2"},
				"west": {"uv": [4.5, 7, 4.75, 7.25], "texture": "#2"},
				"up": {"uv": [9.25, 8.5, 8.5, 8.25], "texture": "#2"},
				"down": {"uv": [9.25, 8.5, 8.5, 8.75], "texture": "#2"}
			}
		},
		{
			"from": [7, 7, 11.25],
			"to": [9, 9, 13.25],
			"rotation": {"angle": 22.5, "axis": "x", "origin": [7, 7, 11.25]},
			"faces": {
				"north": {"uv": [6.5, 8.25, 7, 8.75], "texture": "#2"},
				"east": {"uv": [8.25, 6.5, 8.75, 7], "texture": "#2"},
				"south": {"uv": [7, 8.25, 7.5, 8.75], "texture": "#2"},
				"west": {"uv": [7.5, 8.25, 8, 8.75], "texture": "#2"},
				"up": {"uv": [8.5, 8.75, 8, 8.25], "texture": "#2"},
				"down": {"uv": [9, 0, 8.5, 0.5], "texture": "#2"}
			}
		},
		{
			"from": [6.745, 2.54477, 12.77939],
			"to": [9.255, 8.05477, 18.28939],
			"rotation": {"angle": -22.5, "axis": "x", "origin": [8, 5.29977, 15.53439]},
			"faces": {
				"north": {"uv": [5.5, 5, 6.125, 6.375], "texture": "#2"},
				"east": {"uv": [0, 0, 1.375, 1.375], "texture": "#2"},
				"south": {"uv": [3, 5.75, 3.625, 7.125], "texture": "#2"},
				"west": {"uv": [0, 1.5, 1.375, 2.875], "texture": "#2"},
				"up": {"uv": [4.375, 7.125, 3.75, 5.75], "texture": "#2"},
				"down": {"uv": [1.125, 6, 0.5, 7.375], "texture": "#2"}
			}
		},
		{
			"from": [6.75, 6.78806, 11.94134],
			"to": [9.25, 10.78806, 17.44134],
			"rotation": {"angle": 0, "axis": "y", "origin": [7, 13.53806, 11.69134]},
			"faces": {
				"north": {"uv": [5.5, 6.5, 6.125, 7.5], "texture": "#2"},
				"east": {"uv": [3, 3, 4.375, 4], "texture": "#2"},
				"south": {"uv": [6.25, 6.5, 6.875, 7.5], "texture": "#2"},
				"west": {"uv": [3, 4, 4.375, 5], "texture": "#2"},
				"up": {"uv": [6.875, 4.875, 6.25, 3.5], "texture": "#2"},
				"down": {"uv": [6.875, 5, 6.25, 6.375], "texture": "#2"}
			}
		},
		{
			"from": [7.25, 9.53806, 17.44134],
			"to": [8.75, 10.53806, 20.44134],
			"rotation": {"angle": 22.5, "axis": "x", "origin": [8, 10.03806, 18.94134]},
			"faces": {
				"north": {"uv": [8.25, 9, 8.625, 9.25], "texture": "#2"},
				"east": {"uv": [8.75, 2, 9.5, 2.25], "texture": "#2"},
				"south": {"uv": [8.75, 9, 9.125, 9.25], "texture": "#2"},
				"west": {"uv": [8.75, 2.25, 9.5, 2.5], "texture": "#2"},
				"up": {"uv": [0.375, 9, 0, 8.25], "texture": "#2"},
				"down": {"uv": [0.875, 8.25, 0.5, 9], "texture": "#2"}
			}
		},
		{
			"from": [7, 5.38806, 15.66634],
			"to": [9, 6.38806, 17.16634],
			"rotation": {"angle": -45, "axis": "x", "origin": [7, 9.13806, 12.41634]},
			"faces": {
				"north": {"uv": [9, 4.25, 9.5, 4.5], "texture": "#2"},
				"east": {"uv": [0, 9.25, 0.375, 9.5], "texture": "#2"},
				"south": {"uv": [4.5, 9, 5, 9.25], "texture": "#2"},
				"west": {"uv": [0.5, 9.25, 0.875, 9.5], "texture": "#2"},
				"up": {"uv": [9.25, 4.125, 8.75, 3.75], "texture": "#2"},
				"down": {"uv": [6.5, 8.75, 6, 9.125], "texture": "#2"}
			}
		},
		{
			"from": [6.75, 9.78806, 9.44134],
			"to": [9.25, 10.78806, 11.94134],
			"rotation": {"angle": 0, "axis": "y", "origin": [7, 13.53806, 8.94134]},
			"faces": {
				"north": {"uv": [7, 8.75, 7.625, 9], "texture": "#2"},
				"east": {"uv": [7.75, 8.75, 8.375, 9], "texture": "#2"},
				"south": {"uv": [8.5, 8.75, 9.125, 9], "texture": "#2"},
				"west": {"uv": [0, 9, 0.625, 9.25], "texture": "#2"},
				"up": {"uv": [0.625, 8.125, 0, 7.5], "texture": "#2"},
				"down": {"uv": [1.375, 7.5, 0.75, 8.125], "texture": "#2"}
			}
		},
		{
			"from": [7, 10.28806, -2.95866],
			"to": [9, 10.78806, 9.54134],
			"rotation": {"angle": 0, "axis": "y", "origin": [7, 13.53806, 4.04134]},
			"faces": {
				"north": {"uv": [9.25, 3.5, 9.75, 3.625], "texture": "#2"},
				"east": {"uv": [7.25, 2.75, 10.375, 2.875], "texture": "#2"},
				"south": {"uv": [9.25, 3.75, 9.75, 3.875], "texture": "#2"},
				"west": {"uv": [7.25, 3, 10.375, 3.125], "texture": "#2"},
				"up": {"uv": [3, 4.125, 2.5, 1], "texture": "#2"},
				"down": {"uv": [0.5, 3, 0, 6.125], "texture": "#2"}
			}
		},
		{
			"from": [6.755, 9.37076, 10.31941],
			"to": [9.245, 10.36076, 12.80941],
			"rotation": {"angle": 22.5, "axis": "x", "origin": [8, 9.86576, 11.56441]},
			"faces": {
				"north": {"uv": [9, 0, 9.625, 0.25], "texture": "#2"},
				"east": {"uv": [9, 0.25, 9.625, 0.5], "texture": "#2"},
				"south": {"uv": [0.75, 9, 1.375, 9.25], "texture": "#2"},
				"west": {"uv": [9, 0.75, 9.625, 1], "texture": "#2"},
				"up": {"uv": [6.125, 8.125, 5.5, 7.5], "texture": "#2"},
				"down": {"uv": [6.875, 7.5, 6.25, 8.125], "texture": "#2"}
			}
		},
		{
			"from": [7.25, 10.39753, 6.76902],
			"to": [8.75, 13.39753, 9.76902],
			"rotation": {"angle": -45, "axis": "x", "origin": [8, 11.64753, 9.51902]},
			"faces": {
				"north": {"uv": [1, 8.25, 1.375, 9], "texture": "#2"},
				"east": {"uv": [3, 7.25, 3.75, 8], "texture": "#2"},
				"south": {"uv": [4.5, 8.25, 4.875, 9], "texture": "#2"},
				"west": {"uv": [3.75, 7.25, 4.5, 8], "texture": "#2"},
				"up": {"uv": [5.375, 9, 5, 8.25], "texture": "#2"},
				"down": {"uv": [5.875, 8.25, 5.5, 9], "texture": "#2"}
			}
		},
		{
			"from": [6.75, 1.81985, 13.12849],
			"to": [9.25, 4.31985, 19.12849],
			"rotation": {"angle": 0, "axis": "y", "origin": [7, 4.31985, 13.12849]},
			"faces": {
				"north": {"uv": [7, 7.5, 7.625, 8.125], "texture": "#2"},
				"east": {"uv": [3, 5, 4.5, 5.625], "texture": "#2"},
				"south": {"uv": [7.75, 0, 8.375, 0.625], "texture": "#2"},
				"west": {"uv": [5.25, 0, 6.75, 0.625], "texture": "#2"},
				"up": {"uv": [5.375, 6.75, 4.75, 5.25], "texture": "#2"},
				"down": {"uv": [6.125, 3.5, 5.5, 5], "texture": "#2"}
			}
		},
		{
			"from": [8, 6.5, 7.5],
			"to": [8, 10.5, 13.5],
			"rotation": {"angle": 0, "axis": "y", "origin": [6, 8.5, 7.5]},
			"faces": {
				"north": {"uv": [0, 0, 0, 1], "texture": "#2"},
				"east": {"uv": [3, 1, 4.5, 2], "texture": "#2"},
				"south": {"uv": [0, 0, 0, 1], "texture": "#2"},
				"west": {"uv": [3, 2, 4.5, 3], "texture": "#2"},
				"up": {"uv": [0, 1.5, 0, 0], "texture": "#2"},
				"down": {"uv": [0, 0, 0, 1.5], "texture": "#2"}
			}
		}
	],
	"display": {
		"thirdperson": {
			"rotation": [90, 0, -180],
			"translation": [0, 1.8, -1.5],
			"scale": [0.4, 0.4, 0.4]
		},
		"firstperson": {
			"rotation": [0, -50, 0],
			"translation": [-6, 4.9, 1],
			"scale": [0.6, 0.6, 0.6]
		},
		"ground": {
			"translation": [0, 2, 0],
			"scale": [1.3, 1.3, 1.3]
		},
		"gui": {
			"translation": [1, 1, 0],
			"rotation": [40, 225, 0],
			"scale": [1, 0.95, 1]
		}
	},
	"groups": [
		{
			"name": "group",
			"origin": [6.5, 14.5, 3.85],
			"color": 0,
			"children": [0, 1, 2, 3, 4, 5, 6, 7, 8]
		},
		9,
		10,
		11,
		{
			"name": "group",
			"origin": [8, 11.87862, -1.82224],
			"color": 0,
			"children": [12, 13, 14]
		},
		15,
		{
			"name": "group",
			"origin": [6.5, 2.53073, 10.05448],
			"color": 0,
			"children": [16, 17, 18]
		},
		{
			"name": "group",
			"origin": [7, 4.31985, 13.12849],
			"color": 0,
			"children": [19, 20, 21, 22, 23, 24, 25, 26, 27, 28]
		},
		29
	]
}