{
	"credit": "Made with Blockbench",
	"texture_size": [64, 64],
	"textures": {
		"2": "ammo/sniper_cartige"
	},
	"elements": [
		{
			"from": [6, 1.5, 0.75],
			"to": [10, 14.5, 8.25],
			"rotation": {"angle": 0, "axis": "y", "origin": [6, 0, -0.25]},
			"faces": {
				"north": {"uv": [3.5, 3.25, 4.5, 6.5], "texture": "#2"},
				"east": {"uv": [0, 0, 1.875, 3.25], "texture": "#2"},
				"west": {"uv": [2, 0, 3.875, 3.25], "texture": "#2"},
				"up": {"uv": [5.5, 4.625, 4.5, 2.75], "texture": "#2"},
				"down": {"uv": [5.5, 4.75, 4.5, 6.625], "texture": "#2"}
			}
		},
		{
			"from": [6, 1.5, 8.25],
			"to": [10, 12.5, 14.75],
			"rotation": {"angle": 0, "axis": "y", "origin": [6, 0, -0.25]},
			"faces": {
				"east": {"uv": [0, 3.25, 1.625, 6], "texture": "#2"},
				"south": {"uv": [4, 0, 5, 2.75], "texture": "#2"},
				"west": {"uv": [1.75, 3.25, 3.375, 6], "texture": "#2"},
				"up": {"uv": [6, 1.625, 5, 0], "texture": "#2"},
				"down": {"uv": [6.5, 1.75, 5.5, 3.375], "texture": "#2"}
			}
		},
		{
			"from": [6.005, 11.72476, 8.53032],
			"to": [9.995, 14.71476, 10.02032],
			"rotation": {"angle": -45, "axis": "x", "origin": [8, 12.46688, 9.40293]},
			"faces": {
				"east": {"uv": [5, 1.75, 5.375, 2.5], "texture": "#2"},
				"south": {"uv": [6, 0, 7, 0.75], "texture": "#2"},
				"west": {"uv": [6, 0.75, 6.375, 1.5], "texture": "#2"}
			}
		},
		{
			"from": [6.008, 11.28275, 9.03353],
			"to": [9.992, 12.76675, 11.01753],
			"rotation": {"angle": 22.5, "axis": "x", "origin": [8, 12.02475, 10.02553]},
			"faces": {
				"east": {"uv": [4, 2.75, 4.5, 3.125], "texture": "#2"},
				"west": {"uv": [1.5, 6, 2, 6.375], "texture": "#2"},
				"up": {"uv": [1.5, 6.5, 0.5, 6], "texture": "#2"}
			}
		},
		{
			"from": [7.25, 13.25, 1.75],
			"to": [8.75, 14.75, 10.75],
			"rotation": {"angle": 45, "axis": "z", "origin": [8, 14, 10]},
			"faces": {
				"north": {"uv": [2, 6, 2.375, 6.375], "texture": "#2"},
				"east": {"uv": [5.5, 3.5, 7.75, 3.875], "texture": "#2"},
				"south": {"uv": [2.5, 6, 2.875, 6.375], "texture": "#2"},
				"west": {"uv": [5.5, 4, 7.75, 4.375], "texture": "#2"},
				"up": {"uv": [5.875, 6.75, 5.5, 4.5], "texture": "#2"},
				"down": {"uv": [0.375, 6, 0, 8.25], "texture": "#2"}
			}
		},
		{
			"from": [7.5, 13.5, 10.75],
			"to": [8.5, 14.5, 12.75],
			"rotation": {"angle": 45, "axis": "z", "origin": [8, 14, 10]},
			"faces": {
				"east": {"uv": [5, 2.5, 5.5, 2.75], "texture": "#2"},
				"south": {"uv": [6, 4.5, 6.25, 4.75], "texture": "#2"},
				"west": {"uv": [6, 1.5, 6.5, 1.75], "texture": "#2"},
				"up": {"uv": [3.25, 6.5, 3, 6], "texture": "#2"},
				"down": {"uv": [3.5, 6, 3.25, 6.5], "texture": "#2"}
			}
		},
		{
			"from": [7.75, 13.75, 12.75],
			"to": [8.25, 14.25, 13.75],
			"rotation": {"angle": 45, "axis": "z", "origin": [8, 14, 10]},
			"faces": {
				"east": {"uv": [6, 4.75, 6.25, 4.875], "texture": "#2"},
				"south": {"uv": [6, 5.75, 6.125, 5.875], "texture": "#2"},
				"west": {"uv": [6, 5, 6.25, 5.125], "texture": "#2"},
				"up": {"uv": [6.125, 5.5, 6, 5.25], "texture": "#2"},
				"down": {"uv": [6.125, 5.5, 6, 5.75], "texture": "#2"}
			}
		}
	],
	"display": {
		"thirdperson": {
			"rotation": [90, 0, -180],
			"translation": [0, 1.7, -1.2],
			"scale": [0.25, 0.25, 0.25]
		},
		"firstperson": {
			"rotation": [0, -55, 0],
			"translation": [-6, 4.5, 1.2],
			"scale": [0.5, 0.5, 0.5]
		},
		"ground": {
			"translation": [0, 2, 0],
			"scale": [1, 1, 1]
		},
		"gui": {
			"rotation": [0, 0, 0],
			"scale": [1.4, 1.4, 1.4]
		}
	}
}