{
	"credit": "Made with Blockbench",
	"texture_size": [64, 64],
	"textures": {
		"0": "weapons/glock",
		"particle": "weapons/glock"
	},
	"elements": [
		{
			"from": [6.25, 13.75, -5],
			"to": [9.75, 17.25, 20],
			"rotation": {"angle": 0, "axis": "y", "origin": [6.5, 13.75, 0]},
			"faces": {
				"north": {"uv": [7.75, 4.5, 8.625, 5.375], "texture": "#0"},
				"east": {"uv": [3.5, 0, 9.75, 0.875], "texture": "#0"},
				"south": {"uv": [7.75, 5.5, 8.625, 6.375], "texture": "#0"},
				"west": {"uv": [3.5, 1, 9.75, 1.875], "texture": "#0"},
				"up": {"uv": [4.375, 8.25, 3.5, 2], "texture": "#0"},
				"down": {"uv": [0.875, 3.75, 0, 10], "texture": "#0"}
			}
		},
		{
			"from": [6.5, -0.25, 14.25],
			"to": [9.5, 1.75, 20.75],
			"rotation": {"angle": 0, "axis": "y", "origin": [6.5, -0.25, 14.25]},
			"faces": {
				"north": {"uv": [8.5, 7.5, 9.25, 8], "texture": "#0"},
				"east": {"uv": [7.5, 3.5, 9.125, 4], "texture": "#0"},
				"south": {"uv": [7.75, 8.5, 8.5, 9], "texture": "#0"},
				"west": {"uv": [7.5, 4, 9.125, 4.5], "texture": "#0"},
				"up": {"uv": [5.25, 7.375, 4.5, 5.75], "texture": "#0"},
				"down": {"uv": [6.75, 2, 6, 3.625], "texture": "#0"}
			}
		},
		{
			"from": [6.495, 0.07006, 12.09285],
			"to": [9.505, 15.08006, 18.60285],
			"rotation": {"angle": -22.5, "axis": "x", "origin": [8, 7.57506, 15.34785]},
			"faces": {
				"north": {"uv": [1, 3.75, 1.75, 7.5], "texture": "#0"},
				"east": {"uv": [0, 0, 1.625, 3.75], "texture": "#0"},
				"south": {"uv": [1.75, 3.75, 2.5, 7.5], "texture": "#0"},
				"west": {"uv": [1.75, 0, 3.375, 3.75], "texture": "#0"},
				"up": {"uv": [6.75, 5.375, 6, 3.75], "texture": "#0"}
			}
		},
		{
			"from": [6.505, -0.245, 20.755],
			"to": [9.495, 1.745, 22.745],
			"rotation": {"angle": -45, "axis": "x", "origin": [6.5, -0.25, 20.75]},
			"faces": {
				"north": {"uv": [8.5, 8, 9.25, 8.5], "texture": "#0"},
				"east": {"uv": [9.25, 7.25, 9.75, 7.75], "texture": "#0"},
				"south": {"uv": [8.5, 8.5, 9.25, 9], "texture": "#0"},
				"west": {"uv": [9.25, 7.75, 9.75, 8.25], "texture": "#0"},
				"up": {"uv": [9.5, 5, 8.75, 4.5], "texture": "#0"},
				"down": {"uv": [9.5, 5, 8.75, 5.5], "texture": "#0"}
			}
		},
		{
			"from": [6.503, 0.40497, 18.33514],
			"to": [9.497, 15.39897, 19.32914],
			"rotation": {"angle": -22.5, "axis": "x", "origin": [8, 7.90197, 18.83214]},
			"faces": {
				"north": {"uv": [2.5, 3.75, 3.25, 7.5], "texture": "#0"},
				"east": {"uv": [3.25, 3.75, 3.5, 7.5], "texture": "#0"},
				"south": {"uv": [4.5, 2, 5.25, 5.75], "texture": "#0"},
				"west": {"uv": [6.75, 6.75, 7, 10.5], "texture": "#0"},
				"up": {"uv": [10.5, 3.25, 9.75, 3], "texture": "#0"},
				"down": {"uv": [10.5, 3.25, 9.75, 3.5], "texture": "#0"}
			}
		},
		{
			"from": [6.5, 12.89885, 16.31645],
			"to": [9.5, 13.89885, 20.31645],
			"rotation": {"angle": 0, "axis": "y", "origin": [6.5, 11.89885, 20.31645]},
			"faces": {
				"north": {"uv": [9.75, 3.5, 10.5, 3.75], "texture": "#0"},
				"east": {"uv": [9.25, 8.25, 10.25, 8.5], "texture": "#0"},
				"south": {"uv": [4.25, 9.75, 5, 10], "texture": "#0"},
				"west": {"uv": [9.25, 8.5, 10.25, 8.75], "texture": "#0"},
				"up": {"uv": [3.5, 8.5, 2.75, 7.5], "texture": "#0"},
				"down": {"uv": [5.25, 7.5, 4.5, 8.5], "texture": "#0"}
			}
		},
		{
			"from": [6.5, 11.89885, 2.06645],
			"to": [9.5, 13.89885, 11.06645],
			"rotation": {"angle": 0, "axis": "y", "origin": [6.5, 11.89885, 6.06645]},
			"faces": {
				"north": {"uv": [8.75, 5.5, 9.5, 6], "texture": "#0"},
				"east": {"uv": [6.75, 2, 9, 2.5], "texture": "#0"},
				"south": {"uv": [6, 8.75, 6.75, 9.25], "texture": "#0"},
				"west": {"uv": [6.75, 2.5, 9, 3], "texture": "#0"},
				"up": {"uv": [6, 4.25, 5.25, 2], "texture": "#0"},
				"down": {"uv": [6, 4.25, 5.25, 6.5], "texture": "#0"}
			}
		},
		{
			"from": [6.505, 9.61248, 8.0922],
			"to": [9.495, 11.10248, 11.5822],
			"rotation": {"angle": 22.5, "axis": "x", "origin": [8, 12.43717, 13.97182]},
			"faces": {
				"north": {"uv": [6, 9.25, 6.75, 9.625], "texture": "#0"},
				"east": {"uv": [8.75, 6, 9.625, 6.375], "texture": "#0"},
				"south": {"uv": [9.25, 6.5, 10, 6.875], "texture": "#0"},
				"west": {"uv": [9, 2, 9.875, 2.375], "texture": "#0"},
				"up": {"uv": [8.5, 8.375, 7.75, 7.5], "texture": "#0"},
				"down": {"uv": [1.75, 8, 1, 8.875], "texture": "#0"}
			}
		},
		{
			"from": [6.508, 10.75081, 17.23116],
			"to": [9.492, 11.73481, 19.71516],
			"rotation": {"angle": -22.5, "axis": "x", "origin": [8, 12.43717, 13.97182]},
			"faces": {
				"north": {"uv": [5.75, 9.75, 6.5, 10], "texture": "#0"},
				"east": {"uv": [9.75, 8, 10.375, 8.25], "texture": "#0"},
				"south": {"uv": [9.75, 6, 10.5, 6.25], "texture": "#0"},
				"west": {"uv": [9.5, 9.75, 10.125, 10], "texture": "#0"},
				"up": {"uv": [6, 8.875, 5.25, 8.25], "texture": "#0"},
				"down": {"uv": [7.75, 8.25, 7, 8.875], "texture": "#0"}
			}
		},
		{
			"from": [6.505, 12.04774, 17.16025],
			"to": [9.495, 14.53774, 18.15025],
			"rotation": {"angle": 22.5, "axis": "x", "origin": [8, 12.43717, 13.97182]},
			"faces": {
				"north": {"uv": [2.75, 8.5, 3.5, 9.125], "texture": "#0"},
				"east": {"uv": [6.5, 9.75, 6.75, 10.375], "texture": "#0"},
				"south": {"uv": [4.5, 8.5, 5.25, 9.125], "texture": "#0"},
				"west": {"uv": [0, 10, 0.25, 10.625], "texture": "#0"},
				"up": {"uv": [10.5, 6.5, 9.75, 6.25], "texture": "#0"},
				"down": {"uv": [10.5, 7.25, 9.75, 7.5], "texture": "#0"}
			}
		},
		{
			"from": [6.75, 12, -4.9],
			"to": [9.25, 14, 2.1],
			"rotation": {"angle": 0, "axis": "y", "origin": [7, 12, 0.1]},
			"faces": {
				"north": {"uv": [9.25, 3.75, 9.875, 4.25], "texture": "#0"},
				"east": {"uv": [1, 7.5, 2.75, 8], "texture": "#0"},
				"south": {"uv": [4.25, 9.25, 4.875, 9.75], "texture": "#0"},
				"west": {"uv": [7.5, 3, 9.25, 3.5], "texture": "#0"},
				"up": {"uv": [5.875, 8.25, 5.25, 6.5], "texture": "#0"},
				"down": {"uv": [7.375, 3, 6.75, 4.75], "texture": "#0"}
			}
		},
		{
			"from": [6.75, -1.5, 14.45],
			"to": [9.25, 0.5, 20.45],
			"rotation": {"angle": 0, "axis": "y", "origin": [7.5, -1.5, 14.45]},
			"faces": {
				"north": {"uv": [1, 9, 1.625, 9.5], "texture": "#0"},
				"east": {"uv": [7.75, 6.5, 9.25, 7], "texture": "#0"},
				"south": {"uv": [9, 2.5, 9.625, 3], "texture": "#0"},
				"west": {"uv": [7.75, 7, 9.25, 7.5], "texture": "#0"},
				"up": {"uv": [7.625, 8.25, 7, 6.75], "texture": "#0"},
				"down": {"uv": [6.625, 7.25, 6, 8.75], "texture": "#0"}
			}
		},
		{
			"from": [7, -0.75, 20.2],
			"to": [9, 1.25, 22.2],
			"rotation": {"angle": -22.5, "axis": "x", "origin": [8.5, 0.25, 21.2]},
			"faces": {
				"north": {"uv": [5.25, 9, 5.875, 9.5], "texture": "#0"},
				"east": {"uv": [9.25, 8.75, 9.75, 9.25], "texture": "#0"},
				"south": {"uv": [7, 9, 7.625, 9.5], "texture": "#0"},
				"west": {"uv": [9.25, 9.25, 9.75, 9.75], "texture": "#0"},
				"up": {"uv": [8.375, 9.5, 7.75, 9], "texture": "#0"},
				"down": {"uv": [9.125, 9, 8.5, 9.5], "texture": "#0"}
			}
		},
		{
			"from": [7, 7.5, 5],
			"to": [9, 8.5, 9.5],
			"rotation": {"angle": 0, "axis": "y", "origin": [7, 6.5, 7]},
			"faces": {
				"north": {"uv": [2, 10, 2.5, 10.25], "texture": "#0"},
				"east": {"uv": [9.25, 4.25, 10.375, 4.5], "texture": "#0"},
				"south": {"uv": [10, 2, 10.5, 2.25], "texture": "#0"},
				"west": {"uv": [9.25, 7, 10.375, 7.25], "texture": "#0"},
				"up": {"uv": [2.25, 9.125, 1.75, 8], "texture": "#0"},
				"down": {"uv": [2.75, 8, 2.25, 9.125], "texture": "#0"}
			}
		},
		{
			"from": [7, 8.25, 4.25],
			"to": [9, 12.25, 5.25],
			"rotation": {"angle": 0, "axis": "y", "origin": [7, 11.25, 3.25]},
			"faces": {
				"north": {"uv": [3.5, 8.25, 4, 9.25], "texture": "#0"},
				"east": {"uv": [5, 9.25, 5.25, 10.25], "texture": "#0"},
				"south": {"uv": [4, 8.25, 4.5, 9.25], "texture": "#0"},
				"west": {"uv": [1, 9.5, 1.25, 10.5], "texture": "#0"},
				"up": {"uv": [10.5, 2.5, 10, 2.25], "texture": "#0"},
				"down": {"uv": [3, 10, 2.5, 10.25], "texture": "#0"}
			}
		},
		{
			"from": [7.005, 8.42744, 3.24572],
			"to": [8.995, 10.41744, 5.23572],
			"rotation": {"angle": 45, "axis": "x", "origin": [8, 10.09646, 7.60675]},
			"faces": {
				"north": {"uv": [1.25, 9.5, 1.75, 10], "texture": "#0"},
				"east": {"uv": [9.5, 4.5, 10, 5], "texture": "#0"},
				"south": {"uv": [9.5, 5, 10, 5.5], "texture": "#0"},
				"west": {"uv": [5.25, 9.5, 5.75, 10], "texture": "#0"},
				"up": {"uv": [10, 6, 9.5, 5.5], "texture": "#0"},
				"down": {"uv": [7.5, 9.5, 7, 10], "texture": "#0"}
			}
		},
		{
			"from": [7.005, 6.70509, 5.19705],
			"to": [8.995, 8.19509, 7.18705],
			"rotation": {"angle": 22.5, "axis": "x", "origin": [8, 10.09646, 7.60675]},
			"faces": {
				"north": {"uv": [9.75, 7.5, 10.25, 7.875], "texture": "#0"},
				"east": {"uv": [9.75, 8.75, 10.25, 9.125], "texture": "#0"},
				"west": {"uv": [9.75, 9.25, 10.25, 9.625], "texture": "#0"},
				"up": {"uv": [8, 10, 7.5, 9.5], "texture": "#0"},
				"down": {"uv": [8.5, 9.5, 8, 10], "texture": "#0"}
			}
		},
		{
			"from": [7.005, 6.97813, 8.36726],
			"to": [8.995, 7.96813, 10.85726],
			"rotation": {"angle": -22.5, "axis": "x", "origin": [8, 10.09646, 7.60675]},
			"faces": {
				"north": {"uv": [3, 10, 3.5, 10.25], "texture": "#0"},
				"east": {"uv": [0.25, 10, 0.875, 10.25], "texture": "#0"},
				"south": {"uv": [3.5, 10, 4, 10.25], "texture": "#0"},
				"west": {"uv": [1.25, 10, 1.875, 10.25], "texture": "#0"},
				"up": {"uv": [2.25, 9.875, 1.75, 9.25], "texture": "#0"},
				"down": {"uv": [2.75, 9.25, 2.25, 9.875], "texture": "#0"}
			}
		},
		{
			"from": [7, 8.40014, 10.7719],
			"to": [9, 10.90014, 12.7719],
			"rotation": {"angle": 22.5, "axis": "x", "origin": [8, 10.52514, 11.2719]},
			"faces": {
				"north": {"uv": [2.75, 9.25, 3.25, 9.875], "texture": "#0"},
				"east": {"uv": [9.25, 3, 9.75, 3.625], "texture": "#0"},
				"south": {"uv": [3.25, 9.25, 3.75, 9.875], "texture": "#0"},
				"west": {"uv": [3.75, 9.25, 4.25, 9.875], "texture": "#0"},
				"up": {"uv": [9, 10, 8.5, 9.5], "texture": "#0"},
				"down": {"uv": [10.25, 0, 9.75, 0.5], "texture": "#0"}
			}
		},
		{
			"from": [8, 8.75, 7.5],
			"to": [8, 12.75, 11.5],
			"rotation": {"angle": 0, "axis": "y", "origin": [6.25, 8.75, 8.5]},
			"faces": {
				"north": {"uv": [0, 0, 0, 1], "texture": "#0"},
				"east": {"uv": [6.75, 4.75, 7.75, 5.75], "texture": "#0"},
				"south": {"uv": [0, 0, 0, 1], "texture": "#0"},
				"west": {"uv": [6.75, 5.75, 7.75, 6.75], "texture": "#0"},
				"up": {"uv": [0, 1, 0, 0], "texture": "#0"},
				"down": {"uv": [0, 0, 0, 1], "texture": "#0"}
			}
		},
		{
			"from": [7, 16.75, -4.25],
			"to": [9, 17.75, -2.25],
			"rotation": {"angle": 0, "axis": "y", "origin": [7, 16.75, -4.25]},
			"faces": {
				"north": {"uv": [10, 3.75, 10.5, 4], "texture": "#0"},
				"east": {"uv": [4, 10, 4.5, 10.25], "texture": "#0"},
				"south": {"uv": [10, 4, 10.5, 4.25], "texture": "#0"},
				"west": {"uv": [4.5, 10, 5, 10.25], "texture": "#0"},
				"up": {"uv": [10.25, 1, 9.75, 0.5], "texture": "#0"},
				"down": {"uv": [10.25, 1, 9.75, 1.5], "texture": "#0"}
			}
		},
		{
			"from": [7, 17, 17.5],
			"to": [9, 18, 19.5],
			"rotation": {"angle": 0, "axis": "y", "origin": [7, 17, 17.5]},
			"faces": {
				"north": {"uv": [10, 4.5, 10.5, 4.75], "texture": "#0"},
				"east": {"uv": [10, 4.75, 10.5, 5], "texture": "#0"},
				"south": {"uv": [10, 5, 10.5, 5.25], "texture": "#0"},
				"west": {"uv": [5.25, 10, 5.75, 10.25], "texture": "#0"},
				"up": {"uv": [10.25, 2, 9.75, 1.5], "texture": "#0"},
				"down": {"uv": [10.25, 2.5, 9.75, 3], "texture": "#0"}
			}
		}
	],
	"display": {
		"thirdperson": {
			"rotation": [90, 0, -180],
			"translation": [0, 1.65, -1.2],
			"scale": [0.3, 0.3, 0.3]
		},
		"firstperson": {
			"rotation": [0, -50, 0],
			"translation": [-6, 4.9, 1],
			"scale": [0.5, 0.5, 0.5]
		},
		"ground": {
			"translation": [0, 2, 0],
			"scale": [1.3, 1.3, 1.3]
		},
		"gui": {
			"translation": [1, 1, 0],
			"rotation": [40, 225, 0],
			"scale": [0.8, 0.8, 0.8]
		}
	},
	"groups": [
		0,
		{
			"name": "group",
			"origin": [6.5, 12.39885, 19.56645],
			"color": 0,
			"children": [1, 2, 3, 4, 5, 6, 7, 8, 9]
		},
		10,
		{
			"name": "group",
			"origin": [8, 0.25, 21.2],
			"color": 0,
			"children": [11, 12]
		},
		{
			"name": "group",
			"origin": [8, 10.52514, 11.2719],
			"color": 0,
			"children": [13, 14, 15, 16, 17, 18]
		},
		19,
		{
			"name": "group",
			"origin": [7, 16.5, 17.5],
			"color": 0,
			"children": [20, 21]
		}
	]
}