{
	"credit": "Made with Blockbench",
	"texture_size": [32, 32],
	"textures": {
		"0": "misc/tracker",
		"particle": "misc/tracker"
	},
	"elements": [
		{
			"from": [1.075, 0, 6],
			"to": [15.075, 11, 10],
			"rotation": {"angle": 0, "axis": "y", "origin": [5.575, 13.25, 8]},
			"faces": {
				"north": {"uv": [0, 0, 7, 5.5], "texture": "#0"},
				"east": {"uv": [7, 4, 9, 9.5], "texture": "#0"},
				"south": {"uv": [0, 5.5, 7, 11], "texture": "#0"},
				"west": {"uv": [9, 4, 11, 9.5], "texture": "#0"},
				"up": {"uv": [14, 2, 7, 0], "texture": "#0"},
				"down": {"uv": [14, 2, 7, 4], "texture": "#0"}
			}
		},
		{
			"from": [1.075, 11, 6],
			"to": [8.075, 14, 10],
			"rotation": {"angle": 0, "axis": "y", "origin": [5.575, 13.25, 8]},
			"faces": {
				"north": {"uv": [0, 11, 3.5, 12.5], "texture": "#0"},
				"east": {"uv": [11, 8, 13, 9.5], "texture": "#0"},
				"south": {"uv": [3.5, 11, 7, 12.5], "texture": "#0"},
				"west": {"uv": [7, 11.5, 9, 13], "texture": "#0"},
				"up": {"uv": [10.5, 11.5, 7, 9.5], "texture": "#0"},
				"down": {"uv": [14, 9.5, 10.5, 11.5], "texture": "#0"}
			}
		},
		{
			"from": [2.075, 14, 7],
			"to": [4.075, 17, 9],
			"rotation": {"angle": 0, "axis": "y", "origin": [5.575, 13.25, 8]},
			"faces": {
				"north": {"uv": [4, 12.5, 5, 14], "texture": "#0"},
				"east": {"uv": [5, 12.5, 6, 14], "texture": "#0"},
				"south": {"uv": [6, 12.5, 7, 14], "texture": "#0"},
				"west": {"uv": [13, 4, 14, 5.5], "texture": "#0"},
				"up": {"uv": [14, 6.5, 13, 5.5], "texture": "#0"},
				"down": {"uv": [14, 6.5, 13, 7.5], "texture": "#0"}
			}
		},
		{
			"from": [2.325, 17, 7.25],
			"to": [3.825, 25, 8.75],
			"rotation": {"angle": 0, "axis": "y", "origin": [5.575, 13.25, 8]},
			"faces": {
				"north": {"uv": [9, 11.5, 9.75, 15.5], "texture": "#0"},
				"east": {"uv": [10, 11.5, 10.75, 15.5], "texture": "#0"},
				"south": {"uv": [11, 11.5, 11.75, 15.5], "texture": "#0"},
				"west": {"uv": [12, 11.5, 12.75, 15.5], "texture": "#0"},
				"up": {"uv": [7.75, 13.75, 7, 13], "texture": "#0"},
				"down": {"uv": [13.75, 7.5, 13, 8.25], "texture": "#0"}
			}
		},
		{
			"from": [6.92149, 9.77456, 6.005],
			"to": [8.91149, 13.76456, 9.995],
			"rotation": {"angle": 22.5, "axis": "z", "origin": [7.91649, 11.76956, 8]},
			"faces": {
				"north": {"uv": [0, 12.5, 1, 14.5], "texture": "#0"},
				"east": {"uv": [11, 4, 13, 6], "texture": "#0"},
				"south": {"uv": [1, 12.5, 2, 14.5], "texture": "#0"},
				"west": {"uv": [11, 6, 13, 8], "texture": "#0"},
				"up": {"uv": [3, 14.5, 2, 12.5], "texture": "#0"},
				"down": {"uv": [4, 12.5, 3, 14.5], "texture": "#0"}
			}
		}
	],
	"display": {
		"thirdperson": {
			"rotation": [-70, 360, 0],
			"translation": [0, 1.6, -2],
			"scale": [0.25, 0.25, 0.25]
		},
		"firstperson": {
			"rotation": [0, 100, 0],
			"translation": [-6, 5, 1.2],
			"scale": [0.45, 0.45, 0.45]
		},
		"ground": {
			"translation": [0, 2, 0],
			"scale": [1.5, 1.5, 1.5]
		},
		"gui": {
			"rotation": [50, 0, 0],
			"translation": [0, -1.4, 0],
			"scale": [0.9, 0.9, 0.9]
		}
	}
}