{
	"credit": "Made with Blockbench",
	"texture_size": [32, 32],
	"textures": {
		"2": "swords/katana"
	},
	"elements": [
		{
			"from": [6.65089, 2.28661, 6.65089],
			"to": [9.40089, 2.78661, 9.40089],
			"rotation": {"angle": -45, "axis": "y", "origin": [8, 5.78661, 8]},
			"faces": {
				"north": {"uv": [9.5, 4.5, 8, 4.75], "rotation": 180, "texture": "#2"},
				"east": {"uv": [4, 7.5, 4.25, 9], "rotation": 270, "texture": "#2"},
				"south": {"uv": [9.5, 4.25, 8, 4], "texture": "#2"},
				"west": {"uv": [4.5, 7.5, 4.75, 9], "rotation": 90, "texture": "#2"},
				"up": {"uv": [2, 5, 3.5, 6.5], "rotation": 180, "texture": "#2"},
				"down": {"uv": [3.5, 5, 5, 6.5], "texture": "#2"}
			}
		},
		{
			"from": [8, 2, 5.96339],
			"to": [8, 31, 9.96339],
			"rotation": {"angle": 0, "axis": "y", "origin": [8, 5.78661, 8]},
			"faces": {
				"east": {"uv": [0, 0, 14.5, 2], "rotation": 270, "texture": "#2"},
				"west": {"uv": [0, 2, 14.5, 4], "rotation": 90, "texture": "#2"}
			}
		},
		{
			"from": [7.22411, -5.71339, 7.22411],
			"to": [8.72411, 2.28661, 8.72411],
			"rotation": {"angle": -45, "axis": "y", "origin": [8, 5.78661, 8]},
			"faces": {
				"north": {"uv": [1.75, 5, 1, 9], "rotation": 180, "texture": "#2"},
				"east": {"uv": [0, 4, 4, 4.75], "rotation": 270, "texture": "#2"},
				"south": {"uv": [0.75, 9, 0, 5], "texture": "#2"},
				"west": {"uv": [4, 4, 8, 4.75], "rotation": 90, "texture": "#2"},
				"up": {"uv": [2, 7.5, 2.75, 8.25], "rotation": 180, "texture": "#2"},
				"down": {"uv": [3, 7.5, 3.75, 8.25], "texture": "#2"}
			}
		},
		{
			"from": [7.25, -3.371, 15.10584],
			"to": [8.75, -1.371, 17.10584],
			"rotation": {"angle": 45, "axis": "x", "origin": [8, 5.78661, 8]},
			"faces": {
				"north": {"uv": [7.75, 7, 7, 8], "rotation": 180, "texture": "#2"},
				"east": {"uv": [5, 5, 6, 6], "rotation": 270, "texture": "#2"},
				"south": {"uv": [7.75, 7, 7, 6], "texture": "#2"},
				"west": {"uv": [5, 6, 6, 7], "rotation": 90, "texture": "#2"},
				"up": {"uv": [7, 5, 7.75, 6], "rotation": 180, "texture": "#2"},
				"down": {"uv": [6, 7, 6.75, 8], "texture": "#2"}
			}
		}
	],
	"display": {
		"thirdperson": {
			"rotation": [90, 0, -180],
			"translation": [0, 1.2, -3.3],
			"scale": [0.6, 0.6, 0.6]
		},
		"firstperson": {
			"rotation": [0, -55, 0],
			"translation": [-6, 6.2, 1],
			"scale": [0.7, 0.7, 0.7]
		},
		"ground": {
			"translation": [0, 2, 0],
			"scale": [1.5, 1.5, 1.5]
		},
		"gui": {
			"rotation": [0, 0, 50],
			"translation": [0, -1, 0],
			"scale": [1.6, 0.75, 1.66]
		}
	}
}