{
	"credit": "Made with Blockbench",
	"texture_size": [64, 64],
	"textures": {
		"2": "weapons/aa_12",
		"particle": "weapons/aa_12"
	},
	"elements": [
		{
			"from": [7.5, 8.25, -10.25],
			"to": [8.5, 9.25, -2.25],
			"rotation": {"angle": 0, "axis": "y", "origin": [7.5, 5.25, 10.25]},
			"faces": {
				"north": {"uv": [2.25, 6.25, 2.5, 6.5], "texture": "#2"},
				"east": {"uv": [5.5, 4.5, 7.5, 4.75], "texture": "#2"},
				"south": {"uv": [2.25, 6.5, 2.5, 6.75], "texture": "#2"},
				"west": {"uv": [5.5, 4.75, 7.5, 5], "texture": "#2"},
				"up": {"uv": [5.75, 7, 5.5, 5], "texture": "#2"},
				"down": {"uv": [2.75, 5.75, 2.5, 7.75], "texture": "#2"}
			}
		},
		{
			"from": [6.5, 8, -3],
			"to": [9.5, 11, 26],
			"rotation": {"angle": 0, "axis": "y", "origin": [7.5, 5.25, 10.25]},
			"faces": {
				"north": {"uv": [4.75, 2.25, 5.5, 3], "texture": "#2"},
				"east": {"uv": [0, 0, 7.25, 0.75], "texture": "#2"},
				"south": {"uv": [4.75, 3, 5.5, 3.75], "texture": "#2"},
				"west": {"uv": [0, 0.75, 7.25, 1.5], "texture": "#2"},
				"up": {"uv": [0.75, 8.75, 0, 1.5], "texture": "#2"},
				"down": {"uv": [1.5, 1.5, 0.75, 8.75], "texture": "#2"}
			}
		},
		{
			"from": [6.5, 7, 11.5],
			"to": [9.5, 8, 16.5],
			"rotation": {"angle": 0, "axis": "y", "origin": [7.5, 5.25, 10.25]},
			"faces": {
				"north": {"uv": [7, 6.5, 7.75, 6.75], "texture": "#2"},
				"east": {"uv": [6, 4.25, 7.25, 4.5], "texture": "#2"},
				"south": {"uv": [7.25, 2.5, 8, 2.75], "texture": "#2"},
				"west": {"uv": [5.75, 6.5, 7, 6.75], "texture": "#2"},
				"up": {"uv": [3.25, 5.75, 2.5, 4.5], "texture": "#2"},
				"down": {"uv": [4, 4.5, 3.25, 5.75], "texture": "#2"}
			}
		},
		{
			"from": [6.505, 10.20566, 17.13148],
			"to": [9.495, 11.19566, 19.12148],
			"rotation": {"angle": -45, "axis": "x", "origin": [8, 7.8441, 20.67678]},
			"faces": {
				"north": {"uv": [7.25, 2.75, 8, 3], "texture": "#2"},
				"east": {"uv": [2.5, 4.25, 3, 4.5], "texture": "#2"},
				"south": {"uv": [7.25, 3, 8, 3.25], "texture": "#2"},
				"west": {"uv": [3.5, 5.75, 4, 6], "texture": "#2"},
				"up": {"uv": [4.25, 6.5, 3.5, 6], "texture": "#2"},
				"down": {"uv": [6.75, 3.75, 6, 4.25], "texture": "#2"}
			}
		},
		{
			"from": [6.508, 7.03743, 18.03686],
			"to": [9.492, 10.02143, 23.52086],
			"rotation": {"angle": 22.5, "axis": "x", "origin": [8, 7.8441, 20.67678]},
			"faces": {
				"north": {"uv": [4.75, 3.75, 5.5, 4.5], "texture": "#2"},
				"east": {"uv": [1.5, 3.5, 2.875, 4.25], "texture": "#2"},
				"south": {"uv": [4.75, 4.5, 5.5, 5.25], "texture": "#2"},
				"west": {"uv": [4, 1.5, 5.375, 2.25], "texture": "#2"},
				"up": {"uv": [4.75, 3.625, 4, 2.25], "texture": "#2"},
				"down": {"uv": [4.75, 3.75, 4, 5.125], "texture": "#2"}
			}
		},
		{
			"from": [6.505, 6.005, 23.005],
			"to": [9.495, 8.495, 25.995],
			"rotation": {"angle": 0, "axis": "y", "origin": [8, 7.8441, 20.67678]},
			"faces": {
				"north": {"uv": [2.75, 5.75, 3.5, 6.375], "texture": "#2"},
				"east": {"uv": [5.75, 5, 6.5, 5.625], "texture": "#2"},
				"south": {"uv": [5.75, 5.75, 6.5, 6.375], "texture": "#2"},
				"west": {"uv": [6, 1.5, 6.75, 2.125], "texture": "#2"},
				"up": {"uv": [4.75, 6, 4, 5.25], "texture": "#2"},
				"down": {"uv": [5.5, 5.25, 4.75, 6], "texture": "#2"}
			}
		},
		{
			"from": [6.25, 5.5, 26],
			"to": [9.75, 11.5, 27.5],
			"rotation": {"angle": 0, "axis": "y", "origin": [7.25, 5.25, 10.25]},
			"faces": {
				"north": {"uv": [3, 1.5, 3.875, 3], "texture": "#2"},
				"east": {"uv": [5.5, 1.5, 5.875, 3], "texture": "#2"},
				"south": {"uv": [3, 3, 3.875, 4.5], "texture": "#2"},
				"west": {"uv": [5.5, 3, 5.875, 4.5], "texture": "#2"},
				"up": {"uv": [7.375, 5.375, 6.5, 5], "texture": "#2"},
				"down": {"uv": [7.375, 5.5, 6.5, 5.875], "texture": "#2"}
			}
		},
		{
			"from": [7, 0, 8.5],
			"to": [9, 8, 11.5],
			"rotation": {"angle": 0, "axis": "y", "origin": [8, 5.25, 10.25]},
			"faces": {
				"north": {"uv": [1.5, 4.25, 2, 6.25], "texture": "#2"},
				"east": {"uv": [1.5, 1.5, 2.25, 3.5], "texture": "#2"},
				"south": {"uv": [2, 4.25, 2.5, 6.25], "texture": "#2"},
				"west": {"uv": [2.25, 1.5, 3, 3.5], "texture": "#2"},
				"up": {"uv": [4.75, 6.75, 4.25, 6], "texture": "#2"},
				"down": {"uv": [5.25, 6, 4.75, 6.75], "texture": "#2"}
			}
		},
		{
			"from": [7, 0.20338, 14.54589],
			"to": [9, 2.70338, 16.54589],
			"rotation": {"angle": -22.5, "axis": "x", "origin": [8, 5.25, 10.25]},
			"faces": {
				"north": {"uv": [3.5, 6.5, 4, 7.125], "texture": "#2"},
				"east": {"uv": [1.5, 6.75, 2, 7.375], "texture": "#2"},
				"south": {"uv": [6.75, 1.5, 7.25, 2.125], "texture": "#2"},
				"west": {"uv": [2, 6.75, 2.5, 7.375], "texture": "#2"},
				"up": {"uv": [7, 6.5, 6.5, 6], "texture": "#2"},
				"down": {"uv": [7.25, 2.25, 6.75, 2.75], "texture": "#2"}
			}
		},
		{
			"from": [6.75, 1.99686, 15.5979],
			"to": [9.25, 2.99686, 18.0979],
			"rotation": {"angle": 0, "axis": "y", "origin": [8, 5.25, 10.35]},
			"faces": {
				"north": {"uv": [3.5, 7.25, 4.125, 7.5], "texture": "#2"},
				"east": {"uv": [7.25, 4, 7.875, 4.25], "texture": "#2"},
				"south": {"uv": [4.25, 7.25, 4.875, 7.5], "texture": "#2"},
				"west": {"uv": [7.25, 4.25, 7.875, 4.5], "texture": "#2"},
				"up": {"uv": [6.625, 2.875, 6, 2.25], "texture": "#2"},
				"down": {"uv": [6.625, 3, 6, 3.625], "texture": "#2"}
			}
		},
		{
			"from": [7.005, 4.31157, 14.63198],
			"to": [8.995, 6.30157, 16.62198],
			"rotation": {"angle": -45, "axis": "x", "origin": [8, 5.30657, 15.62698]},
			"faces": {
				"north": {"uv": [6.75, 2.75, 7.25, 3.25], "texture": "#2"},
				"east": {"uv": [6.75, 3.25, 7.25, 3.75], "texture": "#2"},
				"south": {"uv": [6.75, 3.75, 7.25, 4.25], "texture": "#2"},
				"west": {"uv": [4, 6.75, 4.5, 7.25], "texture": "#2"},
				"up": {"uv": [5, 7.25, 4.5, 6.75], "texture": "#2"},
				"down": {"uv": [5.5, 6.75, 5, 7.25], "texture": "#2"}
			}
		},
		{
			"from": [7, 5.41012, 14.42343],
			"to": [9, 7.41012, 16.42343],
			"rotation": {"angle": 0, "axis": "y", "origin": [8, 5.25, 10.25]},
			"faces": {
				"north": {"uv": [5.75, 6.75, 6.25, 7.25], "texture": "#2"},
				"east": {"uv": [6.25, 6.75, 6.75, 7.25], "texture": "#2"},
				"south": {"uv": [6.75, 6.75, 7.25, 7.25], "texture": "#2"},
				"west": {"uv": [2.75, 7, 3.25, 7.5], "texture": "#2"},
				"up": {"uv": [7.5, 6.5, 7, 6], "texture": "#2"},
				"down": {"uv": [7.75, 0, 7.25, 0.5], "texture": "#2"}
			}
		},
		{
			"from": [8, 5, 11.5],
			"to": [8, 7, 14.5],
			"rotation": {"angle": 0, "axis": "y", "origin": [7, 5.25, 10.25]},
			"faces": {
				"east": {"uv": [1.5, 6.25, 2.25, 6.75], "texture": "#2"},
				"west": {"uv": [2.75, 6.5, 3.5, 7], "texture": "#2"}
			}
		},
		{
			"from": [7.5, 0.75, 11.25],
			"to": [8.5, 1.25, 14.25],
			"rotation": {"angle": 0, "axis": "y", "origin": [8.5, 5.25, 10.25]},
			"faces": {
				"north": {"uv": [7.5, 6, 7.75, 6.125], "texture": "#2"},
				"east": {"uv": [1.75, 7.5, 2.5, 7.625], "texture": "#2"},
				"south": {"uv": [7.5, 6.25, 7.75, 6.375], "texture": "#2"},
				"west": {"uv": [7.5, 3.5, 8.25, 3.625], "texture": "#2"},
				"up": {"uv": [5.5, 6.75, 5.25, 6], "texture": "#2"},
				"down": {"uv": [7.5, 3.25, 7.25, 4], "texture": "#2"}
			}
		},
		{
			"from": [7.5, -0.43819, 12.22344],
			"to": [8.5, 0.06181, 15.72344],
			"rotation": {"angle": -22.5, "axis": "x", "origin": [8.5, 5.25, 10.25]},
			"faces": {
				"north": {"uv": [7.5, 6.75, 7.75, 6.875], "texture": "#2"},
				"east": {"uv": [7.5, 3.25, 8.375, 3.375], "texture": "#2"},
				"south": {"uv": [7.5, 7, 7.75, 7.125], "texture": "#2"},
				"west": {"uv": [3.5, 7.5, 4.375, 7.625], "texture": "#2"},
				"up": {"uv": [7.5, 1.375, 7.25, 0.5], "texture": "#2"},
				"down": {"uv": [7.5, 1.5, 7.25, 2.375], "texture": "#2"}
			}
		},
		{
			"from": [7.5, 10.75, -2.75],
			"to": [8.5, 13.25, -1.75],
			"rotation": {"angle": 0, "axis": "y", "origin": [6.5, 11.25, -2.75]},
			"faces": {
				"north": {"uv": [5, 7.25, 5.25, 7.875], "texture": "#2"},
				"east": {"uv": [5.25, 7.25, 5.5, 7.875], "texture": "#2"},
				"south": {"uv": [5.75, 7.25, 6, 7.875], "texture": "#2"},
				"west": {"uv": [6, 7.25, 6.25, 7.875], "texture": "#2"},
				"up": {"uv": [4.25, 6.75, 4, 6.5], "texture": "#2"},
				"down": {"uv": [7.75, 3.75, 7.5, 4], "texture": "#2"}
			}
		},
		{
			"from": [7.75, 10.78754, 15.93873],
			"to": [8.25, 14.28754, 16.43873],
			"rotation": {"angle": -22.5, "axis": "x", "origin": [8.5, 12.53754, 16.18873]},
			"faces": {
				"north": {"uv": [6.75, 7.25, 6.875, 8.125], "texture": "#2"},
				"east": {"uv": [7.25, 6.75, 7.375, 7.625], "texture": "#2"},
				"south": {"uv": [7, 7.25, 7.125, 8.125], "texture": "#2"},
				"west": {"uv": [7.5, 0.5, 7.625, 1.375], "texture": "#2"},
				"up": {"uv": [7.875, 0.125, 7.75, 0], "texture": "#2"},
				"down": {"uv": [7.875, 0.25, 7.75, 0.375], "texture": "#2"}
			}
		},
		{
			"from": [7.5, 10.75, 15.25],
			"to": [8.5, 14.25, 15.75],
			"rotation": {"angle": 0, "axis": "y", "origin": [7.5, 11.25, 14.75]},
			"faces": {
				"north": {"uv": [3.25, 7, 3.5, 7.875], "texture": "#2"},
				"east": {"uv": [1.5, 7.5, 1.625, 8.375], "texture": "#2"},
				"south": {"uv": [5.5, 7, 5.75, 7.875], "texture": "#2"},
				"west": {"uv": [7.5, 1.5, 7.625, 2.375], "texture": "#2"},
				"up": {"uv": [7.75, 5.625, 7.5, 5.5], "texture": "#2"},
				"down": {"uv": [7.75, 5.75, 7.5, 5.875], "texture": "#2"}
			}
		},
		{
			"from": [7.5, 10.15, 7.5],
			"to": [8.5, 12.65, 8],
			"rotation": {"angle": -45, "axis": "x", "origin": [6.5, 10.65, 7]},
			"faces": {
				"north": {"uv": [6.25, 7.25, 6.5, 7.875], "texture": "#2"},
				"east": {"uv": [2.75, 7.5, 2.875, 8.125], "texture": "#2"},
				"south": {"uv": [6.5, 7.25, 6.75, 7.875], "texture": "#2"},
				"west": {"uv": [3, 7.5, 3.125, 8.125], "texture": "#2"},
				"up": {"uv": [7.75, 7.375, 7.5, 7.25], "texture": "#2"},
				"down": {"uv": [7.75, 7.5, 7.5, 7.625], "texture": "#2"}
			}
		},
		{
			"from": [7.75, 10.46066, 6],
			"to": [8.25, 12.46066, 6.5],
			"rotation": {"angle": 22.5, "axis": "x", "origin": [7.25, 11.71066, 6.25]},
			"faces": {
				"north": {"uv": [4.5, 7.5, 4.625, 8], "texture": "#2"},
				"east": {"uv": [7.5, 4.5, 7.625, 5], "texture": "#2"},
				"south": {"uv": [4.75, 7.5, 4.875, 8], "texture": "#2"},
				"west": {"uv": [7.5, 5, 7.625, 5.5], "texture": "#2"},
				"up": {"uv": [7.875, 0.625, 7.75, 0.5], "texture": "#2"},
				"down": {"uv": [7.875, 0.75, 7.75, 0.875], "texture": "#2"}
			}
		}
	],
	"display": {
		"thirdperson": {
			"rotation": [90, 0, -180],
			"translation": [0, 2.9, -1.8],
			"scale": [0.6, 0.6, 0.6]
		},
		"firstperson": {
			"rotation": [0, -55, 0],
			"translation": [-6, 5.5, 1],
			"scale": [0.8, 0.8, 0.8]
		},
		"ground": {
			"translation": [0, 2, 0],
			"scale": [1.5, 1.5, 1.5]
		},
		"gui": {
			"translation": [1, 1, 0],
			"rotation": [40, 225, 0],
			"scale": [0.9, 0.85, 0.9]
		}
	},
	"groups": [
		0,
		{
			"name": "group",
			"origin": [7.5, 5.25, 10.25],
			"color": 0,
			"children": [1, 2, 3, 4, 5, 6]
		},
		7,
		8,
		9,
		10,
		11,
		12,
		13,
		14,
		15,
		{
			"name": "group",
			"origin": [7.5, 11.25, 14.75],
			"color": 0,
			"children": [16, 17]
		},
		18,
		19
	]
}