{
	"credit": "Made with Blockbench",
	"texture_size": [64, 64],
	"textures": {
		"2": "weapons/chey_tac_m200",
		"particle": "weapons/chey_tac_m200"
	},
	"elements": [
		{
			"from": [7.5, 8.475, -14.25],
			"to": [8.5, 9.475, -11.75],
			"rotation": {"angle": 0, "axis": "y", "origin": [6.5, 7.475, -12.75]},
			"faces": {
				"north": {"uv": [7.75, 1.25, 8, 1.5], "texture": "#2"},
				"east": {"uv": [7.75, 0.75, 8.375, 1], "texture": "#2"},
				"south": {"uv": [5.25, 7.75, 5.5, 8], "texture": "#2"},
				"west": {"uv": [7.75, 1, 8.375, 1.25], "texture": "#2"},
				"up": {"uv": [1.5, 7.125, 1.25, 6.5], "texture": "#2"},
				"down": {"uv": [3.75, 7.75, 3.5, 8.375], "texture": "#2"}
			}
		},
		{
			"from": [7.125, 8.1, -1.325],
			"to": [8.875, 9.85, 6.675],
			"rotation": {"angle": 0, "axis": "y", "origin": [6.875, 7.35, 0.175]},
			"faces": {
				"north": {"uv": [3, 0.5, 3.5, 1], "texture": "#2"},
				"east": {"uv": [1, 0, 3, 0.5], "texture": "#2"},
				"south": {"uv": [6, 2.5, 6.5, 3], "texture": "#2"},
				"west": {"uv": [1, 0.5, 3, 1], "texture": "#2"},
				"up": {"uv": [1.5, 3, 1, 1], "texture": "#2"},
				"down": {"uv": [2, 1, 1.5, 3], "texture": "#2"}
			}
		},
		{
			"from": [7.125, 8.1, 9.925],
			"to": [8.875, 9.85, 11.175],
			"rotation": {"angle": 0, "axis": "y", "origin": [6.875, 7.35, 4.675]},
			"faces": {
				"north": {"uv": [6, 6, 6.5, 6.5], "texture": "#2"},
				"east": {"uv": [4, 7, 4.375, 7.5], "texture": "#2"},
				"south": {"uv": [0.5, 6.25, 1, 6.75], "texture": "#2"},
				"west": {"uv": [7, 5, 7.375, 5.5], "texture": "#2"},
				"up": {"uv": [6.5, 7.375, 6, 7], "texture": "#2"},
				"down": {"uv": [7.5, 6, 7, 6.375], "texture": "#2"}
			}
		},
		{
			"from": [7.125, 7.95, 6.675],
			"to": [8.875, 9.7, 9.925],
			"rotation": {"angle": 0, "axis": "y", "origin": [6.875, 7.2, 3.425]},
			"faces": {
				"north": {"uv": [7, 6.5, 7.5, 6.875], "texture": "#2"},
				"east": {"uv": [6, 2, 6.875, 2.375], "texture": "#2"},
				"south": {"uv": [7, 7, 7.5, 7.375], "texture": "#2"},
				"west": {"uv": [2.5, 6, 3.375, 6.375], "texture": "#2"},
				"up": {"uv": [5.5, 1.875, 5, 1], "texture": "#2"},
				"down": {"uv": [5.5, 4.25, 5, 5.125], "texture": "#2"}
			}
		},
		{
			"from": [7.625, 8.6, -11.75],
			"to": [8.375, 9.35, -0.25],
			"rotation": {"angle": 0, "axis": "y", "origin": [6.375, 7.6, -10.25]},
			"faces": {
				"north": {"uv": [1.75, 9, 2, 9.25], "texture": "#2"},
				"east": {"uv": [3, 0, 5.875, 0.25], "texture": "#2"},
				"south": {"uv": [2, 9, 2.25, 9.25], "texture": "#2"},
				"west": {"uv": [3, 0.25, 5.875, 0.5], "texture": "#2"},
				"up": {"uv": [2.75, 5.875, 2.5, 3], "texture": "#2"},
				"down": {"uv": [3, 3, 2.75, 5.875], "texture": "#2"}
			}
		},
		{
			"from": [5.25, 7.5, 2.9],
			"to": [6.75, 10, 4.4],
			"rotation": {"angle": -22.5, "axis": "z", "origin": [5.625, 5.6875, 3.65]},
			"faces": {
				"north": {"uv": [6.5, 6.5, 6.875, 7.125], "texture": "#2"},
				"east": {"uv": [0, 6.75, 0.375, 7.375], "texture": "#2"},
				"south": {"uv": [0.5, 6.75, 0.875, 7.375], "texture": "#2"},
				"west": {"uv": [6.75, 3, 7.125, 3.625], "texture": "#2"},
				"up": {"uv": [8.125, 3.375, 7.75, 3], "texture": "#2"},
				"down": {"uv": [6.875, 7.75, 6.5, 8.125], "texture": "#2"}
			}
		},
		{
			"from": [5.75, 2, 3.4],
			"to": [6.25, 7.5, 3.9],
			"rotation": {"angle": -22.5, "axis": "z", "origin": [5.625, 5.6875, 3.65]},
			"faces": {
				"north": {"uv": [1.75, 7.25, 1.875, 8.625], "texture": "#2"},
				"east": {"uv": [1, 7.5, 1.125, 8.875], "texture": "#2"},
				"south": {"uv": [1.25, 7.75, 1.375, 9.125], "texture": "#2"},
				"west": {"uv": [1.5, 7.75, 1.625, 9.125], "texture": "#2"},
				"up": {"uv": [9.375, 5.875, 9.25, 5.75], "texture": "#2"},
				"down": {"uv": [6.125, 9.25, 6, 9.375], "texture": "#2"}
			}
		},
		{
			"from": [5.25, 1.75, 3.15],
			"to": [6.75, 2.25, 4.15],
			"rotation": {"angle": -22.5, "axis": "z", "origin": [5.625, 5.6875, 3.65]},
			"faces": {
				"north": {"uv": [9.25, 1.75, 9.625, 1.875], "texture": "#2"},
				"east": {"uv": [0.75, 9.25, 1, 9.375], "texture": "#2"},
				"south": {"uv": [9.25, 2, 9.625, 2.125], "texture": "#2"},
				"west": {"uv": [3.25, 9.25, 3.5, 9.375], "texture": "#2"},
				"up": {"uv": [9.125, 5.5, 8.75, 5.25], "texture": "#2"},
				"down": {"uv": [9.125, 5.5, 8.75, 5.75], "texture": "#2"}
			}
		},
		{
			"from": [5, 8.5, 3.4],
			"to": [5.5, 10.25, 3.9],
			"rotation": {"angle": -22.5, "axis": "z", "origin": [5.625, 5.6875, 3.65]},
			"faces": {
				"north": {"uv": [3.5, 9, 3.625, 9.5], "texture": "#2"},
				"east": {"uv": [9, 3.5, 9.125, 4], "texture": "#2"},
				"south": {"uv": [3.75, 9, 3.875, 9.5], "texture": "#2"},
				"west": {"uv": [4, 9, 4.125, 9.5], "texture": "#2"},
				"up": {"uv": [9.375, 4.375, 9.25, 4.25], "texture": "#2"},
				"down": {"uv": [5.125, 9.25, 5, 9.375], "texture": "#2"}
			}
		},
		{
			"from": [10.5, 8.5, 3.4],
			"to": [11, 10.25, 3.9],
			"rotation": {"angle": 22.5, "axis": "z", "origin": [10.375, 5.6875, 3.65]},
			"faces": {
				"north": {"uv": [8, 9, 8.125, 9.5], "texture": "#2"},
				"east": {"uv": [9, 8, 9.125, 8.5], "texture": "#2"},
				"south": {"uv": [8.25, 9, 8.375, 9.5], "texture": "#2"},
				"west": {"uv": [8.5, 9, 8.625, 9.5], "texture": "#2"},
				"up": {"uv": [9.375, 6.375, 9.25, 6.25], "texture": "#2"},
				"down": {"uv": [6.625, 9.25, 6.5, 9.375], "texture": "#2"}
			}
		},
		{
			"from": [9.25, 7.5, 2.9],
			"to": [10.75, 10, 4.4],
			"rotation": {"angle": 22.5, "axis": "z", "origin": [10.375, 5.6875, 3.65]},
			"faces": {
				"north": {"uv": [4.5, 6.75, 4.875, 7.375], "texture": "#2"},
				"east": {"uv": [5.5, 6.75, 5.875, 7.375], "texture": "#2"},
				"south": {"uv": [7, 1.5, 7.375, 2.125], "texture": "#2"},
				"west": {"uv": [7, 2.25, 7.375, 2.875], "texture": "#2"},
				"up": {"uv": [8.375, 7.875, 8, 7.5], "texture": "#2"},
				"down": {"uv": [8.375, 8, 8, 8.375], "texture": "#2"}
			}
		},
		{
			"from": [9.75, 2, 3.4],
			"to": [10.25, 7.5, 3.9],
			"rotation": {"angle": 22.5, "axis": "z", "origin": [10.375, 5.6875, 3.65]},
			"faces": {
				"north": {"uv": [2.5, 7.75, 2.625, 9.125], "texture": "#2"},
				"east": {"uv": [2.75, 7.75, 2.875, 9.125], "texture": "#2"},
				"south": {"uv": [3, 7.75, 3.125, 9.125], "texture": "#2"},
				"west": {"uv": [3.25, 7.75, 3.375, 9.125], "texture": "#2"},
				"up": {"uv": [9.375, 6.125, 9.25, 6], "texture": "#2"},
				"down": {"uv": [6.375, 9.25, 6.25, 9.375], "texture": "#2"}
			}
		},
		{
			"from": [9.25, 1.75, 3.15],
			"to": [10.75, 2.25, 4.15],
			"rotation": {"angle": 22.5, "axis": "z", "origin": [10.375, 5.6875, 3.65]},
			"faces": {
				"north": {"uv": [9.25, 3, 9.625, 3.125], "texture": "#2"},
				"east": {"uv": [9.25, 3.75, 9.5, 3.875], "texture": "#2"},
				"south": {"uv": [9.25, 3.5, 9.625, 3.625], "texture": "#2"},
				"west": {"uv": [9.25, 4, 9.5, 4.125], "texture": "#2"},
				"up": {"uv": [7.875, 9, 7.5, 8.75], "texture": "#2"},
				"down": {"uv": [8.375, 8.75, 8, 9], "texture": "#2"}
			}
		},
		{
			"from": [7, 7.3, 4.55],
			"to": [9, 8.3, 6.55],
			"rotation": {"angle": 0, "axis": "y", "origin": [7, 6.3, 4.55]},
			"faces": {
				"north": {"uv": [7.75, 3.75, 8.25, 4], "texture": "#2"},
				"east": {"uv": [8, 2.75, 8.5, 3], "texture": "#2"},
				"south": {"uv": [2, 8.25, 2.5, 8.5], "texture": "#2"},
				"west": {"uv": [8.25, 3, 8.75, 3.25], "texture": "#2"},
				"up": {"uv": [6.75, 3.5, 6.25, 3], "texture": "#2"},
				"down": {"uv": [6.75, 3.5, 6.25, 4], "texture": "#2"}
			}
		},
		{
			"from": [7, 8.4, 10.8],
			"to": [9, 9.4, 20.8],
			"rotation": {"angle": 0, "axis": "y", "origin": [7, 7.4, 10.8]},
			"faces": {
				"north": {"uv": [8.25, 3.25, 8.75, 3.5], "texture": "#2"},
				"east": {"uv": [3.5, 2, 6, 2.25], "texture": "#2"},
				"south": {"uv": [8.25, 3.75, 8.75, 4], "texture": "#2"},
				"west": {"uv": [3.5, 2.25, 6, 2.5], "texture": "#2"},
				"up": {"uv": [0.5, 2.5, 0, 0], "texture": "#2"},
				"down": {"uv": [1, 0, 0.5, 2.5], "texture": "#2"}
			}
		},
		{
			"from": [7.25, 8.75, 11],
			"to": [8.75, 9.75, 20.5],
			"rotation": {"angle": 0, "axis": "y", "origin": [6.5, 7.75, 11]},
			"faces": {
				"north": {"uv": [8.5, 6.25, 8.875, 6.5], "texture": "#2"},
				"east": {"uv": [4, 0.5, 6.375, 0.75], "texture": "#2"},
				"south": {"uv": [8.5, 6.5, 8.875, 6.75], "texture": "#2"},
				"west": {"uv": [4, 0.75, 6.375, 1], "texture": "#2"},
				"up": {"uv": [1.875, 5.375, 1.5, 3], "texture": "#2"},
				"down": {"uv": [2.375, 3, 2, 5.375], "texture": "#2"}
			}
		},
		{
			"from": [7.5, 5.75, 11.125],
			"to": [8.5, 7.75, 11.875],
			"rotation": {"angle": 0, "axis": "y", "origin": [7, 6, 9.875]},
			"faces": {
				"north": {"uv": [6.25, 8, 6.5, 8.5], "texture": "#2"},
				"east": {"uv": [8.25, 4, 8.5, 4.5], "texture": "#2"},
				"south": {"uv": [6.5, 8.25, 6.75, 8.75], "texture": "#2"},
				"west": {"uv": [6.75, 8.25, 7, 8.75], "texture": "#2"},
				"up": {"uv": [9.25, 4.25, 9, 4], "texture": "#2"},
				"down": {"uv": [9.25, 4.25, 9, 4.5], "texture": "#2"}
			}
		},
		{
			"from": [7, 9.75, 11.75],
			"to": [9, 10.25, 19.75],
			"rotation": {"angle": 0, "axis": "y", "origin": [6.75, 8.25, 14]},
			"faces": {
				"north": {"uv": [9, 4.5, 9.5, 4.625], "texture": "#2"},
				"east": {"uv": [6.25, 4, 8.25, 4.125], "texture": "#2"},
				"south": {"uv": [9, 4.75, 9.5, 4.875], "texture": "#2"},
				"west": {"uv": [6.25, 4.25, 8.25, 4.375], "texture": "#2"},
				"up": {"uv": [2.5, 3, 2, 1], "texture": "#2"},
				"down": {"uv": [0.5, 2.5, 0, 4.5], "texture": "#2"}
			}
		},
		{
			"from": [7, 6.85, 17.75],
			"to": [9, 7.85, 21.25],
			"rotation": {"angle": 0, "axis": "y", "origin": [7, 5.85, 17.75]},
			"faces": {
				"north": {"uv": [0, 8.5, 0.5, 8.75], "texture": "#2"},
				"east": {"uv": [6.75, 3.75, 7.625, 4], "texture": "#2"},
				"south": {"uv": [0.5, 8.5, 1, 8.75], "texture": "#2"},
				"west": {"uv": [2.5, 7, 3.375, 7.25], "texture": "#2"},
				"up": {"uv": [5.5, 6.125, 5, 5.25], "texture": "#2"},
				"down": {"uv": [1.5, 5.5, 1, 6.375], "texture": "#2"}
			}
		},
		{
			"from": [7.25, 7.5, 11.15],
			"to": [8.75, 8.5, 21.15],
			"rotation": {"angle": 0, "axis": "y", "origin": [7, 6.5, 11.4]},
			"faces": {
				"north": {"uv": [8.5, 6.75, 8.875, 7], "texture": "#2"},
				"east": {"uv": [3.5, 2.5, 6, 2.75], "texture": "#2"},
				"south": {"uv": [7, 8.5, 7.375, 8.75], "texture": "#2"},
				"west": {"uv": [3.5, 2.75, 6, 3], "texture": "#2"},
				"up": {"uv": [0.875, 5, 0.5, 2.5], "texture": "#2"},
				"down": {"uv": [1.375, 3, 1, 5.5], "texture": "#2"}
			}
		},
		{
			"from": [7.75, 7.15, 11.7],
			"to": [8.25, 7.65, 13.2],
			"rotation": {"angle": 0, "axis": "y", "origin": [6.25, 5.65, 11.2]},
			"faces": {
				"north": {"uv": [9.25, 5, 9.375, 5.125], "texture": "#2"},
				"east": {"uv": [9, 8.5, 9.375, 8.625], "texture": "#2"},
				"south": {"uv": [5.25, 9.25, 5.375, 9.375], "texture": "#2"},
				"west": {"uv": [9, 8.75, 9.375, 8.875], "texture": "#2"},
				"up": {"uv": [9.125, 9.375, 9, 9], "texture": "#2"},
				"down": {"uv": [0.125, 9.25, 0, 9.625], "texture": "#2"}
			}
		},
		{
			"from": [7.75, 7, 16.75],
			"to": [8.25, 7.5, 27.75],
			"rotation": {"angle": 0, "axis": "y", "origin": [7.75, 5.5, 17]},
			"faces": {
				"north": {"uv": [9.25, 5.25, 9.375, 5.375], "texture": "#2"},
				"east": {"uv": [6, 0, 8.75, 0.125], "texture": "#2"},
				"south": {"uv": [5.5, 9.25, 5.625, 9.375], "texture": "#2"},
				"west": {"uv": [6, 0.25, 8.75, 0.375], "texture": "#2"},
				"up": {"uv": [2.125, 8.25, 2, 5.5], "texture": "#2"},
				"down": {"uv": [2.375, 5.5, 2.25, 8.25], "texture": "#2"}
			}
		},
		{
			"from": [7.245, 5.995, 19.92],
			"to": [8.755, 7.005, 21.68],
			"rotation": {"angle": 0, "axis": "y", "origin": [8, 5.38308, 21.29574]},
			"faces": {
				"north": {"uv": [8.5, 7, 8.875, 7.25], "texture": "#2"},
				"east": {"uv": [8.5, 0.75, 9, 1], "texture": "#2"},
				"south": {"uv": [8.5, 7.25, 8.875, 7.5], "texture": "#2"},
				"west": {"uv": [8.5, 1, 9, 1.25], "texture": "#2"},
				"up": {"uv": [7.625, 1.5, 7.25, 1], "texture": "#2"},
				"down": {"uv": [1.625, 7.25, 1.25, 7.75], "texture": "#2"}
			}
		},
		{
			"from": [7.25, 3.875, 20.2],
			"to": [8.75, 6.625, 21.7],
			"rotation": {"angle": -22.5, "axis": "x", "origin": [8.25, 6.5, 21.2]},
			"faces": {
				"north": {"uv": [4, 5.75, 4.375, 6.5], "texture": "#2"},
				"east": {"uv": [0, 6, 0.375, 6.75], "texture": "#2"},
				"south": {"uv": [4.5, 6, 4.875, 6.75], "texture": "#2"},
				"west": {"uv": [5.5, 6, 5.875, 6.75], "texture": "#2"},
				"up": {"uv": [0.375, 8.375, 0, 8], "texture": "#2"}
			}
		},
		{
			"from": [7.245, 3.76116, 20.91148],
			"to": [8.755, 4.77116, 22.67148],
			"rotation": {"angle": 0, "axis": "y", "origin": [8, 5.38308, 21.29574]},
			"faces": {
				"north": {"uv": [7.5, 8.5, 7.875, 8.75], "texture": "#2"},
				"east": {"uv": [8.5, 1.25, 9, 1.5], "texture": "#2"},
				"south": {"uv": [8.5, 7.5, 8.875, 7.75], "texture": "#2"},
				"west": {"uv": [8.5, 1.5, 9, 1.75], "texture": "#2"},
				"up": {"uv": [2.875, 7.75, 2.5, 7.25], "texture": "#2"},
				"down": {"uv": [3.375, 7.25, 3, 7.75], "texture": "#2"}
			}
		},
		{
			"from": [7.5, 7.25, 20.6],
			"to": [8.5, 8.25, 21.6],
			"rotation": {"angle": 0, "axis": "y", "origin": [7.5, 0, 0]},
			"faces": {
				"north": {"uv": [5, 9, 5.25, 9.25], "texture": "#2"},
				"east": {"uv": [9, 5, 9.25, 5.25], "texture": "#2"},
				"south": {"uv": [5.25, 9, 5.5, 9.25], "texture": "#2"},
				"west": {"uv": [5.5, 9, 5.75, 9.25], "texture": "#2"},
				"up": {"uv": [6, 9.25, 5.75, 9], "texture": "#2"},
				"down": {"uv": [6.25, 9, 6, 9.25], "texture": "#2"}
			}
		},
		{
			"from": [7.5, 3.75, 13.25],
			"to": [8.5, 7.75, 17],
			"rotation": {"angle": 0, "axis": "y", "origin": [6.5, 0, 0]},
			"faces": {
				"north": {"uv": [6.25, 4.5, 6.5, 5.5], "texture": "#2"},
				"east": {"uv": [2.5, 1, 3.5, 2], "texture": "#2"},
				"south": {"uv": [5, 6.25, 5.25, 7.25], "texture": "#2"},
				"west": {"uv": [2.5, 2, 3.5, 3], "texture": "#2"},
				"up": {"uv": [5.5, 7.25, 5.25, 6.25], "texture": "#2"},
				"down": {"uv": [1.25, 6.5, 1, 7.5], "texture": "#2"}
			}
		},
		{
			"from": [7.375, 6, 16.6],
			"to": [8.625, 7.5, 17.85],
			"rotation": {"angle": 0, "axis": "y", "origin": [7.375, 0, 0]},
			"faces": {
				"north": {"uv": [8, 1.25, 8.375, 1.625], "texture": "#2"},
				"east": {"uv": [8, 1.75, 8.375, 2.125], "texture": "#2"},
				"south": {"uv": [8, 2.25, 8.375, 2.625], "texture": "#2"},
				"west": {"uv": [4, 8, 4.375, 8.375], "texture": "#2"},
				"up": {"uv": [4.875, 8.375, 4.5, 8], "texture": "#2"},
				"down": {"uv": [8.375, 5, 8, 5.375], "texture": "#2"}
			}
		},
		{
			"from": [8, 5.5, 17.5],
			"to": [8, 7, 20],
			"rotation": {"angle": 0, "axis": "y", "origin": [8, -0.5, 0]},
			"faces": {
				"east": {"uv": [6.75, 5.5, 7.375, 5.875], "texture": "#2"},
				"west": {"uv": [7, 0.5, 7.625, 0.875], "texture": "#2"}
			}
		},
		{
			"from": [7.25, 6.85, 27.3],
			"to": [8.75, 7.6, 29.3],
			"rotation": {"angle": 0, "axis": "y", "origin": [7, 0, 0]},
			"faces": {
				"north": {"uv": [8.5, 7.75, 8.875, 8], "texture": "#2"},
				"east": {"uv": [8.5, 1.75, 9, 2], "texture": "#2"},
				"south": {"uv": [8, 8.5, 8.375, 8.75], "texture": "#2"},
				"west": {"uv": [2, 8.5, 2.5, 8.75], "texture": "#2"},
				"up": {"uv": [7.625, 3.5, 7.25, 3], "texture": "#2"},
				"down": {"uv": [3.875, 7.25, 3.5, 7.75], "texture": "#2"}
			}
		},
		{
			"from": [7.25, 5.1, 29.05],
			"to": [8.75, 9.85, 29.55],
			"rotation": {"angle": 0, "axis": "y", "origin": [7, 0, 0]},
			"faces": {
				"north": {"uv": [0.5, 5, 0.875, 6.25], "texture": "#2"},
				"east": {"uv": [3.75, 7.75, 3.875, 9], "texture": "#2"},
				"south": {"uv": [5, 3, 5.375, 4.25], "texture": "#2"},
				"west": {"uv": [5, 7.75, 5.125, 9], "texture": "#2"},
				"up": {"uv": [0.625, 9.375, 0.25, 9.25], "texture": "#2"},
				"down": {"uv": [9.625, 0.5, 9.25, 0.625], "texture": "#2"}
			}
		},
		{
			"from": [7.25, 9.35, 23.55],
			"to": [8.75, 9.85, 29.05],
			"rotation": {"angle": 0, "axis": "y", "origin": [7, 0, 0]},
			"faces": {
				"north": {"uv": [9.25, 0.75, 9.625, 0.875], "texture": "#2"},
				"east": {"uv": [7.25, 3.5, 8.625, 3.625], "texture": "#2"},
				"south": {"uv": [9.25, 1, 9.625, 1.125], "texture": "#2"},
				"west": {"uv": [7.75, 0.5, 9.125, 0.625], "texture": "#2"},
				"up": {"uv": [4.875, 4.375, 4.5, 3], "texture": "#2"},
				"down": {"uv": [4.875, 4.5, 4.5, 5.875], "texture": "#2"}
			}
		},
		{
			"from": [7.25, 7.35, 26.55],
			"to": [8.75, 9.35, 27.55],
			"rotation": {"angle": 0, "axis": "y", "origin": [7, 0, 0]},
			"faces": {
				"north": {"uv": [5, 7.25, 5.375, 7.75], "texture": "#2"},
				"east": {"uv": [5.25, 8.5, 5.5, 9], "texture": "#2"},
				"south": {"uv": [6.5, 7.25, 6.875, 7.75], "texture": "#2"},
				"west": {"uv": [5.5, 8.5, 5.75, 9], "texture": "#2"},
				"up": {"uv": [2.125, 9, 1.75, 8.75], "texture": "#2"},
				"down": {"uv": [9.125, 2.5, 8.75, 2.75], "texture": "#2"}
			}
		},
		{
			"from": [7, 4.85, 29.55],
			"to": [9, 10.1, 30.55],
			"rotation": {"angle": 0, "axis": "y", "origin": [7, 0, 0]},
			"faces": {
				"north": {"uv": [3, 3, 3.5, 4.375], "texture": "#2"},
				"east": {"uv": [3.5, 5.75, 3.75, 7.125], "texture": "#2"},
				"south": {"uv": [3.5, 0.5, 4, 1.875], "texture": "#2"},
				"west": {"uv": [3.75, 5.75, 4, 7.125], "texture": "#2"},
				"up": {"uv": [9, 2.25, 8.5, 2], "texture": "#2"},
				"down": {"uv": [9, 2.25, 8.5, 2.5], "texture": "#2"}
			}
		},
		{
			"from": [7.5, 7.5, 27.5],
			"to": [8.5, 9.5, 29.5],
			"rotation": {"angle": 0, "axis": "y", "origin": [6.5, 0, 0]},
			"faces": {
				"north": {"uv": [8.5, 2.5, 8.75, 3], "texture": "#2"},
				"east": {"uv": [6.25, 5.5, 6.75, 6], "texture": "#2"},
				"south": {"uv": [3.5, 8.5, 3.75, 9], "texture": "#2"},
				"west": {"uv": [6.5, 0.5, 7, 1], "texture": "#2"},
				"up": {"uv": [4.25, 9, 4, 8.5], "texture": "#2"},
				"down": {"uv": [8.75, 4, 8.5, 4.5], "texture": "#2"}
			}
		},
		{
			"from": [7.5, 5.25, 27.7],
			"to": [8.5, 6.25, 29.2],
			"rotation": {"angle": 0, "axis": "y", "origin": [7.25, 0, 0]},
			"faces": {
				"north": {"uv": [9, 6, 9.25, 6.25], "texture": "#2"},
				"east": {"uv": [8.5, 8, 8.875, 8.25], "texture": "#2"},
				"south": {"uv": [6.25, 9, 6.5, 9.25], "texture": "#2"},
				"west": {"uv": [8.5, 8.25, 8.875, 8.5], "texture": "#2"},
				"up": {"uv": [6.5, 8.875, 6.25, 8.5], "texture": "#2"},
				"down": {"uv": [8.75, 8.5, 8.5, 8.875], "texture": "#2"}
			}
		},
		{
			"from": [7.75, 2.5, 27.875],
			"to": [8.25, 6.5, 28.375],
			"rotation": {"angle": 0, "axis": "y", "origin": [7.75, 0, 0]},
			"faces": {
				"north": {"uv": [4.25, 8.5, 4.375, 9.5], "texture": "#2"},
				"east": {"uv": [4.5, 8.5, 4.625, 9.5], "texture": "#2"},
				"south": {"uv": [4.75, 8.5, 4.875, 9.5], "texture": "#2"},
				"west": {"uv": [8.5, 5, 8.625, 6], "texture": "#2"},
				"up": {"uv": [9.375, 5.625, 9.25, 5.5], "texture": "#2"},
				"down": {"uv": [5.875, 9.25, 5.75, 9.375], "texture": "#2"}
			}
		},
		{
			"from": [7.5, 3.5, 27.625],
			"to": [8.5, 5, 28.625],
			"rotation": {"angle": 0, "axis": "y", "origin": [7.5, 0, 0]},
			"faces": {
				"north": {"uv": [0, 8.75, 0.25, 9.125], "texture": "#2"},
				"east": {"uv": [8.75, 0, 9, 0.375], "texture": "#2"},
				"south": {"uv": [0.25, 8.75, 0.5, 9.125], "texture": "#2"},
				"west": {"uv": [0.5, 8.75, 0.75, 9.125], "texture": "#2"},
				"up": {"uv": [9.25, 6.5, 9, 6.25], "texture": "#2"},
				"down": {"uv": [6.75, 9, 6.5, 9.25], "texture": "#2"}
			}
		},
		{
			"from": [7, 10.25, 6],
			"to": [9, 12.25, 10],
			"rotation": {"angle": 0, "axis": "y", "origin": [7, 0, 0]},
			"faces": {
				"north": {"uv": [2.5, 6.5, 3, 7], "texture": "#2"},
				"east": {"uv": [4, 1, 5, 1.5], "texture": "#2"},
				"south": {"uv": [6.5, 2.5, 7, 3], "texture": "#2"},
				"west": {"uv": [4, 1.5, 5, 2], "texture": "#2"},
				"up": {"uv": [4, 5.75, 3.5, 4.75], "texture": "#2"},
				"down": {"uv": [4.5, 4.75, 4, 5.75], "texture": "#2"}
			}
		},
		{
			"from": [7, 10.25, 19.25],
			"to": [9, 12.25, 21.25],
			"rotation": {"angle": 0, "axis": "y", "origin": [7, 0, 0]},
			"faces": {
				"north": {"uv": [3, 6.5, 3.5, 7], "texture": "#2"},
				"east": {"uv": [4, 6.5, 4.5, 7], "texture": "#2"},
				"south": {"uv": [6.5, 4.5, 7, 5], "texture": "#2"},
				"west": {"uv": [6.5, 5, 7, 5.5], "texture": "#2"},
				"up": {"uv": [6.5, 7, 6, 6.5], "texture": "#2"},
				"down": {"uv": [7, 6, 6.5, 6.5], "texture": "#2"}
			}
		},
		{
			"from": [6.75, 10, 21.25],
			"to": [9.25, 12.5, 21.75],
			"rotation": {"angle": 0, "axis": "y", "origin": [6.75, 0, 0]},
			"faces": {
				"north": {"uv": [5.5, 4.5, 6.125, 5.125], "texture": "#2"},
				"east": {"uv": [1, 9, 1.125, 9.625], "texture": "#2"},
				"south": {"uv": [5.5, 5.25, 6.125, 5.875], "texture": "#2"},
				"west": {"uv": [9, 1.5, 9.125, 2.125], "texture": "#2"},
				"up": {"uv": [9.625, 2.375, 9, 2.25], "texture": "#2"},
				"down": {"uv": [9.625, 3.25, 9, 3.375], "texture": "#2"}
			}
		},
		{
			"from": [7.25, 10.5, 10],
			"to": [8.75, 12, 12],
			"rotation": {"angle": 0, "axis": "y", "origin": [6.75, 0, 0]},
			"faces": {
				"north": {"uv": [5.25, 8, 5.625, 8.375], "texture": "#2"},
				"east": {"uv": [0, 7.5, 0.5, 7.875], "texture": "#2"},
				"south": {"uv": [8, 5.5, 8.375, 5.875], "texture": "#2"},
				"west": {"uv": [0.5, 7.5, 1, 7.875], "texture": "#2"},
				"up": {"uv": [7.875, 2, 7.5, 1.5], "texture": "#2"},
				"down": {"uv": [7.875, 2, 7.5, 2.5], "texture": "#2"}
			}
		},
		{
			"from": [7.25, 10.5, 18.25],
			"to": [8.75, 12, 19.25],
			"rotation": {"angle": 0, "axis": "y", "origin": [6.75, 0, 0]},
			"faces": {
				"north": {"uv": [5.75, 8, 6.125, 8.375], "texture": "#2"},
				"east": {"uv": [0.75, 8.75, 1, 9.125], "texture": "#2"},
				"south": {"uv": [8, 6, 8.375, 6.375], "texture": "#2"},
				"west": {"uv": [2.25, 8.75, 2.5, 9.125], "texture": "#2"},
				"up": {"uv": [9.125, 3, 8.75, 2.75], "texture": "#2"},
				"down": {"uv": [9.125, 3, 8.75, 3.25], "texture": "#2"}
			}
		},
		{
			"from": [7.5, 10.75, 12],
			"to": [8.5, 11.75, 18.5],
			"rotation": {"angle": 0, "axis": "y", "origin": [6.5, 0, 0]},
			"faces": {
				"north": {"uv": [9, 6.5, 9.25, 6.75], "texture": "#2"},
				"east": {"uv": [5.5, 1, 7.125, 1.25], "texture": "#2"},
				"south": {"uv": [6.75, 9, 7, 9.25], "texture": "#2"},
				"west": {"uv": [5.5, 1.25, 7.125, 1.5], "texture": "#2"},
				"up": {"uv": [1.75, 7.125, 1.5, 5.5], "texture": "#2"},
				"down": {"uv": [2, 5.5, 1.75, 7.125], "texture": "#2"}
			}
		},
		{
			"from": [7.25, 9.95, 13.65],
			"to": [8.75, 11.95, 14.15],
			"rotation": {"angle": 0, "axis": "y", "origin": [7, 0, 0]},
			"faces": {
				"north": {"uv": [7.5, 2.5, 7.875, 3], "texture": "#2"},
				"east": {"uv": [9, 6.75, 9.125, 7.25], "texture": "#2"},
				"south": {"uv": [4, 7.5, 4.375, 8], "texture": "#2"},
				"west": {"uv": [7, 9, 7.125, 9.5], "texture": "#2"},
				"up": {"uv": [1.625, 9.375, 1.25, 9.25], "texture": "#2"},
				"down": {"uv": [9.625, 1.25, 9.25, 1.375], "texture": "#2"}
			}
		},
		{
			"from": [7.25, 9.95, 17.4],
			"to": [8.75, 11.95, 17.9],
			"rotation": {"angle": 0, "axis": "y", "origin": [7, 0, 0]},
			"faces": {
				"north": {"uv": [4.5, 7.5, 4.875, 8], "texture": "#2"},
				"east": {"uv": [7.25, 9, 7.375, 9.5], "texture": "#2"},
				"south": {"uv": [7.5, 5, 7.875, 5.5], "texture": "#2"},
				"west": {"uv": [9, 7.25, 9.125, 7.75], "texture": "#2"},
				"up": {"uv": [9.625, 1.625, 9.25, 1.5], "texture": "#2"},
				"down": {"uv": [2.125, 9.25, 1.75, 9.375], "texture": "#2"}
			}
		},
		{
			"from": [7.25, 10.45, 14.65],
			"to": [8.75, 11.95, 16.65],
			"rotation": {"angle": 0, "axis": "y", "origin": [6.75, 0, 0]},
			"faces": {
				"north": {"uv": [8, 6.5, 8.375, 6.875], "texture": "#2"},
				"east": {"uv": [5.5, 7.5, 6, 7.875], "texture": "#2"},
				"south": {"uv": [7, 8, 7.375, 8.375], "texture": "#2"},
				"west": {"uv": [7.5, 5.5, 8, 5.875], "texture": "#2"},
				"up": {"uv": [6.375, 8, 6, 7.5], "texture": "#2"},
				"down": {"uv": [7.875, 6, 7.5, 6.5], "texture": "#2"}
			}
		},
		{
			"from": [7.5, 11.95, 14.8],
			"to": [8.5, 13.2, 16.05],
			"rotation": {"angle": 0, "axis": "y", "origin": [6.5, 0, 0]},
			"faces": {
				"north": {"uv": [8.75, 3.25, 9, 3.625], "texture": "#2"},
				"east": {"uv": [8, 7, 8.375, 7.375], "texture": "#2"},
				"south": {"uv": [8.75, 3.75, 9, 4.125], "texture": "#2"},
				"west": {"uv": [7.5, 8, 7.875, 8.375], "texture": "#2"},
				"up": {"uv": [9, 4.625, 8.75, 4.25], "texture": "#2"},
				"down": {"uv": [9, 4.75, 8.75, 5.125], "texture": "#2"}
			}
		},
		{
			"from": [6.75, 10, 5.5],
			"to": [9.25, 12.5, 6],
			"rotation": {"angle": 0, "axis": "y", "origin": [6.75, 0, 0]},
			"faces": {
				"north": {"uv": [5.5, 3, 6.125, 3.625], "texture": "#2"},
				"east": {"uv": [8.75, 8.5, 8.875, 9.125], "texture": "#2"},
				"south": {"uv": [5.5, 3.75, 6.125, 4.375], "texture": "#2"},
				"west": {"uv": [9, 0.75, 9.125, 1.375], "texture": "#2"},
				"up": {"uv": [9.625, 0.125, 9, 0], "texture": "#2"},
				"down": {"uv": [9.625, 0.25, 9, 0.375], "texture": "#2"}
			}
		},
		{
			"from": [7.25, 6.55, 4.55],
			"to": [8.75, 7.3, 6.55],
			"rotation": {"angle": 0, "axis": "y", "origin": [7, 5.3, 4.55]},
			"faces": {
				"north": {"uv": [5.75, 8.75, 6.125, 9], "texture": "#2"},
				"east": {"uv": [5.75, 8.5, 6.25, 8.75], "texture": "#2"},
				"south": {"uv": [8.75, 5.75, 9.125, 6], "texture": "#2"},
				"west": {"uv": [8.5, 6, 9, 6.25], "texture": "#2"},
				"up": {"uv": [7.875, 7, 7.5, 6.5], "texture": "#2"},
				"down": {"uv": [7.375, 7.5, 7, 8], "texture": "#2"}
			}
		},
		{
			"from": [7.25, 5.73306, 4.52227],
			"to": [8.75, 5.98306, 6.27227],
			"rotation": {"angle": 45, "axis": "x", "origin": [8, 6.10806, 5.52227]},
			"faces": {
				"north": {"uv": [2.25, 9.25, 2.625, 9.375], "texture": "#2"},
				"east": {"uv": [7.5, 9, 8, 9.125], "texture": "#2"},
				"south": {"uv": [9.25, 2.5, 9.625, 2.625], "texture": "#2"},
				"west": {"uv": [9, 7.75, 9.5, 7.875], "texture": "#2"},
				"up": {"uv": [7.875, 7.5, 7.5, 7], "texture": "#2"},
				"down": {"uv": [7.875, 7.5, 7.5, 8], "texture": "#2"}
			}
		},
		{
			"from": [7.25, 5.31256, 5.78744],
			"to": [8.75, 5.56256, 12.03744],
			"rotation": {"angle": 0, "axis": "y", "origin": [8, 5.68756, 6.78744]},
			"faces": {
				"north": {"uv": [2.75, 9.25, 3.125, 9.375], "texture": "#2"},
				"east": {"uv": [7, 4.5, 8.625, 4.625], "texture": "#2"},
				"south": {"uv": [9.25, 2.75, 9.625, 2.875], "texture": "#2"},
				"west": {"uv": [7, 4.75, 8.625, 4.875], "texture": "#2"},
				"up": {"uv": [3.875, 4.625, 3.5, 3], "texture": "#2"},
				"down": {"uv": [4.375, 3, 4, 4.625], "texture": "#2"}
			}
		},
		{
			"from": [7.25, 5.56256, 6.28744],
			"to": [8.75, 6.56256, 12.03744],
			"rotation": {"angle": 0, "axis": "y", "origin": [8, 5.93756, 6.78744]},
			"faces": {
				"north": {"uv": [6.5, 8.75, 6.875, 9], "texture": "#2"},
				"east": {"uv": [5.5, 1.5, 7, 1.75], "texture": "#2"},
				"south": {"uv": [7, 8.75, 7.375, 9], "texture": "#2"},
				"west": {"uv": [5.5, 1.75, 7, 2], "texture": "#2"},
				"up": {"uv": [0.375, 6, 0, 4.5], "texture": "#2"},
				"down": {"uv": [3.375, 4.5, 3, 6], "texture": "#2"}
			}
		}
	],
	"display": {
		"thirdperson": {
			"rotation": [90, 0, -180],
			"translation": [0, 4.9, -2.3],
			"scale": [0.7, 1, 0.7]
		},
		"firstperson": {
			"rotation": [0, -55, 0],
			"translation": [-5.5, 6.1, -0.3],
			"scale": [0.8, 1.1, 0.8]
		},
		"ground": {
			"translation": [0, 2, 0],
			"scale": [1.5, 1.5, 1.5]
		},
		"gui": {
			"translation": [1, 0, 0],
			"rotation": [40, 225, 0],
			"scale": [0.8, 1, 0.8]
		}
	}
}