{
	"credit": "Made with Blockbench",
	"texture_size": [64, 64],
	"textures": {
		"2": "weapons/crossbow_gun",
		"particle": "weapons/crossbow_gun"
	},
	"elements": [
		{
			"from": [7.25, 8.5, -6.75],
			"to": [8.75, 10, -2.75],
			"rotation": {"angle": 0, "axis": "y", "origin": [6.75, 8, -4.75]},
			"faces": {
				"north": {"uv": [8, 8.75, 8.375, 9.125], "texture": "#2"},
				"east": {"uv": [6.5, 3.5, 7.5, 3.875], "texture": "#2"},
				"south": {"uv": [8.75, 8, 9.125, 8.375], "texture": "#2"},
				"west": {"uv": [2.75, 7.25, 3.75, 7.625], "texture": "#2"},
				"up": {"uv": [4.875, 8, 4.5, 7], "texture": "#2"},
				"down": {"uv": [5.625, 7, 5.25, 8], "texture": "#2"}
			}
		},
		{
			"from": [7.5, 9.30343, -9.2891],
			"to": [8.5, 10.80343, -6.7891],
			"rotation": {"angle": 22.5, "axis": "x", "origin": [6.75, 8.80343, -8.7891]},
			"faces": {
				"north": {"uv": [9, 7, 9.25, 7.375], "texture": "#2"},
				"east": {"uv": [8, 7.75, 8.625, 8.125], "texture": "#2"},
				"south": {"uv": [7.25, 9, 7.5, 9.375], "texture": "#2"},
				"west": {"uv": [8.25, 0.25, 8.875, 0.625], "texture": "#2"},
				"up": {"uv": [3.75, 9.375, 3.5, 8.75], "texture": "#2"},
				"down": {"uv": [4, 8.75, 3.75, 9.375], "texture": "#2"}
			}
		},
		{
			"from": [6.75, 9.25, -3.25],
			"to": [9.25, 11.75, 0.75],
			"rotation": {"angle": 0, "axis": "y", "origin": [6.75, 9.75, -3.25]},
			"faces": {
				"north": {"uv": [4.25, 6.25, 4.875, 6.875], "texture": "#2"},
				"east": {"uv": [2.75, 5, 3.75, 5.625], "texture": "#2"},
				"south": {"uv": [5.75, 6.5, 6.375, 7.125], "texture": "#2"},
				"west": {"uv": [5, 4.75, 6, 5.375], "texture": "#2"},
				"up": {"uv": [4.375, 6, 3.75, 5], "texture": "#2"},
				"down": {"uv": [6.125, 1.25, 5.5, 2.25], "texture": "#2"}
			}
		},
		{
			"from": [6.755, 9.755, 0.755],
			"to": [9.245, 11.745, 11.745],
			"rotation": {"angle": 0, "axis": "y", "origin": [8, 10.75, 6.25]},
			"faces": {
				"north": {"uv": [5.75, 7.75, 6.375, 8.25], "texture": "#2"},
				"east": {"uv": [1.5, 0, 4.25, 0.5], "texture": "#2"},
				"south": {"uv": [6.5, 7.75, 7.125, 8.25], "texture": "#2"},
				"west": {"uv": [1.5, 0.5, 4.25, 1], "texture": "#2"},
				"up": {"uv": [0.625, 2.75, 0, 0], "texture": "#2"},
				"down": {"uv": [1.375, 0, 0.75, 2.75], "texture": "#2"}
			}
		},
		{
			"from": [6.75, 9, 10.25],
			"to": [9.25, 11.5, 15.75],
			"rotation": {"angle": 0, "axis": "y", "origin": [6.75, 9.5, 1.75]},
			"faces": {
				"north": {"uv": [6.5, 6.5, 7.125, 7.125], "texture": "#2"},
				"east": {"uv": [0, 2.75, 1.375, 3.375], "texture": "#2"},
				"south": {"uv": [6.75, 0.25, 7.375, 0.875], "texture": "#2"},
				"west": {"uv": [0, 3.5, 1.375, 4.125], "texture": "#2"},
				"up": {"uv": [4.125, 2.375, 3.5, 1], "texture": "#2"},
				"down": {"uv": [2.125, 3.5, 1.5, 4.875], "texture": "#2"}
			}
		},
		{
			"from": [6.5, 9.5, 12.25],
			"to": [9.5, 12, 16.75],
			"rotation": {"angle": 0, "axis": "y", "origin": [6.5, 10, 13.5]},
			"faces": {
				"north": {"uv": [6, 4.75, 6.75, 5.375], "texture": "#2"},
				"east": {"uv": [4.25, 1.5, 5.375, 2.125], "texture": "#2"},
				"south": {"uv": [6.25, 1.25, 7, 1.875], "texture": "#2"},
				"west": {"uv": [4.25, 2.25, 5.375, 2.875], "texture": "#2"},
				"up": {"uv": [3, 4.625, 2.25, 3.5], "texture": "#2"},
				"down": {"uv": [4.25, 2.5, 3.5, 3.625], "texture": "#2"}
			}
		},
		{
			"from": [6.75, 9.7019, 14.96967],
			"to": [9.25, 11.9519, 17.21967],
			"rotation": {"angle": 45, "axis": "x", "origin": [6.5, 10.2019, 16.21967]},
			"faces": {
				"north": {"uv": [6.75, 4.75, 7.375, 5.375], "texture": "#2"},
				"east": {"uv": [7, 1, 7.625, 1.625], "texture": "#2"},
				"south": {"uv": [3.75, 7, 4.375, 7.625], "texture": "#2"},
				"west": {"uv": [0, 7.25, 0.625, 7.875], "texture": "#2"},
				"up": {"uv": [1.375, 7.875, 0.75, 7.25], "texture": "#2"},
				"down": {"uv": [2.125, 7.25, 1.5, 7.875], "texture": "#2"}
			}
		},
		{
			"from": [7, 10, 16.5],
			"to": [9, 12, 19.5],
			"rotation": {"angle": 0, "axis": "y", "origin": [7, 10, 16.5]},
			"faces": {
				"north": {"uv": [0, 8, 0.5, 8.5], "texture": "#2"},
				"east": {"uv": [5.75, 7.25, 6.5, 7.75], "texture": "#2"},
				"south": {"uv": [0.5, 8, 1, 8.5], "texture": "#2"},
				"west": {"uv": [6.5, 7.25, 7.25, 7.75], "texture": "#2"},
				"up": {"uv": [2, 7.25, 1.5, 6.5], "texture": "#2"},
				"down": {"uv": [7.75, 6.5, 7.25, 7.25], "texture": "#2"}
			}
		},
		{
			"from": [7.5, 10.5, 19.5],
			"to": [8.5, 11.5, 28],
			"rotation": {"angle": 0, "axis": "y", "origin": [7, 9.75, 19.5]},
			"faces": {
				"north": {"uv": [4.25, 3.5, 4.5, 3.75], "texture": "#2"},
				"east": {"uv": [5.5, 2.25, 7.625, 2.5], "texture": "#2"},
				"south": {"uv": [2.75, 4.75, 3, 5], "texture": "#2"},
				"west": {"uv": [5.5, 2.5, 7.625, 2.75], "texture": "#2"},
				"up": {"uv": [2.25, 7.125, 2, 5], "texture": "#2"},
				"down": {"uv": [5.25, 5.5, 5, 7.625], "texture": "#2"}
			}
		},
		{
			"from": [7.25, 6.25, 28],
			"to": [8.75, 11.75, 28.5],
			"rotation": {"angle": 0, "axis": "y", "origin": [7, 9.75, 28]},
			"faces": {
				"north": {"uv": [5.25, 5.5, 5.625, 6.875], "texture": "#2"},
				"east": {"uv": [2.5, 8.75, 2.625, 10.125], "texture": "#2"},
				"south": {"uv": [0, 5.75, 0.375, 7.125], "texture": "#2"},
				"west": {"uv": [3.25, 8.75, 3.375, 10.125], "texture": "#2"},
				"up": {"uv": [9.875, 3.875, 9.5, 3.75], "texture": "#2"},
				"down": {"uv": [9.875, 5, 9.5, 5.125], "texture": "#2"}
			}
		},
		{
			"from": [7.625, 6.13634, 26.92859],
			"to": [8.375, 11.63634, 28.92859],
			"rotation": {"angle": -22.5, "axis": "x", "origin": [7.625, 8.88634, 27.17859]},
			"faces": {
				"north": {"uv": [2.75, 7.75, 3, 9.125], "texture": "#2"},
				"east": {"uv": [4.5, 4.75, 5, 6.125], "texture": "#2"},
				"west": {"uv": [1.5, 5, 2, 6.375], "texture": "#2"}
			}
		},
		{
			"from": [7.25, 10.25, 19.5],
			"to": [8.75, 11.75, 23],
			"rotation": {"angle": 0, "axis": "y", "origin": [7, 9.5, 19.5]},
			"faces": {
				"north": {"uv": [8.5, 8.75, 8.875, 9.125], "texture": "#2"},
				"east": {"uv": [7.5, 3.5, 8.375, 3.875], "texture": "#2"},
				"south": {"uv": [0, 9, 0.375, 9.375], "texture": "#2"},
				"west": {"uv": [7.5, 5.5, 8.375, 5.875], "texture": "#2"},
				"up": {"uv": [3.625, 8.625, 3.25, 7.75], "texture": "#2"},
				"down": {"uv": [4.125, 7.75, 3.75, 8.625], "texture": "#2"}
			}
		},
		{
			"from": [7.5, 8.75, 19.975],
			"to": [8.5, 10.25, 23.475],
			"rotation": {"angle": -22.5, "axis": "x", "origin": [7, 8, 19.975]},
			"faces": {
				"north": {"uv": [9.25, 9, 9.5, 9.375], "texture": "#2"},
				"east": {"uv": [7.75, 1, 8.625, 1.375], "texture": "#2"},
				"south": {"uv": [0, 9.5, 0.25, 9.875], "texture": "#2"},
				"west": {"uv": [7.75, 2.25, 8.625, 2.625], "texture": "#2"},
				"up": {"uv": [1.75, 9.375, 1.5, 8.5], "texture": "#2"},
				"down": {"uv": [2, 8.5, 1.75, 9.375], "texture": "#2"}
			}
		},
		{
			"from": [7.005, 9.67955, 15.39343],
			"to": [8.995, 10.66955, 18.88343],
			"rotation": {"angle": -22.5, "axis": "x", "origin": [8, 10.17455, 17.13843]},
			"faces": {
				"north": {"uv": [3, 3.5, 3.5, 3.75], "texture": "#2"},
				"east": {"uv": [8.5, 3.75, 9.375, 4], "texture": "#2"},
				"south": {"uv": [8, 5.25, 8.5, 5.5], "texture": "#2"},
				"west": {"uv": [8.5, 5.75, 9.375, 6], "texture": "#2"},
				"up": {"uv": [3.25, 7.125, 2.75, 6.25], "texture": "#2"},
				"down": {"uv": [3.75, 6.25, 3.25, 7.125], "texture": "#2"}
			}
		},
		{
			"from": [7.5, 12, 11.25],
			"to": [8.5, 12.75, 16.25],
			"rotation": {"angle": 0, "axis": "y", "origin": [6.5, 11.75, 11.25]},
			"faces": {
				"north": {"uv": [4.25, 6, 4.5, 6.25], "texture": "#2"},
				"east": {"uv": [7.75, 1.5, 9, 1.75], "texture": "#2"},
				"south": {"uv": [6.75, 1, 7, 1.25], "texture": "#2"},
				"west": {"uv": [7.75, 6.5, 9, 6.75], "texture": "#2"},
				"up": {"uv": [4.5, 9, 4.25, 7.75], "texture": "#2"},
				"down": {"uv": [5.25, 7.75, 5, 9], "texture": "#2"}
			}
		},
		{
			"from": [7.505, 10.61679, 17.40676],
			"to": [8.495, 11.35679, 17.89676],
			"rotation": {"angle": -22.5, "axis": "x", "origin": [8, 7.90394, 13.58639]},
			"faces": {
				"north": {"uv": [2, 8, 2.25, 8.25], "texture": "#2"},
				"east": {"uv": [8.25, 3.25, 8.375, 3.5], "texture": "#2"},
				"south": {"uv": [8.25, 2, 8.5, 2.25], "texture": "#2"},
				"west": {"uv": [4, 8.75, 4.125, 9], "texture": "#2"},
				"up": {"uv": [9.75, 5.375, 9.5, 5.25], "texture": "#2"},
				"down": {"uv": [9.75, 5.75, 9.5, 5.875], "texture": "#2"}
			}
		},
		{
			"from": [6.875, 7.5, 10.7],
			"to": [9.125, 9, 15.7],
			"rotation": {"angle": 0, "axis": "y", "origin": [7.125, 7, 11.7]},
			"faces": {
				"north": {"uv": [2, 8.25, 2.625, 8.625], "texture": "#2"},
				"east": {"uv": [6.25, 2.75, 7.5, 3.125], "texture": "#2"},
				"south": {"uv": [5.75, 8.25, 6.375, 8.625], "texture": "#2"},
				"west": {"uv": [6.25, 5.5, 7.5, 5.875], "texture": "#2"},
				"up": {"uv": [3.625, 5, 3, 3.75], "texture": "#2"},
				"down": {"uv": [4.375, 3.75, 3.75, 5], "texture": "#2"}
			}
		},
		{
			"from": [6.88, 8.64032, 10.77014],
			"to": [9.12, 10.63032, 12.26014],
			"rotation": {"angle": -22.5, "axis": "x", "origin": [8, 7.90394, 13.58639]},
			"faces": {
				"north": {"uv": [7.75, 6.75, 8.375, 7.25], "texture": "#2"},
				"east": {"uv": [4.5, 8.5, 4.875, 9], "texture": "#2"},
				"south": {"uv": [7.25, 7.75, 7.875, 8.25], "texture": "#2"},
				"west": {"uv": [5.25, 8.5, 5.625, 9], "texture": "#2"},
				"up": {"uv": [8.875, 6.375, 8.25, 6], "texture": "#2"},
				"down": {"uv": [7.125, 8.25, 6.5, 8.625], "texture": "#2"}
			}
		},
		{
			"from": [7.005, 2.505, 12.755],
			"to": [8.995, 4.495, 16.745],
			"rotation": {"angle": 0, "axis": "y", "origin": [8, 7.90394, 13.58639]},
			"faces": {
				"north": {"uv": [1, 8, 1.5, 8.5], "texture": "#2"},
				"east": {"uv": [0.5, 5.75, 1.5, 6.25], "texture": "#2"},
				"south": {"uv": [1.5, 8, 2, 8.5], "texture": "#2"},
				"west": {"uv": [2.75, 5.75, 3.75, 6.25], "texture": "#2"},
				"up": {"uv": [6.25, 6.5, 5.75, 5.5], "texture": "#2"},
				"down": {"uv": [4.25, 6, 3.75, 7], "texture": "#2"}
			}
		},
		{
			"from": [7, 3.53482, 11.8977],
			"to": [9, 8.78482, 15.8977],
			"rotation": {"angle": -22.5, "axis": "x", "origin": [8, 6.15982, 13.8977]},
			"faces": {
				"north": {"uv": [0.5, 4.25, 1, 5.625], "texture": "#2"},
				"east": {"uv": [1.5, 1, 2.5, 2.375], "texture": "#2"},
				"south": {"uv": [1, 4.25, 1.5, 5.625], "texture": "#2"},
				"west": {"uv": [2.5, 1, 3.5, 2.375], "texture": "#2"},
				"up": {"uv": [1, 7.25, 0.5, 6.25], "texture": "#2"},
				"down": {"uv": [1.5, 6.25, 1, 7.25], "texture": "#2"}
			}
		},
		{
			"from": [7.5, 8.6, -3.2],
			"to": [8.5, 8.85, 7.8],
			"rotation": {"angle": 0, "axis": "y", "origin": [6.5, 6.85, -0.2]},
			"faces": {
				"north": {"uv": [9.5, 6, 9.75, 6.125], "texture": "#2"},
				"east": {"uv": [7.5, 2.75, 10.25, 2.875], "texture": "#2"},
				"south": {"uv": [9.5, 6.25, 9.75, 6.375], "texture": "#2"},
				"west": {"uv": [7.5, 3, 10.25, 3.125], "texture": "#2"},
				"up": {"uv": [2.5, 7.5, 2.25, 4.75], "texture": "#2"},
				"down": {"uv": [2.75, 4.75, 2.5, 7.5], "texture": "#2"}
			}
		},
		{
			"from": [7.5, 8.22917, 9.66427],
			"to": [8.5, 9.72917, 9.91427],
			"rotation": {"angle": 22.5, "axis": "x", "origin": [7.5, 13.72917, 9.78927]},
			"faces": {
				"north": {"uv": [7.5, 9, 7.75, 9.375], "texture": "#2"},
				"east": {"uv": [0.25, 9.5, 0.375, 9.875], "texture": "#2"},
				"south": {"uv": [7.75, 9, 8, 9.375], "texture": "#2"},
				"west": {"uv": [9.5, 0.25, 9.625, 0.625], "texture": "#2"},
				"up": {"uv": [9.75, 6.625, 9.5, 6.5], "texture": "#2"},
				"down": {"uv": [9.75, 6.75, 9.5, 6.875], "texture": "#2"}
			}
		},
		{
			"from": [7, 9.5, -5.75],
			"to": [9, 11.5, -2.75],
			"rotation": {"angle": 0, "axis": "y", "origin": [7, 9.5, -5.75]},
			"faces": {
				"north": {"uv": [4.5, 8, 5, 8.5], "texture": "#2"},
				"east": {"uv": [7.25, 7.25, 8, 7.75], "texture": "#2"},
				"south": {"uv": [8, 4.75, 8.5, 5.25], "texture": "#2"},
				"west": {"uv": [7.5, 0.25, 8.25, 0.75], "texture": "#2"},
				"up": {"uv": [2.75, 8.25, 2.25, 7.5], "texture": "#2"},
				"down": {"uv": [8, 4.75, 7.5, 5.5], "texture": "#2"}
			}
		},
		{
			"from": [8, 10, -3.75],
			"to": [10, 11.25, -3],
			"rotation": {"angle": 22.5, "axis": "y", "origin": [7, 9.5, -5.75]},
			"faces": {
				"north": {"uv": [8.5, 6.75, 9, 7.125], "texture": "#2"},
				"east": {"uv": [3, 9.25, 3.25, 9.625], "texture": "#2"},
				"south": {"uv": [8.5, 7.25, 9, 7.625], "texture": "#2"},
				"west": {"uv": [9.25, 3.25, 9.5, 3.625], "texture": "#2"},
				"up": {"uv": [6.5, 9.25, 6, 9], "texture": "#2"},
				"down": {"uv": [9.5, 6, 9, 6.25], "texture": "#2"}
			}
		},
		{
			"from": [8.97639, 10.005, -5.74315],
			"to": [10.46639, 11.245, -5.00315],
			"rotation": {"angle": -22.5, "axis": "y", "origin": [8, 11.125, -1.46378]},
			"faces": {
				"north": {"uv": [9, 0.25, 9.375, 0.625], "texture": "#2"},
				"east": {"uv": [4.5, 9.25, 4.75, 9.625], "texture": "#2"},
				"south": {"uv": [0.5, 9, 0.875, 9.375], "texture": "#2"},
				"west": {"uv": [4.75, 9.25, 5, 9.625], "texture": "#2"},
				"up": {"uv": [9.375, 7.75, 9, 7.5], "texture": "#2"},
				"down": {"uv": [9.625, 4.75, 9.25, 5], "texture": "#2"}
			}
		},
		{
			"from": [13.62993, 10.5, -4.59759],
			"to": [21.12993, 11.75, -3.84759],
			"rotation": {"angle": -45, "axis": "y", "origin": [12.62993, 10, -6.59759]},
			"faces": {
				"north": {"uv": [4.25, 3, 6.125, 3.375], "texture": "#2"},
				"east": {"uv": [5, 9.25, 5.25, 9.625], "texture": "#2"},
				"south": {"uv": [4.5, 3.5, 6.375, 3.875], "texture": "#2"},
				"west": {"uv": [9.25, 5, 9.5, 5.375], "texture": "#2"},
				"up": {"uv": [8.125, 2.25, 6.25, 2], "texture": "#2"},
				"down": {"uv": [8.125, 3.25, 6.25, 3.5], "texture": "#2"}
			}
		},
		{
			"from": [17.11848, 11.005, -2.93012],
			"to": [19.60848, 12.245, -2.19012],
			"rotation": {"angle": -22.5, "axis": "y", "origin": [8, 11.125, -1.46378]},
			"faces": {
				"north": {"uv": [7.25, 8.25, 7.875, 8.625], "texture": "#2"},
				"east": {"uv": [5.25, 9.25, 5.5, 9.625], "texture": "#2"},
				"south": {"uv": [8, 8.25, 8.625, 8.625], "texture": "#2"},
				"west": {"uv": [5.5, 9.25, 5.75, 9.625], "texture": "#2"},
				"up": {"uv": [5.375, 1.5, 4.75, 1.25], "texture": "#2"},
				"down": {"uv": [6.125, 2.75, 5.5, 3], "texture": "#2"}
			}
		},
		{
			"from": [18.02924, 11, 2.15609],
			"to": [20.52924, 12.25, 2.90609],
			"rotation": {"angle": 22.5, "axis": "y", "origin": [17.02924, 10.5, 0.15609]},
			"faces": {
				"north": {"uv": [0, 8.5, 0.625, 8.875], "texture": "#2"},
				"east": {"uv": [5.75, 9.25, 6, 9.625], "texture": "#2"},
				"south": {"uv": [0.75, 8.5, 1.375, 8.875], "texture": "#2"},
				"west": {"uv": [6, 9.25, 6.25, 9.625], "texture": "#2"},
				"up": {"uv": [9.375, 2.5, 8.75, 2.25], "texture": "#2"},
				"down": {"uv": [9.375, 2.5, 8.75, 2.75], "texture": "#2"}
			}
		},
		{
			"from": [6, 10, -3.75],
			"to": [8, 11.25, -3],
			"rotation": {"angle": -22.5, "axis": "y", "origin": [9, 9.5, -5.75]},
			"faces": {
				"north": {"uv": [8.75, 1, 9.25, 1.375], "texture": "#2"},
				"east": {"uv": [9.25, 8.5, 9.5, 8.875], "texture": "#2"},
				"south": {"uv": [2, 8.75, 2.5, 9.125], "texture": "#2"},
				"west": {"uv": [9, 9.25, 9.25, 9.625], "texture": "#2"},
				"up": {"uv": [9.5, 6.5, 9, 6.25], "texture": "#2"},
				"down": {"uv": [7, 9, 6.5, 9.25], "texture": "#2"}
			}
		},
		{
			"from": [5.53361, 10.005, -5.74315],
			"to": [7.02361, 11.245, -5.00315],
			"rotation": {"angle": 22.5, "axis": "y", "origin": [8, 11.125, -1.46378]},
			"faces": {
				"north": {"uv": [1, 9, 1.375, 9.375], "texture": "#2"},
				"east": {"uv": [9.25, 8, 9.5, 8.375], "texture": "#2"},
				"south": {"uv": [4, 9, 4.375, 9.375], "texture": "#2"},
				"west": {"uv": [8.25, 9.25, 8.5, 9.625], "texture": "#2"},
				"up": {"uv": [9.625, 5.75, 9.25, 5.5], "texture": "#2"},
				"down": {"uv": [8.875, 9.25, 8.5, 9.5], "texture": "#2"}
			}
		},
		{
			"from": [-5.12993, 10.5, -4.59759],
			"to": [2.37007, 11.75, -3.84759],
			"rotation": {"angle": 45, "axis": "y", "origin": [3.37007, 10, -6.59759]},
			"faces": {
				"north": {"uv": [4.75, 0.25, 6.625, 0.625], "texture": "#2"},
				"east": {"uv": [9.25, 7, 9.5, 7.375], "texture": "#2"},
				"south": {"uv": [4.75, 0.75, 6.625, 1.125], "texture": "#2"},
				"west": {"uv": [8, 9.25, 8.25, 9.625], "texture": "#2"},
				"up": {"uv": [8.125, 6.25, 6.25, 6], "texture": "#2"},
				"down": {"uv": [8.125, 6.25, 6.25, 6.5], "texture": "#2"}
			}
		},
		{
			"from": [-3.60848, 11.005, -2.93012],
			"to": [-1.11848, 12.245, -2.19012],
			"rotation": {"angle": 22.5, "axis": "y", "origin": [8, 11.125, -1.46378]},
			"faces": {
				"north": {"uv": [8.5, 4.75, 9.125, 5.125], "texture": "#2"},
				"east": {"uv": [9.25, 6.5, 9.5, 6.875], "texture": "#2"},
				"south": {"uv": [8.5, 5.25, 9.125, 5.625], "texture": "#2"},
				"west": {"uv": [6.75, 9.25, 7, 9.625], "texture": "#2"},
				"up": {"uv": [7.875, 9, 7.25, 8.75], "texture": "#2"},
				"down": {"uv": [9.375, 7.75, 8.75, 8], "texture": "#2"}
			}
		},
		{
			"from": [-4.52924, 11, 2.15609],
			"to": [-2.02924, 12.25, 2.90609],
			"rotation": {"angle": -22.5, "axis": "y", "origin": [-1.02924, 10.5, 0.15609]},
			"faces": {
				"north": {"uv": [8.5, 1.75, 9.125, 2.125], "texture": "#2"},
				"east": {"uv": [6.25, 9.25, 6.5, 9.625], "texture": "#2"},
				"south": {"uv": [8.5, 3.25, 9.125, 3.625], "texture": "#2"},
				"west": {"uv": [6.5, 9.25, 6.75, 9.625], "texture": "#2"},
				"up": {"uv": [6.375, 9, 5.75, 8.75], "texture": "#2"},
				"down": {"uv": [7.125, 8.75, 6.5, 9], "texture": "#2"}
			}
		},
		{
			"from": [-3.25, 11.75, 1.9753],
			"to": [19.25, 12, 2.2253],
			"rotation": {"angle": 0, "axis": "y", "origin": [-2, 10.625, 2.3503]},
			"faces": {
				"north": {"uv": [4.5, 4, 10.125, 4.125], "texture": "#2"},
				"east": {"uv": [9.5, 9.25, 9.625, 9.375], "texture": "#2"},
				"south": {"uv": [4.5, 4.25, 10.125, 4.375], "texture": "#2"},
				"west": {"uv": [9.5, 9.5, 9.625, 9.625], "texture": "#2"},
				"up": {"uv": [10.125, 4.625, 4.5, 4.5], "texture": "#2"},
				"down": {"uv": [10.375, 0, 4.75, 0.125], "texture": "#2"}
			}
		},
		{
			"from": [7, 12.75, 14.5],
			"to": [9, 13.75, 16.5],
			"rotation": {"angle": 45, "axis": "y", "origin": [8, 13.25, 15.5]},
			"faces": {
				"north": {"uv": [8.75, 8.5, 9.25, 8.75], "texture": "#2"},
				"east": {"uv": [9, 0.75, 9.5, 1], "texture": "#2"},
				"south": {"uv": [9, 1.5, 9.5, 1.75], "texture": "#2"},
				"west": {"uv": [4.5, 9, 5, 9.25], "texture": "#2"},
				"up": {"uv": [5.75, 8.5, 5.25, 8], "texture": "#2"},
				"down": {"uv": [8.5, 7.25, 8, 7.75], "texture": "#2"}
			}
		},
		{
			"from": [8, 6.25, 7.75],
			"to": [8, 10.25, 11.75],
			"rotation": {"angle": 0, "axis": "y", "origin": [7, 6.25, 7.75]},
			"faces": {
				"north": {"uv": [0, 0, 0, 1], "texture": "#2"},
				"east": {"uv": [1.5, 2.5, 2.5, 3.5], "texture": "#2"},
				"south": {"uv": [0, 0, 0, 1], "texture": "#2"},
				"west": {"uv": [2.5, 2.5, 3.5, 3.5], "texture": "#2"},
				"up": {"uv": [0, 1, 0, 0], "texture": "#2"},
				"down": {"uv": [0, 0, 0, 1], "texture": "#2"}
			}
		},
		{
			"from": [7.625, 9.375, 2.4],
			"to": [8.375, 10.875, 2.9],
			"rotation": {"angle": 22.5, "axis": "x", "origin": [6.625, 9.375, 0.9]},
			"faces": {
				"north": {"uv": [9, 8.75, 9.25, 9.125], "texture": "#2"},
				"east": {"uv": [0.5, 9.5, 0.625, 9.875], "texture": "#2"},
				"south": {"uv": [9.25, 1, 9.5, 1.375], "texture": "#2"},
				"west": {"uv": [0.75, 9.5, 0.875, 9.875], "texture": "#2"},
				"up": {"uv": [7.25, 9.625, 7, 9.5], "texture": "#2"},
				"down": {"uv": [9.75, 7, 9.5, 7.125], "texture": "#2"}
			}
		},
		{
			"from": [7.625, 9.375, -0.6],
			"to": [8.375, 10.875, -0.1],
			"rotation": {"angle": 22.5, "axis": "x", "origin": [6.625, 9.375, -2.1]},
			"faces": {
				"north": {"uv": [2.25, 9.25, 2.5, 9.625], "texture": "#2"},
				"east": {"uv": [1.25, 9.5, 1.375, 9.875], "texture": "#2"},
				"south": {"uv": [2.75, 9.25, 3, 9.625], "texture": "#2"},
				"west": {"uv": [9.5, 1.25, 9.625, 1.625], "texture": "#2"},
				"up": {"uv": [7.75, 9.625, 7.5, 9.5], "texture": "#2"},
				"down": {"uv": [9.75, 7.5, 9.5, 7.625], "texture": "#2"}
			}
		},
		{
			"from": [7.625, 9.375, 5.4],
			"to": [8.375, 10.875, 5.9],
			"rotation": {"angle": 22.5, "axis": "x", "origin": [6.625, 9.375, 3.9]},
			"faces": {
				"north": {"uv": [9.25, 1.75, 9.5, 2.125], "texture": "#2"},
				"east": {"uv": [9.5, 0.75, 9.625, 1.125], "texture": "#2"},
				"south": {"uv": [2, 9.25, 2.25, 9.625], "texture": "#2"},
				"west": {"uv": [1, 9.5, 1.125, 9.875], "texture": "#2"},
				"up": {"uv": [7.5, 9.625, 7.25, 9.5], "texture": "#2"},
				"down": {"uv": [9.75, 7.25, 9.5, 7.375], "texture": "#2"}
			}
		},
		{
			"from": [7, 11.25, 0],
			"to": [9, 12.25, 6],
			"rotation": {"angle": 0, "axis": "y", "origin": [7, 10.25, 0]},
			"faces": {
				"north": {"uv": [5, 9, 5.5, 9.25], "texture": "#2"},
				"east": {"uv": [7, 1.75, 8.5, 2], "texture": "#2"},
				"south": {"uv": [5.5, 9, 6, 9.25], "texture": "#2"},
				"west": {"uv": [7.5, 0.75, 9, 1], "texture": "#2"},
				"up": {"uv": [0.5, 5.75, 0, 4.25], "texture": "#2"},
				"down": {"uv": [4.75, 0, 4.25, 1.5], "texture": "#2"}
			}
		},
		{
			"from": [7.875, 12.35, 10.2],
			"to": [8.125, 12.6, 11.45],
			"rotation": {"angle": 0, "axis": "y", "origin": [6.125, 11.35, 5.45]},
			"faces": {
				"north": {"uv": [8.5, 9.5, 8.625, 9.625], "texture": "#2"},
				"east": {"uv": [1.5, 9.5, 1.875, 9.625], "texture": "#2"},
				"south": {"uv": [9.5, 8.5, 9.625, 8.625], "texture": "#2"},
				"west": {"uv": [9.5, 1.75, 9.875, 1.875], "texture": "#2"},
				"up": {"uv": [9.625, 2.375, 9.5, 2], "texture": "#2"},
				"down": {"uv": [9.625, 3.25, 9.5, 3.625], "texture": "#2"}
			}
		},
		{
			"from": [7.875, 12.12034, 9.04541],
			"to": [8.125, 12.37034, 10.29541],
			"rotation": {"angle": -22.5, "axis": "x", "origin": [7.125, 12.24534, 9.67041]},
			"faces": {
				"north": {"uv": [8.75, 9.5, 8.875, 9.625], "texture": "#2"},
				"east": {"uv": [9.5, 2.5, 9.875, 2.625], "texture": "#2"},
				"south": {"uv": [9.5, 8.75, 9.625, 8.875], "texture": "#2"},
				"west": {"uv": [3.5, 9.5, 3.875, 9.625], "texture": "#2"},
				"up": {"uv": [4.125, 9.875, 4, 9.5], "texture": "#2"},
				"down": {"uv": [4.375, 9.5, 4.25, 9.875], "texture": "#2"}
			}
		},
		{
			"from": [7.875, 12.12034, 8.48623],
			"to": [8.125, 12.37034, 9.23623],
			"rotation": {"angle": 22.5, "axis": "x", "origin": [7.125, 12.24534, 8.61123]},
			"faces": {
				"north": {"uv": [9.5, 9, 9.625, 9.125], "texture": "#2"},
				"east": {"uv": [7.75, 9.5, 8, 9.625], "texture": "#2"},
				"south": {"uv": [9.25, 9.5, 9.375, 9.625], "texture": "#2"},
				"west": {"uv": [9.5, 7.75, 9.75, 7.875], "texture": "#2"},
				"up": {"uv": [9.625, 8.25, 9.5, 8], "texture": "#2"},
				"down": {"uv": [9.625, 8.25, 9.5, 8.5], "texture": "#2"}
			}
		}
	],
	"display": {
		"thirdperson": {
			"rotation": [90, 0, -180],
			"translation": [0, 1.9, -1.3],
			"scale": [0.5, 0.8, 0.5]
		},
		"firstperson": {
			"rotation": [0, -50, 0],
			"translation": [-6, 4, 0.5],
			"scale": [0.7, 1, 0.7]
		},
		"ground": {
			"translation": [0, 2, 0],
			"scale": [1.4, 1.4, 1.4]
		},
		"gui": {
			"translation": [1.3, 0, 0],
			"rotation": [40, 225, 0],
			"scale": [0.9, 0.9, 0.9]
		}
	}
}