{
	"credit": "Made with Blockbench",
	"texture_size": [64, 64],
	"textures": {
		"0": "blocks/auto_turret",
		"particle": "blocks/auto_turret"
	},
	"elements": [
		{
			"from": [5.5, 8, 5.5],
			"to": [10.5, 9, 10.5],
			"rotation": {"angle": 0, "axis": "y", "origin": [3.5, -1, -0.5]},
			"faces": {
				"north": {"uv": [9.5, 3.25, 10.75, 3.5], "texture": "#0"},
				"east": {"uv": [9.5, 3.5, 10.75, 3.75], "texture": "#0"},
				"south": {"uv": [9.5, 3.75, 10.75, 4], "texture": "#0"},
				"west": {"uv": [9.5, 4, 10.75, 4.25], "texture": "#0"},
				"up": {"uv": [1.25, 8.75, 0, 7.5], "texture": "#0"},
				"down": {"uv": [8.75, 0, 7.5, 1.25], "texture": "#0"}
			}
		},
		{
			"from": [6.75, 9, 6.75],
			"to": [9.25, 11, 9.25],
			"rotation": {"angle": 0, "axis": "y", "origin": [4.75, 0, -0.5]},
			"faces": {
				"north": {"uv": [9.5, 4.25, 10.125, 4.75], "texture": "#0"},
				"east": {"uv": [9.5, 4.75, 10.125, 5.25], "texture": "#0"},
				"south": {"uv": [6.25, 9.5, 6.875, 10], "texture": "#0"},
				"west": {"uv": [9.5, 7.25, 10.125, 7.75], "texture": "#0"},
				"up": {"uv": [6.875, 9.375, 6.25, 8.75], "texture": "#0"},
				"down": {"uv": [9.625, 8.5, 9, 9.125], "texture": "#0"}
			}
		},
		{
			"from": [5, 10.75, 5.75],
			"to": [11, 16.5, 11.75],
			"rotation": {"angle": 0, "axis": "y", "origin": [5, 10.75, 5.75]},
			"faces": {
				"north": {"uv": [4, 6.25, 5.5, 7.75], "texture": "#0"},
				"east": {"uv": [5.5, 6.25, 7, 7.75], "texture": "#0"},
				"south": {"uv": [6.5, 2.5, 8, 4], "texture": "#0"},
				"west": {"uv": [6.5, 4, 8, 5.5], "texture": "#0"},
				"up": {"uv": [8.5, 7, 7, 5.5], "texture": "#0"},
				"down": {"uv": [8.5, 7, 7, 8.5], "texture": "#0"}
			}
		},
		{
			"from": [7, 16.25, 7.5],
			"to": [9, 17.25, 9.25],
			"rotation": {"angle": 0, "axis": "y", "origin": [7, 11.5, 5.75]},
			"faces": {
				"north": {"uv": [6.5, 6, 7, 6.25], "texture": "#0"},
				"east": {"uv": [7.5, 2.25, 8, 2.5], "texture": "#0"},
				"south": {"uv": [8, 5.25, 8.5, 5.5], "texture": "#0"},
				"west": {"uv": [9.75, 9, 10.25, 9.25], "texture": "#0"},
				"up": {"uv": [7, 6, 6.5, 5.5], "texture": "#0"},
				"down": {"uv": [3.25, 9.75, 2.75, 10.25], "texture": "#0"}
			}
		},
		{
			"from": [7.25, 17.25, 8],
			"to": [8.75, 18.75, 10.5],
			"rotation": {"angle": 0, "axis": "y", "origin": [6.75, 13, 5.75]},
			"faces": {
				"north": {"uv": [7, 10.25, 7.375, 10.625], "texture": "#0"},
				"east": {"uv": [9.5, 9.75, 10.125, 10.125], "texture": "#0"},
				"south": {"uv": [10.25, 7.25, 10.625, 7.625], "texture": "#0"},
				"west": {"uv": [10, 1.25, 10.625, 1.625], "texture": "#0"},
				"up": {"uv": [10.375, 2.375, 10, 1.75], "texture": "#0"},
				"down": {"uv": [10.375, 2.5, 10, 3.125], "texture": "#0"}
			}
		},
		{
			"from": [7.25, 18.75, 6.5],
			"to": [8.75, 19.25, 10.5],
			"rotation": {"angle": 0, "axis": "y", "origin": [6.75, 13.5, 5.75]},
			"faces": {
				"north": {"uv": [11, 2, 11.375, 2.125], "texture": "#0"},
				"east": {"uv": [10.25, 5, 11.25, 5.125], "texture": "#0"},
				"south": {"uv": [2.25, 11, 2.625, 11.125], "texture": "#0"},
				"west": {"uv": [10.25, 10, 11.25, 10.125], "texture": "#0"},
				"up": {"uv": [3.625, 10.25, 3.25, 9.25], "texture": "#0"},
				"down": {"uv": [4.125, 9.25, 3.75, 10.25], "texture": "#0"}
			}
		},
		{
			"from": [7.5, 13.25, -5.25],
			"to": [8.5, 14.25, -1.25],
			"rotation": {"angle": 0, "axis": "y", "origin": [6.5, 12.25, -5.25]},
			"faces": {
				"north": {"uv": [2.25, 8.5, 2.5, 8.75], "texture": "#0"},
				"east": {"uv": [9.5, 8.25, 10.5, 8.5], "texture": "#0"},
				"south": {"uv": [1, 8.75, 1.25, 9], "texture": "#0"},
				"west": {"uv": [9.75, 1, 10.75, 1.25], "texture": "#0"},
				"up": {"uv": [2.5, 8.5, 2.25, 7.5], "texture": "#0"},
				"down": {"uv": [5.25, 9.75, 5, 10.75], "texture": "#0"}
			}
		},
		{
			"from": [7, 12.85, 1.25],
			"to": [9, 14.35, 4.75],
			"rotation": {"angle": 0, "axis": "y", "origin": [6.75, 12.35, 1.25]},
			"faces": {
				"north": {"uv": [3.5, 10.25, 4, 10.625], "texture": "#0"},
				"east": {"uv": [7, 9.25, 7.875, 9.625], "texture": "#0"},
				"south": {"uv": [4, 10.25, 4.5, 10.625], "texture": "#0"},
				"west": {"uv": [8, 9.25, 8.875, 9.625], "texture": "#0"},
				"up": {"uv": [2.75, 9.625, 2.25, 8.75], "texture": "#0"},
				"down": {"uv": [3.25, 8.75, 2.75, 9.625], "texture": "#0"}
			}
		},
		{
			"from": [7.75, 14.25, -5],
			"to": [8.25, 15.75, -4],
			"rotation": {"angle": 0, "axis": "y", "origin": [6.25, 13.25, -5]},
			"faces": {
				"north": {"uv": [11, 2.25, 11.125, 2.625], "texture": "#0"},
				"east": {"uv": [10.5, 10.25, 10.75, 10.625], "texture": "#0"},
				"south": {"uv": [2.75, 11, 2.875, 11.375], "texture": "#0"},
				"west": {"uv": [10.75, 1, 11, 1.375], "texture": "#0"},
				"up": {"uv": [11.125, 3.5, 11, 3.25], "texture": "#0"},
				"down": {"uv": [11.125, 3.5, 11, 3.75], "texture": "#0"}
			}
		},
		{
			"from": [7.75, 13.5, -1.25],
			"to": [8.25, 14, -0.25],
			"rotation": {"angle": 0, "axis": "y", "origin": [6.25, 12.5, -1.25]},
			"faces": {
				"north": {"uv": [11, 7.75, 11.125, 7.875], "texture": "#0"},
				"east": {"uv": [3.75, 11, 4, 11.125], "texture": "#0"},
				"south": {"uv": [8, 11, 8.125, 11.125], "texture": "#0"},
				"west": {"uv": [4, 11, 4.25, 11.125], "texture": "#0"},
				"up": {"uv": [4.625, 11.25, 4.5, 11], "texture": "#0"},
				"down": {"uv": [4.875, 11, 4.75, 11.25], "texture": "#0"}
			}
		},
		{
			"from": [7.5, 13.25, -0.25],
			"to": [8.5, 14.25, 0.75],
			"rotation": {"angle": 0, "axis": "y", "origin": [6.5, 12.5, -0.25]},
			"faces": {
				"north": {"uv": [10.75, 6, 11, 6.25], "texture": "#0"},
				"east": {"uv": [10.75, 6.25, 11, 6.5], "texture": "#0"},
				"south": {"uv": [10.75, 6.75, 11, 7], "texture": "#0"},
				"west": {"uv": [7, 10.75, 7.25, 11], "texture": "#0"},
				"up": {"uv": [11, 7.25, 10.75, 7], "texture": "#0"},
				"down": {"uv": [7.5, 10.75, 7.25, 11], "texture": "#0"}
			}
		},
		{
			"from": [7.625, 14.5, -1.1],
			"to": [8.375, 15.25, -0.1],
			"rotation": {"angle": 0, "axis": "y", "origin": [6.375, 13.5, -1.1]},
			"faces": {
				"north": {"uv": [10.75, 7.25, 11, 7.5], "texture": "#0"},
				"east": {"uv": [7.5, 10.75, 7.75, 11], "texture": "#0"},
				"south": {"uv": [10.75, 7.5, 11, 7.75], "texture": "#0"},
				"west": {"uv": [7.75, 10.75, 8, 11], "texture": "#0"},
				"up": {"uv": [11, 8, 10.75, 7.75], "texture": "#0"},
				"down": {"uv": [8.25, 10.75, 8, 11], "texture": "#0"}
			}
		},
		{
			"from": [7.625, 14, -0.975],
			"to": [8.375, 14.75, -0.225],
			"rotation": {"angle": 0, "axis": "y", "origin": [6.375, 13, -1.225]},
			"faces": {
				"north": {"uv": [10.75, 10.5, 11, 10.75], "texture": "#0"},
				"east": {"uv": [10.75, 10.75, 11, 11], "texture": "#0"},
				"south": {"uv": [0, 11, 0.25, 11.25], "texture": "#0"},
				"west": {"uv": [11, 0, 11.25, 0.25], "texture": "#0"},
				"up": {"uv": [0.5, 11.25, 0.25, 11], "texture": "#0"},
				"down": {"uv": [11.25, 0.25, 11, 0.5], "texture": "#0"}
			}
		},
		{
			"from": [7.25, 13, 0.5],
			"to": [8.75, 15.25, 1.25],
			"rotation": {"angle": 0, "axis": "y", "origin": [6.75, 13, 0]},
			"faces": {
				"north": {"uv": [10, 5.25, 10.375, 5.875], "texture": "#0"},
				"east": {"uv": [2, 9, 2.25, 9.625], "texture": "#0"},
				"south": {"uv": [10, 6, 10.375, 6.625], "texture": "#0"},
				"west": {"uv": [10.25, 4.25, 10.5, 4.875], "texture": "#0"},
				"up": {"uv": [10.875, 6.75, 10.5, 6.5], "texture": "#0"},
				"down": {"uv": [10.875, 8.25, 10.5, 8.5], "texture": "#0"}
			}
		},
		{
			"from": [7.25, 13, 1.25],
			"to": [8.75, 14.5, 5],
			"rotation": {"angle": 0, "axis": "y", "origin": [6.75, 13, 0.75]},
			"faces": {
				"north": {"uv": [7.5, 10.25, 7.875, 10.625], "texture": "#0"},
				"east": {"uv": [9, 1.75, 10, 2.125], "texture": "#0"},
				"south": {"uv": [10.25, 7.75, 10.625, 8.125], "texture": "#0"},
				"west": {"uv": [4.25, 9.25, 5.25, 9.625], "texture": "#0"},
				"up": {"uv": [5.625, 10.25, 5.25, 9.25], "texture": "#0"},
				"down": {"uv": [6.125, 9.25, 5.75, 10.25], "texture": "#0"}
			}
		},
		{
			"from": [7.5, 14.5, 1.5],
			"to": [8.5, 15.5, 2],
			"rotation": {"angle": 0, "axis": "y", "origin": [6.5, 14.5, 1.5]},
			"faces": {
				"north": {"uv": [10.75, 8, 11, 8.25], "texture": "#0"},
				"east": {"uv": [11, 4.75, 11.125, 5], "texture": "#0"},
				"south": {"uv": [8.25, 10.75, 8.5, 11], "texture": "#0"},
				"west": {"uv": [5.25, 11, 5.375, 11.25], "texture": "#0"},
				"up": {"uv": [5.75, 11.125, 5.5, 11], "texture": "#0"},
				"down": {"uv": [6, 11, 5.75, 11.125], "texture": "#0"}
			}
		},
		{
			"from": [7.5, 14.5, 2.1],
			"to": [8.5, 15.5, 2.6],
			"rotation": {"angle": 0, "axis": "y", "origin": [6.25, 14.5, 2.1]},
			"faces": {
				"north": {"uv": [8.5, 10.75, 8.75, 11], "texture": "#0"},
				"east": {"uv": [11, 5.75, 11.125, 6], "texture": "#0"},
				"south": {"uv": [10.75, 8.5, 11, 8.75], "texture": "#0"},
				"west": {"uv": [6, 11, 6.125, 11.25], "texture": "#0"},
				"up": {"uv": [11.25, 6.125, 11, 6], "texture": "#0"},
				"down": {"uv": [6.5, 11, 6.25, 11.125], "texture": "#0"}
			}
		},
		{
			"from": [7.5, 14.5, 2.85],
			"to": [8.5, 15.5, 4.85],
			"rotation": {"angle": 0, "axis": "y", "origin": [7, 14.5, 2.85]},
			"faces": {
				"north": {"uv": [8.75, 10.75, 9, 11], "texture": "#0"},
				"east": {"uv": [10.5, 1.75, 11, 2], "texture": "#0"},
				"south": {"uv": [10.75, 8.75, 11, 9], "texture": "#0"},
				"west": {"uv": [10.5, 2, 11, 2.25], "texture": "#0"},
				"up": {"uv": [10.75, 2.75, 10.5, 2.25], "texture": "#0"},
				"down": {"uv": [10.75, 2.75, 10.5, 3.25], "texture": "#0"}
			}
		},
		{
			"from": [7.5, 15.5, 3.35],
			"to": [8.5, 16, 4.85],
			"rotation": {"angle": 0, "axis": "y", "origin": [7, 15.5, 2.85]},
			"faces": {
				"north": {"uv": [11, 6.25, 11.25, 6.375], "texture": "#0"},
				"east": {"uv": [11, 2.75, 11.375, 2.875], "texture": "#0"},
				"south": {"uv": [6.5, 11, 6.75, 11.125], "texture": "#0"},
				"west": {"uv": [11, 3, 11.375, 3.125], "texture": "#0"},
				"up": {"uv": [11, 2.625, 10.75, 2.25], "texture": "#0"},
				"down": {"uv": [11, 2.75, 10.75, 3.125], "texture": "#0"}
			}
		},
		{
			"from": [7.75, 14.625, -0.15],
			"to": [8.25, 15.125, 1.85],
			"rotation": {"angle": 0, "axis": "y", "origin": [6.25, 14.625, -0.15]},
			"faces": {
				"north": {"uv": [11, 8, 11.125, 8.125], "texture": "#0"},
				"east": {"uv": [9, 10.75, 9.5, 10.875], "texture": "#0"},
				"south": {"uv": [8.25, 11, 8.375, 11.125], "texture": "#0"},
				"west": {"uv": [10.75, 9, 11.25, 9.125], "texture": "#0"},
				"up": {"uv": [10.875, 9.75, 10.75, 9.25], "texture": "#0"},
				"down": {"uv": [9.625, 10.75, 9.5, 11.25], "texture": "#0"}
			}
		},
		{
			"from": [7.625, 14.375, 1.85],
			"to": [8.375, 15.375, 2.85],
			"rotation": {"angle": 0, "axis": "y", "origin": [6.375, 14.375, 1.85]},
			"faces": {
				"north": {"uv": [9.75, 10.75, 10, 11], "texture": "#0"},
				"east": {"uv": [10.75, 9.75, 11, 10], "texture": "#0"},
				"south": {"uv": [10, 10.75, 10.25, 11], "texture": "#0"},
				"west": {"uv": [10.25, 10.75, 10.5, 11], "texture": "#0"},
				"up": {"uv": [11, 10.5, 10.75, 10.25], "texture": "#0"},
				"down": {"uv": [10.75, 10.75, 10.5, 11], "texture": "#0"}
			}
		},
		{
			"from": [7, 13.375, 4.85],
			"to": [9, 15.375, 5.85],
			"rotation": {"angle": 0, "axis": "y", "origin": [7, 14.375, 4.85]},
			"faces": {
				"north": {"uv": [8.5, 9.75, 9, 10.25], "texture": "#0"},
				"east": {"uv": [10.5, 4.25, 10.75, 4.75], "texture": "#0"},
				"south": {"uv": [9.75, 8.5, 10.25, 9], "texture": "#0"},
				"west": {"uv": [10.5, 5.25, 10.75, 5.75], "texture": "#0"},
				"up": {"uv": [11, 5, 10.5, 4.75], "texture": "#0"},
				"down": {"uv": [11, 5.75, 10.5, 6], "texture": "#0"}
			}
		},
		{
			"from": [7.25, 17.5, 10.25],
			"to": [8.75, 19, 11.25],
			"rotation": {"angle": 45, "axis": "z", "origin": [8, 18.25, 10.75]},
			"faces": {
				"north": {"uv": [8, 10.25, 8.375, 10.625], "texture": "#0"},
				"east": {"uv": [10.75, 3.25, 11, 3.625], "texture": "#0"},
				"south": {"uv": [8.5, 10.25, 8.875, 10.625], "texture": "#0"},
				"west": {"uv": [3.5, 10.75, 3.75, 11.125], "texture": "#0"},
				"up": {"uv": [11.125, 1.75, 10.75, 1.5], "texture": "#0"},
				"down": {"uv": [4.125, 10.75, 3.75, 11], "texture": "#0"}
			}
		},
		{
			"from": [7.255, 8.96211, 4.71211],
			"to": [8.745, 12.45211, 5.70211],
			"rotation": {"angle": 45, "axis": "x", "origin": [8, 10.70711, 5.20711]},
			"faces": {
				"north": {"uv": [9, 9.25, 9.375, 10.125], "texture": "#0"},
				"east": {"uv": [3, 10.25, 3.25, 11.125], "texture": "#0"},
				"south": {"uv": [0, 9.5, 0.375, 10.375], "texture": "#0"},
				"west": {"uv": [3.25, 10.25, 3.5, 11.125], "texture": "#0"},
				"up": {"uv": [11.125, 4, 10.75, 3.75], "texture": "#0"},
				"down": {"uv": [11.125, 4, 10.75, 4.25], "texture": "#0"}
			}
		},
		{
			"from": [7.25, 8.86768, 4.57218],
			"to": [8.75, 12.36768, 6.07218],
			"rotation": {"angle": 22.5, "axis": "x", "origin": [7.75, 9.61768, 5.07218]},
			"faces": {
				"north": {"uv": [0.5, 9.5, 0.875, 10.375], "texture": "#0"},
				"east": {"uv": [1, 9.5, 1.375, 10.375], "texture": "#0"},
				"south": {"uv": [1.5, 9.5, 1.875, 10.375], "texture": "#0"},
				"west": {"uv": [9.5, 2.25, 9.875, 3.125], "texture": "#0"},
				"up": {"uv": [10.625, 8.875, 10.25, 8.5], "texture": "#0"},
				"down": {"uv": [9.375, 10.25, 9, 10.625], "texture": "#0"}
			}
		},
		{
			"from": [7.5, 13.55, 11.75],
			"to": [8.5, 14.55, 12.75],
			"rotation": {"angle": 0, "axis": "y", "origin": [7.5, 12.55, 11.75]},
			"faces": {
				"north": {"uv": [0.5, 11, 0.75, 11.25], "texture": "#0"},
				"east": {"uv": [11, 0.5, 11.25, 0.75], "texture": "#0"},
				"south": {"uv": [0.75, 11, 1, 11.25], "texture": "#0"},
				"west": {"uv": [11, 0.75, 11.25, 1], "texture": "#0"},
				"up": {"uv": [1.25, 11.25, 1, 11], "texture": "#0"},
				"down": {"uv": [11.25, 1, 11, 1.25], "texture": "#0"}
			}
		},
		{
			"from": [7.5, 14.8, 14.25],
			"to": [8.5, 15.3, 16.75],
			"rotation": {"angle": -22.5, "axis": "x", "origin": [8.5, 14.55, 15.5]},
			"faces": {
				"north": {"uv": [11, 6.5, 11.25, 6.625], "texture": "#0"},
				"east": {"uv": [10.75, 4.25, 11.375, 4.375], "texture": "#0"},
				"south": {"uv": [6.75, 11, 7, 11.125], "texture": "#0"},
				"west": {"uv": [10.75, 4.5, 11.375, 4.625], "texture": "#0"},
				"up": {"uv": [4.75, 10.875, 4.5, 10.25], "texture": "#0"},
				"down": {"uv": [5, 10.25, 4.75, 10.875], "texture": "#0"}
			}
		},
		{
			"from": [7.495, 15.21626, 16.36284],
			"to": [8.505, 15.72626, 18.37284],
			"rotation": {"angle": 0, "axis": "y", "origin": [8, 14.05, 17.36784]},
			"faces": {
				"north": {"uv": [11, 6.75, 11.25, 6.875], "texture": "#0"},
				"east": {"uv": [1.25, 11, 1.75, 11.125], "texture": "#0"},
				"south": {"uv": [7, 11, 7.25, 11.125], "texture": "#0"},
				"west": {"uv": [11, 1.25, 11.5, 1.375], "texture": "#0"},
				"up": {"uv": [10.75, 6.5, 10.5, 6], "texture": "#0"},
				"down": {"uv": [6.5, 10.5, 6.25, 11], "texture": "#0"}
			}
		},
		{
			"from": [7.495, 12.37374, 16.36284],
			"to": [8.505, 12.88374, 18.37284],
			"rotation": {"angle": 0, "axis": "y", "origin": [8, 14.05, 17.36784]},
			"faces": {
				"north": {"uv": [11, 7.25, 11.25, 7.375], "texture": "#0"},
				"east": {"uv": [1.75, 11, 2.25, 11.125], "texture": "#0"},
				"south": {"uv": [7.5, 11, 7.75, 11.125], "texture": "#0"},
				"west": {"uv": [11, 1.75, 11.5, 1.875], "texture": "#0"},
				"up": {"uv": [6.75, 11, 6.5, 10.5], "texture": "#0"},
				"down": {"uv": [7, 10.5, 6.75, 11], "texture": "#0"}
			}
		},
		{
			"from": [7.75, 12.87874, 17.36784],
			"to": [8.25, 15.37874, 18.11784],
			"rotation": {"angle": 0, "axis": "y", "origin": [8.75, 13.62874, 17.61784]},
			"faces": {
				"north": {"uv": [4.25, 10.75, 4.375, 11.375], "texture": "#0"},
				"east": {"uv": [5.75, 10.25, 6, 10.875], "texture": "#0"},
				"south": {"uv": [5, 10.75, 5.125, 11.375], "texture": "#0"},
				"west": {"uv": [6, 10.25, 6.25, 10.875], "texture": "#0"},
				"up": {"uv": [11.125, 7.75, 11, 7.5], "texture": "#0"},
				"down": {"uv": [7.875, 11, 7.75, 11.25], "texture": "#0"}
			}
		},
		{
			"from": [7.5, 12.8, 14.25],
			"to": [8.5, 13.3, 16.75],
			"rotation": {"angle": 22.5, "axis": "x", "origin": [8.5, 13.55, 15.5]},
			"faces": {
				"north": {"uv": [11, 7, 11.25, 7.125], "texture": "#0"},
				"east": {"uv": [10.75, 5.25, 11.375, 5.375], "texture": "#0"},
				"south": {"uv": [7.25, 11, 7.5, 11.125], "texture": "#0"},
				"west": {"uv": [10.75, 5.5, 11.375, 5.625], "texture": "#0"},
				"up": {"uv": [5.5, 10.875, 5.25, 10.25], "texture": "#0"},
				"down": {"uv": [5.75, 10.25, 5.5, 10.875], "texture": "#0"}
			}
		},
		{
			"from": [7.25, 13.3, 12.75],
			"to": [8.75, 14.8, 15.25],
			"rotation": {"angle": 0, "axis": "y", "origin": [7.25, 15.55, 12.75]},
			"faces": {
				"north": {"uv": [10.25, 9, 10.625, 9.375], "texture": "#0"},
				"east": {"uv": [6.25, 10, 6.875, 10.375], "texture": "#0"},
				"south": {"uv": [9.5, 10.25, 9.875, 10.625], "texture": "#0"},
				"west": {"uv": [10, 6.75, 10.625, 7.125], "texture": "#0"},
				"up": {"uv": [2.375, 10.875, 2, 10.25], "texture": "#0"},
				"down": {"uv": [2.875, 10.25, 2.5, 10.875], "texture": "#0"}
			}
		},
		{
			"from": [6.25, 6.25, 11],
			"to": [6.25, 21.25, 17],
			"rotation": {"angle": -22.5, "axis": "z", "origin": [6.25, 13.75, 14]},
			"faces": {
				"north": {"uv": [0, 0, 0, 3.75], "texture": "#0"},
				"east": {"uv": [6.5, 2.5, 5, 6.25], "texture": "#0"},
				"south": {"uv": [0, 0, 0, 3.75], "texture": "#0"},
				"west": {"uv": [5, 2.5, 6.5, 6.25], "texture": "#0"},
				"up": {"uv": [0, 1.5, 0, 0], "texture": "#0"},
				"down": {"uv": [0, 0, 0, 1.5], "texture": "#0"}
			}
		},
		{
			"from": [9.75, 6.25, 11],
			"to": [9.75, 21.25, 17],
			"rotation": {"angle": 22.5, "axis": "z", "origin": [9.75, 13.75, 14]},
			"faces": {
				"north": {"uv": [0, 0, 0, 3.75], "texture": "#0"},
				"east": {"uv": [6.5, 2.5, 5, 6.25], "texture": "#0"},
				"south": {"uv": [0, 0, 0, 3.75], "texture": "#0"},
				"west": {"uv": [5, 2.5, 6.5, 6.25], "texture": "#0"},
				"up": {"uv": [0, 1.5, 0, 0], "texture": "#0"},
				"down": {"uv": [0, 0, 0, 1.5], "texture": "#0"}
			}
		},
		{
			"from": [3, -2, 3],
			"to": [13, 8, 13],
			"rotation": {"angle": 0, "axis": "y", "origin": [-1, -2, -1]},
			"faces": {
				"north": {"uv": [0, 0, 2.5, 2.5], "texture": "#0"},
				"east": {"uv": [2.5, 0, 5, 2.5], "texture": "#0"},
				"south": {"uv": [2.5, 0, 5, 2.5], "texture": "#0"},
				"west": {"uv": [2.5, 0, 5, 2.5], "texture": "#0"},
				"up": {"uv": [2.5, 7.5, 0, 5], "texture": "#0"},
				"down": {"uv": [7.5, 0, 5, 2.5], "texture": "#0"}
			}
		},
		{
			"from": [8.62132, 1.74264, 3.5],
			"to": [14.62132, 3.24264, 5],
			"rotation": {"angle": -45, "axis": "z", "origin": [8, -2.95711, 8]},
			"faces": {
				"north": {"uv": [7.5, 1.25, 9, 1.625], "texture": "#0"},
				"east": {"uv": [10.25, 9.5, 10.625, 9.875], "texture": "#0"},
				"south": {"uv": [7.5, 1.75, 9, 2.125], "texture": "#0"},
				"west": {"uv": [10, 10.25, 10.375, 10.625], "texture": "#0"},
				"up": {"uv": [5.5, 8.125, 4, 7.75], "texture": "#0"},
				"down": {"uv": [7, 7.75, 5.5, 8.125], "texture": "#0"}
			}
		},
		{
			"from": [15, -5.25, 3],
			"to": [18.5, -3.25, 5.5],
			"rotation": {"angle": 22.5, "axis": "y", "origin": [16.75, -4.25, 4.25]},
			"faces": {
				"north": {"uv": [4, 5.75, 4.875, 6.25], "texture": "#0"},
				"east": {"uv": [9.5, 7.75, 10.125, 8.25], "texture": "#0"},
				"south": {"uv": [8.5, 8, 9.375, 8.5], "texture": "#0"},
				"west": {"uv": [9.5, 9.25, 10.125, 9.75], "texture": "#0"},
				"up": {"uv": [4.875, 5.625, 4, 5], "texture": "#0"},
				"down": {"uv": [2.125, 7.5, 1.25, 8.125], "texture": "#0"}
			}
		},
		{
			"from": [-2.5, -5.25, 3],
			"to": [1, -3.25, 5.5],
			"rotation": {"angle": -22.5, "axis": "y", "origin": [-0.75, -4.25, 4.25]},
			"faces": {
				"north": {"uv": [8.75, 0.75, 9.625, 1.25], "texture": "#0"},
				"east": {"uv": [9.75, 0, 10.375, 0.5], "texture": "#0"},
				"south": {"uv": [3.25, 8.75, 4.125, 9.25], "texture": "#0"},
				"west": {"uv": [9.75, 0.5, 10.375, 1], "texture": "#0"},
				"up": {"uv": [2.125, 8.875, 1.25, 8.25], "texture": "#0"},
				"down": {"uv": [7.875, 8.5, 7, 9.125], "texture": "#0"}
			}
		},
		{
			"from": [1.37868, 1.74264, 3.5],
			"to": [7.37868, 3.24264, 5],
			"rotation": {"angle": 45, "axis": "z", "origin": [8, -2.95711, 8]},
			"faces": {
				"north": {"uv": [8, 2.25, 9.5, 2.625], "texture": "#0"},
				"east": {"uv": [0, 10.5, 0.375, 10.875], "texture": "#0"},
				"south": {"uv": [8, 2.75, 9.5, 3.125], "texture": "#0"},
				"west": {"uv": [10.5, 0, 10.875, 0.375], "texture": "#0"},
				"up": {"uv": [9.5, 3.625, 8, 3.25], "texture": "#0"},
				"down": {"uv": [9.5, 3.75, 8, 4.125], "texture": "#0"}
			}
		},
		{
			"from": [-2.5, -5.25, 10.5],
			"to": [1, -3.25, 13],
			"rotation": {"angle": 22.5, "axis": "y", "origin": [-0.75, -4.25, 11.75]},
			"faces": {
				"north": {"uv": [1, 9, 1.875, 9.5], "texture": "#0"},
				"east": {"uv": [7, 9.75, 7.625, 10.25], "texture": "#0"},
				"south": {"uv": [9, 1.25, 9.875, 1.75], "texture": "#0"},
				"west": {"uv": [7.75, 9.75, 8.375, 10.25], "texture": "#0"},
				"up": {"uv": [0.875, 9.375, 0, 8.75], "texture": "#0"},
				"down": {"uv": [9.625, 0, 8.75, 0.625], "texture": "#0"}
			}
		},
		{
			"from": [1.37868, 1.74264, 11],
			"to": [7.37868, 3.24264, 12.5],
			"rotation": {"angle": 45, "axis": "z", "origin": [8, -2.95711, 8]},
			"faces": {
				"north": {"uv": [8.5, 5.25, 10, 5.625], "texture": "#0"},
				"east": {"uv": [1, 10.5, 1.375, 10.875], "texture": "#0"},
				"south": {"uv": [8.5, 5.75, 10, 6.125], "texture": "#0"},
				"west": {"uv": [1.5, 10.5, 1.875, 10.875], "texture": "#0"},
				"up": {"uv": [10, 6.625, 8.5, 6.25], "texture": "#0"},
				"down": {"uv": [10, 6.75, 8.5, 7.125], "texture": "#0"}
			}
		},
		{
			"from": [8.62132, 1.74264, 11],
			"to": [14.62132, 3.24264, 12.5],
			"rotation": {"angle": -45, "axis": "z", "origin": [8, -2.95711, 8]},
			"faces": {
				"north": {"uv": [10, 5.25, 8.5, 5.625], "texture": "#0"},
				"east": {"uv": [1.875, 10.5, 1.5, 10.875], "texture": "#0"},
				"south": {"uv": [10, 5.75, 8.5, 6.125], "texture": "#0"},
				"west": {"uv": [1.375, 10.5, 1, 10.875], "texture": "#0"},
				"up": {"uv": [8.5, 6.625, 10, 6.25], "texture": "#0"},
				"down": {"uv": [8.5, 6.75, 10, 7.125], "texture": "#0"}
			}
		},
		{
			"from": [15, -5.25, 10.5],
			"to": [18.5, -3.25, 13],
			"rotation": {"angle": -22.5, "axis": "y", "origin": [16.75, -4.25, 11.75]},
			"faces": {
				"north": {"uv": [4.25, 8.75, 5.125, 9.25], "texture": "#0"},
				"east": {"uv": [2, 9.75, 2.625, 10.25], "texture": "#0"},
				"south": {"uv": [5.25, 8.75, 6.125, 9.25], "texture": "#0"},
				"west": {"uv": [4.25, 9.75, 4.875, 10.25], "texture": "#0"},
				"up": {"uv": [9.375, 7.875, 8.5, 7.25], "texture": "#0"},
				"down": {"uv": [8.875, 8.5, 8, 9.125], "texture": "#0"}
			}
		}
	],
	"display": {
		"thirdperson": {
			"translation": [0, 1.6, 0],
			"scale": [0.375, 0.375, 0.375]
		},
		"ground": {
			"translation": [0, 3, 0],
			"scale": [1.5, 1.5, 1.5]
		},
		"gui": {
			"translation": [0, 1.2, 0],
			"scale": [0.9, 0.9, 0.9]
		}
	}
}