{
	"credit": "Made with Blockbench",
	"texture_size": [32, 32],
	"textures": {
		"0": "ammo/stang_magazine",
		"particle": "ammo/stang_magazine"
	},
	"elements": [
		{
			"from": [6.5, 6, 6.17021],
			"to": [9.5, 14, 11.17021],
			"rotation": {"angle": 0, "axis": "y", "origin": [6.5, 0, -0.07979]},
			"faces": {
				"north": {"uv": [5, 0, 6.5, 4], "texture": "#0"},
				"east": {"uv": [0, 0, 2.5, 4], "texture": "#0"},
				"south": {"uv": [5, 4, 6.5, 8], "texture": "#0"},
				"west": {"uv": [2.5, 0, 5, 4], "texture": "#0"},
				"up": {"uv": [1.5, 10.5, 0, 8], "texture": "#0"},
				"down": {"uv": [9.5, 0, 8, 2.5], "texture": "#0"}
			}
		},
		{
			"from": [6.505, -0.7338, 4.83478],
			"to": [9.495, 7.2562, 9.82478],
			"rotation": {"angle": 22.5, "axis": "x", "origin": [8, 3.2612, 7.32978]},
			"faces": {
				"north": {"uv": [6.5, 0, 8, 4], "texture": "#0"},
				"east": {"uv": [0, 4, 2.5, 8], "texture": "#0"},
				"south": {"uv": [6.5, 4, 8, 8], "texture": "#0"},
				"west": {"uv": [2.5, 4, 5, 8], "texture": "#0"},
				"up": {"uv": [3, 10.5, 1.5, 8], "texture": "#0"},
				"down": {"uv": [9.5, 2.5, 8, 5], "texture": "#0"}
			}
		},
		{
			"from": [7.5, 13.5, 6.67021],
			"to": [8.5, 14.5, 10.67021],
			"rotation": {"angle": 0, "axis": "y", "origin": [13, 27.5, 12.84042]},
			"faces": {
				"north": {"uv": [1, 10.25, 0.5, 9.75], "texture": "#0"},
				"east": {"uv": [1, 8.25, 0.5, 10.25], "rotation": 90, "texture": "#0"},
				"south": {"uv": [0.5, 8.25, 1, 8.75], "texture": "#0"},
				"west": {"uv": [0.5, 8.25, 1, 10.25], "rotation": 90, "texture": "#0"},
				"up": {"uv": [0.5, 10.25, 1, 8.25], "texture": "#0"},
				"down": {"uv": [0.5, 8.25, 1, 10.25], "texture": "#0"}
			}
		}
	],
	"display": {
		"thirdperson": {
			"rotation": [90, 0, -180],
			"translation": [0, 1.7, -1.2],
			"scale": [0.25, 0.25, 0.25]
		},
		"firstperson": {
			"rotation": [0, -55, 0],
			"translation": [-6, 4.5, 1.2],
			"scale": [0.5, 0.5, 0.5]
		},
		"ground": {
			"translation": [0, 2, 0],
			"scale": [1.3, 1.3, 1.3]
		},
		"gui": {
			"translation": [0, 0.5, 0],
			"scale": [1.4, 1.4, 1.4]
		}
	}
}