{
	"credit": "Made with Blockbench",
	"texture_size": [64, 64],
	"textures": {
		"0": "swords/fire_fighter_axe",
		"particle": "swords/fire_fighter_axe"
	},
	"elements": [
		{
			"from": [7.25, -4, 7.25],
			"to": [8.75, 19.5, 8.75],
			"rotation": {"angle": 45, "axis": "y", "origin": [8, 7.75, 8]},
			"faces": {
				"north": {"uv": [2.25, 0, 2.625, 5.875], "texture": "#0"},
				"east": {"uv": [0, 2.5, 0.375, 8.375], "texture": "#0"},
				"south": {"uv": [0.5, 2.5, 0.875, 8.375], "texture": "#0"},
				"west": {"uv": [1, 2.5, 1.375, 8.375], "texture": "#0"},
				"up": {"uv": [4.875, 2.625, 4.5, 2.25], "texture": "#0"},
				"down": {"uv": [3.125, 4.5, 2.75, 4.875], "texture": "#0"}
			}
		},
		{
			"from": [7.25, 14.72002, 12.8698],
			"to": [8.75, 17.72002, 13.8698],
			"rotation": {"angle": -22.5, "axis": "x", "origin": [7, 0.72002, 12.3698]},
			"faces": {
				"north": {"uv": [2.75, 3.75, 3.125, 4.5], "texture": "#0"},
				"east": {"uv": [2, 4, 2.25, 4.75], "texture": "#0"},
				"south": {"uv": [3.25, 3.75, 3.625, 4.5], "texture": "#0"},
				"west": {"uv": [4.25, 1.5, 4.5, 2.25], "texture": "#0"},
				"up": {"uv": [4.875, 3, 4.5, 2.75], "texture": "#0"},
				"down": {"uv": [4.875, 3, 4.5, 3.25], "texture": "#0"}
			}
		},
		{
			"from": [6.75, 16, 6],
			"to": [9.25, 19, 9],
			"rotation": {"angle": 0, "axis": "y", "origin": [6.5, 16, 6]},
			"faces": {
				"north": {"uv": [1.5, 3.25, 2.125, 4], "texture": "#0"},
				"east": {"uv": [1.5, 2.5, 2.25, 3.25], "texture": "#0"},
				"south": {"uv": [3.5, 0, 4.125, 0.75], "texture": "#0"},
				"west": {"uv": [2.75, 0, 3.5, 0.75], "texture": "#0"},
				"up": {"uv": [4.125, 1.5, 3.5, 0.75], "texture": "#0"},
				"down": {"uv": [4.125, 1.5, 3.5, 2.25], "texture": "#0"}
			}
		},
		{
			"from": [7.25, 15.99373, 5.00419],
			"to": [8.75, 18.99373, 6.00419],
			"rotation": {"angle": 0, "axis": "y", "origin": [7, 15.99373, 3.00419]},
			"faces": {
				"north": {"uv": [3.75, 3.75, 4.125, 4.5], "texture": "#0"},
				"east": {"uv": [4.25, 2.25, 4.5, 3], "texture": "#0"},
				"south": {"uv": [1.5, 4, 1.875, 4.75], "texture": "#0"},
				"west": {"uv": [4.25, 3, 4.5, 3.75], "texture": "#0"},
				"up": {"uv": [3.625, 4.75, 3.25, 4.5], "texture": "#0"},
				"down": {"uv": [4.875, 3.25, 4.5, 3.5], "texture": "#0"}
			}
		},
		{
			"from": [8, 14.99373, 3.00419],
			"to": [8, 19.99373, 12.00419],
			"rotation": {"angle": 0, "axis": "y", "origin": [6, 15.99373, 2.00419]},
			"faces": {
				"east": {"uv": [0, 0, 2.25, 1.25], "texture": "#0"},
				"west": {"uv": [0, 1.25, 2.25, 2.5], "texture": "#0"}
			}
		},
		{
			"from": [7.25, 17.49373, 8.00419],
			"to": [8.75, 19.99373, 9.00419],
			"rotation": {"angle": 22.5, "axis": "x", "origin": [7, 16.99373, 6.00419]},
			"faces": {
				"north": {"uv": [4.25, 0, 4.625, 0.625], "texture": "#0"},
				"east": {"uv": [4.25, 3.75, 4.5, 4.375], "texture": "#0"},
				"south": {"uv": [4.25, 0.75, 4.625, 1.375], "texture": "#0"},
				"west": {"uv": [4.5, 1.5, 4.75, 2.125], "texture": "#0"},
				"up": {"uv": [4.875, 3.75, 4.5, 3.5], "texture": "#0"},
				"down": {"uv": [4.125, 4.5, 3.75, 4.75], "texture": "#0"}
			}
		}
	],
	"display": {
		"thirdperson": {
			"rotation": [90, 0, -180],
			"translation": [0, 1.0, -2.6],
			"scale": [0.75, 0.75, 0.75]
		},
		"firstperson": {
			"rotation": [0, -55, 0],
			"translation": [-6, 5.5, 1],
			"scale": [0.75, 0.75, 0.75]
		},
		"ground": {
			"translation": [0, 2, 0],
			"scale": [1.5, 1.5, 1.5]
		},
		"gui": {
			"rotation": [30, 225, 0],
			"translation": [0, -1, 0],
			"scale": [1.5, 1.1, 1.5]
		}
	}
}