{
	"credit": "Made with Blockbench",
	"texture_size": [64, 64],
	"textures": {
		"2": "weapons/pp_bizon",
		"particle": "weapons/pp_bizon"
	},
	"elements": [
		{
			"from": [6.32322, 4.25, -8.25],
			"to": [9.82322, 7.75, -6.25],
			"rotation": {"angle": 45, "axis": "z", "origin": [7.82322, 6, -1.25]},
			"faces": {
				"north": {"uv": [4.5, 2.75, 5.375, 3.625], "texture": "#2"},
				"east": {"uv": [1.25, 6.75, 1.75, 7.625], "texture": "#2"},
				"south": {"uv": [5, 0.5, 5.875, 1.375], "texture": "#2"},
				"west": {"uv": [2.75, 7, 3.25, 7.875], "texture": "#2"},
				"up": {"uv": [7.875, 0.5, 7, 0], "texture": "#2"},
				"down": {"uv": [4.125, 7, 3.25, 7.5], "texture": "#2"}
			}
		},
		{
			"from": [6.75, 4.75, -6.25],
			"to": [9.25, 7.25, 2.75],
			"rotation": {"angle": 45, "axis": "z", "origin": [8, 6, -1.25]},
			"faces": {
				"north": {"uv": [7, 3.75, 7.625, 4.375], "texture": "#2"},
				"east": {"uv": [3.25, 2, 5.5, 2.625], "texture": "#2"},
				"south": {"uv": [6.75, 7.25, 7.375, 7.875], "texture": "#2"},
				"west": {"uv": [3, 4, 5.25, 4.625], "texture": "#2"},
				"up": {"uv": [3.625, 7, 3, 4.75], "texture": "#2"},
				"down": {"uv": [4.375, 4.75, 3.75, 7], "texture": "#2"}
			}
		},
		{
			"from": [6.5, 4.5, 2.75],
			"to": [9.5, 7.5, 6.75],
			"rotation": {"angle": 45, "axis": "z", "origin": [8, 6, -1.25]},
			"faces": {
				"north": {"uv": [6.25, 3.75, 7, 4.5], "texture": "#2"},
				"east": {"uv": [5.5, 2.5, 6.5, 3.25], "texture": "#2"},
				"south": {"uv": [6.25, 5.5, 7, 6.25], "texture": "#2"},
				"west": {"uv": [5.5, 4.75, 6.5, 5.5], "texture": "#2"},
				"up": {"uv": [6.25, 6.5, 5.5, 5.5], "texture": "#2"},
				"down": {"uv": [1.75, 5.75, 1, 6.75], "texture": "#2"}
			}
		},
		{
			"from": [8, 5.25, 6.5],
			"to": [8, 7.25, 11.5],
			"rotation": {"angle": 0, "axis": "y", "origin": [6, 0, 0]},
			"faces": {
				"north": {"uv": [0, 0, 0, 0.5], "texture": "#2"},
				"east": {"uv": [5.5, 3.25, 6.75, 3.75], "texture": "#2"},
				"south": {"uv": [0, 0, 0, 0.5], "texture": "#2"},
				"west": {"uv": [5.75, 0, 7, 0.5], "texture": "#2"},
				"up": {"uv": [0, 1.25, 0, 0], "texture": "#2"},
				"down": {"uv": [0, 0, 0, 1.25], "texture": "#2"}
			}
		},
		{
			"from": [7, 7.25, 2.5],
			"to": [9, 9.25, 15.25],
			"rotation": {"angle": 0, "axis": "y", "origin": [7, 7.25, 11.25]},
			"faces": {
				"north": {"uv": [2.5, 2, 3, 2.5], "texture": "#2"},
				"east": {"uv": [0, 2.5, 3.25, 3], "texture": "#2"},
				"south": {"uv": [5, 1.5, 5.5, 2], "texture": "#2"},
				"west": {"uv": [2.5, 0, 5.75, 0.5], "texture": "#2"},
				"up": {"uv": [0.5, 6.25, 0, 3], "texture": "#2"},
				"down": {"uv": [1, 3, 0.5, 6.25], "texture": "#2"}
			}
		},
		{
			"from": [7.25, 7.5, 15.25],
			"to": [8.75, 9, 16.5],
			"rotation": {"angle": 0, "axis": "y", "origin": [7, 7.25, 12.5]},
			"faces": {
				"north": {"uv": [3.5, 8.75, 3.875, 9.125], "texture": "#2"},
				"east": {"uv": [8.75, 3.75, 9.125, 4.125], "texture": "#2"},
				"south": {"uv": [4, 8.75, 4.375, 9.125], "texture": "#2"},
				"west": {"uv": [8.75, 4.5, 9.125, 4.875], "texture": "#2"},
				"up": {"uv": [9.125, 5.375, 8.75, 5], "texture": "#2"},
				"down": {"uv": [5.625, 8.75, 5.25, 9.125], "texture": "#2"}
			}
		},
		{
			"from": [7, 9.25, 2.5],
			"to": [9, 9.5, 6],
			"rotation": {"angle": 0, "axis": "y", "origin": [7, 7.5, 11.25]},
			"faces": {
				"north": {"uv": [9.5, 0, 10, 0.125], "texture": "#2"},
				"east": {"uv": [3.5, 9.25, 4.375, 9.375], "texture": "#2"},
				"south": {"uv": [9.5, 0.25, 10, 0.375], "texture": "#2"},
				"west": {"uv": [9.25, 3.75, 10.125, 3.875], "texture": "#2"},
				"up": {"uv": [7.5, 6.125, 7, 5.25], "texture": "#2"},
				"down": {"uv": [0.5, 7.25, 0, 8.125], "texture": "#2"}
			}
		},
		{
			"from": [7.005, 9.07317, 5.91911],
			"to": [8.995, 9.31317, 6.90911],
			"rotation": {"angle": 22.5, "axis": "x", "origin": [8, 9.19317, 6.41411]},
			"faces": {
				"north": {"uv": [0.5, 9.5, 1, 9.625], "texture": "#2"},
				"east": {"uv": [0.5, 8, 0.75, 8.125], "texture": "#2"},
				"south": {"uv": [1.5, 9.5, 2, 9.625], "texture": "#2"},
				"west": {"uv": [4, 8, 4.25, 8.125], "texture": "#2"},
				"up": {"uv": [7, 5.5, 6.5, 5.25], "texture": "#2"},
				"down": {"uv": [9.5, 3.5, 9, 3.75], "texture": "#2"}
			}
		},
		{
			"from": [7.25, 1.91447, 11.86103],
			"to": [8.75, 4.16447, 14.86103],
			"rotation": {"angle": 0, "axis": "y", "origin": [7, 5.91447, 11.86103]},
			"faces": {
				"north": {"uv": [8, 6.75, 8.375, 7.375], "texture": "#2"},
				"east": {"uv": [6.75, 3, 7.5, 3.625], "texture": "#2"},
				"south": {"uv": [7.5, 8, 7.875, 8.625], "texture": "#2"},
				"west": {"uv": [7, 2.25, 7.75, 2.875], "texture": "#2"},
				"down": {"uv": [5.625, 8, 5.25, 8.75], "texture": "#2"}
			}
		},
		{
			"from": [7.25, 5.75, 10.75],
			"to": [8.75, 7.25, 13.25],
			"rotation": {"angle": 0, "axis": "y", "origin": [8, 6.5, 12]},
			"faces": {
				"north": {"uv": [5.75, 8.75, 6.125, 9.125], "texture": "#2"},
				"east": {"uv": [8, 7.5, 8.625, 7.875], "texture": "#2"},
				"south": {"uv": [6.25, 8.75, 6.625, 9.125], "texture": "#2"},
				"west": {"uv": [8, 8, 8.625, 8.375], "texture": "#2"},
				"up": {"uv": [0.375, 8.875, 0, 8.25], "texture": "#2"},
				"down": {"uv": [0.875, 8.25, 0.5, 8.875], "texture": "#2"}
			}
		},
		{
			"from": [7.255, 7.0373, 12.95156],
			"to": [8.745, 7.5273, 14.44156],
			"rotation": {"angle": -22.5, "axis": "x", "origin": [8, 7.2823, 13.69656]},
			"faces": {
				"north": {"uv": [9.5, 1.5, 9.875, 1.625], "texture": "#2"},
				"east": {"uv": [9.5, 1.75, 9.875, 1.875], "texture": "#2"},
				"south": {"uv": [2, 9.5, 2.375, 9.625], "texture": "#2"},
				"west": {"uv": [9.5, 2, 9.875, 2.125], "texture": "#2"},
				"up": {"uv": [7.125, 9.125, 6.75, 8.75], "texture": "#2"},
				"down": {"uv": [7.625, 8.75, 7.25, 9.125], "texture": "#2"}
			}
		},
		{
			"from": [7.255, 5.48754, 10.59962],
			"to": [8.745, 6.47754, 11.58962],
			"rotation": {"angle": 22.5, "axis": "x", "origin": [8, 5.98254, 11.09462]},
			"faces": {
				"north": {"uv": [9.25, 4, 9.625, 4.25], "texture": "#2"},
				"east": {"uv": [4.25, 2.75, 4.5, 3], "texture": "#2"},
				"south": {"uv": [9.25, 4.5, 9.625, 4.75], "texture": "#2"},
				"west": {"uv": [6.25, 4.5, 6.5, 4.75], "texture": "#2"},
				"up": {"uv": [9.625, 5, 9.25, 4.75], "texture": "#2"},
				"down": {"uv": [5.375, 9.25, 5, 9.5], "texture": "#2"}
			}
		},
		{
			"from": [7.245, 2.52888, 11.68581],
			"to": [8.755, 6.53888, 14.19581],
			"rotation": {"angle": -22.5, "axis": "x", "origin": [8, 4.53388, 12.94081]},
			"faces": {
				"north": {"uv": [7.5, 6, 7.875, 7], "texture": "#2"},
				"east": {"uv": [6, 0.5, 6.625, 1.5], "texture": "#2"},
				"south": {"uv": [7.5, 7, 7.875, 8], "texture": "#2"},
				"west": {"uv": [0, 6.25, 0.625, 7.25], "texture": "#2"},
				"up": {"uv": [8.625, 1.125, 8.25, 0.5], "texture": "#2"},
				"down": {"uv": [8.625, 1.25, 8.25, 1.875], "texture": "#2"}
			}
		},
		{
			"from": [6.75, 7.5, 0.5],
			"to": [9.25, 10, 4],
			"rotation": {"angle": 0, "axis": "y", "origin": [7.5, 0, 0]},
			"faces": {
				"north": {"uv": [7.5, 3, 8.125, 3.625], "texture": "#2"},
				"east": {"uv": [6.5, 4.5, 7.375, 5.125], "texture": "#2"},
				"south": {"uv": [3.25, 7.5, 3.875, 8.125], "texture": "#2"},
				"west": {"uv": [6.75, 0.5, 7.625, 1.125], "texture": "#2"},
				"up": {"uv": [7.375, 7.125, 6.75, 6.25], "texture": "#2"},
				"down": {"uv": [7.625, 1.25, 7, 2.125], "texture": "#2"}
			}
		},
		{
			"from": [6.755, 9.62112, -0.06822],
			"to": [9.245, 10.61112, 1.42178],
			"rotation": {"angle": 45, "axis": "x", "origin": [8, 10.11612, 0.67678]},
			"faces": {
				"north": {"uv": [4.5, 3.75, 5.125, 4], "texture": "#2"},
				"east": {"uv": [9.25, 5, 9.625, 5.25], "texture": "#2"},
				"south": {"uv": [8.25, 3.5, 8.875, 3.75], "texture": "#2"},
				"west": {"uv": [9.25, 5.25, 9.625, 5.5], "texture": "#2"},
				"up": {"uv": [8.875, 2.375, 8.25, 2], "texture": "#2"},
				"down": {"uv": [8.875, 3, 8.25, 3.375], "texture": "#2"}
			}
		},
		{
			"from": [6.25, 7.5, -6],
			"to": [9.75, 11, 0.5],
			"rotation": {"angle": 0, "axis": "y", "origin": [7, 0, 0]},
			"faces": {
				"north": {"uv": [5.25, 3.75, 6.125, 4.625], "texture": "#2"},
				"east": {"uv": [1, 3, 2.625, 3.875], "texture": "#2"},
				"south": {"uv": [5.5, 1.5, 6.375, 2.375], "texture": "#2"},
				"west": {"uv": [2.75, 3, 4.375, 3.875], "texture": "#2"},
				"up": {"uv": [1.875, 5.625, 1, 4], "texture": "#2"},
				"down": {"uv": [2.875, 4, 2, 5.625], "texture": "#2"}
			}
		},
		{
			"from": [6.75, 10, -7.5],
			"to": [9.25, 11, -6],
			"rotation": {"angle": 0, "axis": "y", "origin": [7.5, 0, 0]},
			"faces": {
				"north": {"uv": [8.25, 5.75, 8.875, 6], "texture": "#2"},
				"east": {"uv": [5.5, 9.25, 5.875, 9.5], "texture": "#2"},
				"south": {"uv": [8.5, 7.25, 9.125, 7.5], "texture": "#2"},
				"west": {"uv": [6, 9.25, 6.375, 9.5], "texture": "#2"},
				"up": {"uv": [3.875, 8.625, 3.25, 8.25], "texture": "#2"},
				"down": {"uv": [4.625, 8.25, 4, 8.625], "texture": "#2"}
			}
		},
		{
			"from": [7.375, 8.5, -10.75],
			"to": [8.625, 9.75, -8.75],
			"rotation": {"angle": 0, "axis": "y", "origin": [6.625, 0, 0]},
			"faces": {
				"north": {"uv": [8.75, 7.5, 9.125, 7.875], "texture": "#2"},
				"east": {"uv": [8.25, 5.25, 8.75, 5.625], "texture": "#2"},
				"south": {"uv": [8.75, 8, 9.125, 8.375], "texture": "#2"},
				"west": {"uv": [6.5, 8.25, 7, 8.625], "texture": "#2"},
				"up": {"uv": [7.375, 8.75, 7, 8.25], "texture": "#2"},
				"down": {"uv": [2.625, 8.5, 2.25, 9], "texture": "#2"}
			}
		},
		{
			"from": [7.625, 8.75, -8.75],
			"to": [8.375, 9.5, -6.25],
			"rotation": {"angle": 0, "axis": "y", "origin": [6.375, 0, 0]},
			"faces": {
				"north": {"uv": [6.5, 3, 6.75, 3.25], "texture": "#2"},
				"east": {"uv": [1.5, 8.75, 2.125, 9], "texture": "#2"},
				"south": {"uv": [6.75, 1.25, 7, 1.5], "texture": "#2"},
				"west": {"uv": [8.75, 1.5, 9.375, 1.75], "texture": "#2"},
				"up": {"uv": [3, 6.375, 2.75, 5.75], "texture": "#2"},
				"down": {"uv": [6.25, 6.5, 6, 7.125], "texture": "#2"}
			}
		},
		{
			"from": [6.875, 8, -6.5],
			"to": [9.125, 10.25, -5.75],
			"rotation": {"angle": 0, "axis": "y", "origin": [6.875, 0, 0]},
			"faces": {
				"north": {"uv": [7.5, 4.5, 8.125, 5.125], "texture": "#2"},
				"east": {"uv": [0.5, 7.25, 0.75, 7.875], "texture": "#2"},
				"south": {"uv": [7.5, 5.25, 8.125, 5.875], "texture": "#2"},
				"west": {"uv": [5.25, 7.25, 5.5, 7.875], "texture": "#2"},
				"up": {"uv": [9.375, 2, 8.75, 1.75], "texture": "#2"},
				"down": {"uv": [3.375, 8.75, 2.75, 9], "texture": "#2"}
			}
		},
		{
			"from": [7.5, 8.5, -8.5],
			"to": [8.5, 10, -7.5],
			"rotation": {"angle": 0, "axis": "y", "origin": [6.5, 0, 0]},
			"faces": {
				"north": {"uv": [3, 2, 3.25, 2.375], "texture": "#2"},
				"east": {"uv": [0.75, 6.25, 1, 6.625], "texture": "#2"},
				"south": {"uv": [2.75, 6.5, 3, 6.875], "texture": "#2"},
				"west": {"uv": [6, 7.25, 6.25, 7.625], "texture": "#2"},
				"up": {"uv": [4.5, 7.25, 4.25, 7], "texture": "#2"},
				"down": {"uv": [6.75, 7.75, 6.5, 8], "texture": "#2"}
			}
		},
		{
			"from": [7.25, 10, -8.75],
			"to": [8.75, 10.75, -7.25],
			"rotation": {"angle": 45, "axis": "y", "origin": [8, 10.375, -8]},
			"faces": {
				"north": {"uv": [6.5, 9.25, 6.875, 9.5], "texture": "#2"},
				"east": {"uv": [7, 9.25, 7.375, 9.5], "texture": "#2"},
				"south": {"uv": [9.25, 7.25, 9.625, 7.5], "texture": "#2"},
				"west": {"uv": [9.25, 7.5, 9.625, 7.75], "texture": "#2"},
				"up": {"uv": [0.375, 9.375, 0, 9], "texture": "#2"},
				"down": {"uv": [9.375, 0, 9, 0.375], "texture": "#2"}
			}
		},
		{
			"from": [7.25, 10.75, -8.25],
			"to": [8.75, 12.25, -6.75],
			"rotation": {"angle": 22.5, "axis": "x", "origin": [8, 11.5, -7.5]},
			"faces": {
				"north": {"uv": [0.5, 9, 0.875, 9.375], "texture": "#2"},
				"east": {"uv": [1.5, 9, 1.875, 9.375], "texture": "#2"},
				"south": {"uv": [2, 9, 2.375, 9.375], "texture": "#2"},
				"west": {"uv": [9, 2, 9.375, 2.375], "texture": "#2"},
				"up": {"uv": [2.875, 9.375, 2.5, 9], "texture": "#2"},
				"down": {"uv": [3.375, 9, 3, 9.375], "texture": "#2"}
			}
		},
		{
			"from": [7, 9.75, 0.35],
			"to": [9, 11.25, 3.85],
			"rotation": {"angle": 0, "axis": "y", "origin": [7, 0, 0]},
			"faces": {
				"north": {"uv": [8.5, 6.75, 9, 7.125], "texture": "#2"},
				"east": {"uv": [7.75, 3.75, 8.625, 4.125], "texture": "#2"},
				"south": {"uv": [8, 8.5, 8.5, 8.875], "texture": "#2"},
				"west": {"uv": [8, 0, 8.875, 0.375], "texture": "#2"},
				"up": {"uv": [4.75, 8.125, 4.25, 7.25], "texture": "#2"},
				"down": {"uv": [5.25, 7.25, 4.75, 8.125], "texture": "#2"}
			}
		},
		{
			"from": [7.25, 9, 3],
			"to": [8.75, 11.5, 13],
			"rotation": {"angle": 0, "axis": "y", "origin": [7, 0, 0]},
			"faces": {
				"north": {"uv": [8.25, 4.5, 8.625, 5.125], "texture": "#2"},
				"east": {"uv": [2.5, 0.5, 5, 1.125], "texture": "#2"},
				"west": {"uv": [2.5, 1.25, 5, 1.875], "texture": "#2"},
				"up": {"uv": [4.875, 7.25, 4.5, 4.75], "texture": "#2"},
				"down": {"uv": [5.375, 4.75, 5, 7.25], "texture": "#2"}
			}
		},
		{
			"from": [7.255, 9.6163, 12.03236],
			"to": [8.745, 11.1063, 13.52236],
			"rotation": {"angle": 22.5, "axis": "x", "origin": [8, 10.11758, 13.24074]},
			"faces": {
				"north": {"uv": [9, 3, 9.375, 3.375], "texture": "#2"},
				"east": {"uv": [4.5, 9, 4.875, 9.375], "texture": "#2"},
				"south": {"uv": [9, 5.5, 9.375, 5.875], "texture": "#2"},
				"west": {"uv": [9, 6.25, 9.375, 6.625], "texture": "#2"},
				"up": {"uv": [9.375, 7.125, 9, 6.75], "texture": "#2"},
				"down": {"uv": [8.125, 9, 7.75, 9.375], "texture": "#2"}
			}
		},
		{
			"from": [7.258, 8.62558, 12.65407],
			"to": [8.742, 10.60958, 14.13807],
			"rotation": {"angle": -22.5, "axis": "x", "origin": [8, 10.11758, 13.24074]},
			"faces": {
				"north": {"uv": [8.5, 8.5, 8.875, 9], "texture": "#2"},
				"east": {"uv": [8.75, 0.5, 9.125, 1], "texture": "#2"},
				"south": {"uv": [1, 8.75, 1.375, 9.25], "texture": "#2"},
				"west": {"uv": [8.75, 1, 9.125, 1.5], "texture": "#2"},
				"up": {"uv": [8.625, 9.375, 8.25, 9], "texture": "#2"},
				"down": {"uv": [9.375, 8.5, 9, 8.875], "texture": "#2"}
			}
		},
		{
			"from": [7.25, 7.25, 16.5],
			"to": [8.75, 8.75, 17.5],
			"rotation": {"angle": 0, "axis": "y", "origin": [7, 0, 0]},
			"faces": {
				"north": {"uv": [8.75, 9, 9.125, 9.375], "texture": "#2"},
				"east": {"uv": [4, 7.5, 4.25, 7.875], "texture": "#2"},
				"south": {"uv": [9.25, 0.5, 9.625, 0.875], "texture": "#2"},
				"west": {"uv": [5.75, 8, 6, 8.375], "texture": "#2"},
				"up": {"uv": [9.625, 8, 9.25, 7.75], "texture": "#2"},
				"down": {"uv": [9.625, 8, 9.25, 8.25], "texture": "#2"}
			}
		},
		{
			"from": [7.5, 8.25, 17.5],
			"to": [8.5, 8.75, 27.75],
			"rotation": {"angle": 0, "axis": "y", "origin": [7, 0, 0]},
			"faces": {
				"north": {"uv": [1, 8.25, 1.25, 8.375], "texture": "#2"},
				"east": {"uv": [7.75, 4.25, 10.375, 4.375], "texture": "#2"},
				"south": {"uv": [1, 8.5, 1.25, 8.625], "texture": "#2"},
				"west": {"uv": [8, 6, 10.625, 6.125], "texture": "#2"},
				"up": {"uv": [2.5, 8.375, 2.25, 5.75], "texture": "#2"},
				"down": {"uv": [2.75, 5.75, 2.5, 8.375], "texture": "#2"}
			}
		},
		{
			"from": [7.25, 3, 27],
			"to": [8.75, 9, 28.25],
			"rotation": {"angle": 0, "axis": "y", "origin": [7, 0, 0]},
			"faces": {
				"north": {"uv": [6.25, 6.25, 6.625, 7.75], "texture": "#2"},
				"east": {"uv": [6.5, 1.5, 6.875, 3], "texture": "#2"},
				"south": {"uv": [5.5, 6.5, 5.875, 8], "texture": "#2"},
				"west": {"uv": [0.75, 6.75, 1.125, 8.25], "texture": "#2"},
				"up": {"uv": [1.375, 9.625, 1, 9.25], "texture": "#2"},
				"down": {"uv": [9.625, 1, 9.25, 1.375], "texture": "#2"}
			}
		},
		{
			"from": [7.5, 5.25, 17.5],
			"to": [8.5, 5.75, 28.75],
			"rotation": {"angle": 22.5, "axis": "x", "origin": [8, 8.5, 22.625]},
			"faces": {
				"north": {"uv": [5.75, 8.5, 6, 8.625], "texture": "#2"},
				"east": {"uv": [7.75, 2.5, 10.625, 2.625], "texture": "#2"},
				"south": {"uv": [4.5, 8.75, 4.75, 8.875], "texture": "#2"},
				"west": {"uv": [7.75, 2.75, 10.625, 2.875], "texture": "#2"},
				"up": {"uv": [2, 8.625, 1.75, 5.75], "texture": "#2"},
				"down": {"uv": [2.25, 5.75, 2, 8.625], "texture": "#2"}
			}
		},
		{
			"from": [8, 3.5, 17.25],
			"to": [8, 8.5, 27.25],
			"rotation": {"angle": 0, "axis": "y", "origin": [6, 0, 0]},
			"faces": {
				"north": {"uv": [0, 0, 0, 1.25], "texture": "#2"},
				"east": {"uv": [0, 0, 2.5, 1.25], "texture": "#2"},
				"south": {"uv": [0, 0, 0, 1.25], "texture": "#2"},
				"west": {"uv": [0, 1.25, 2.5, 2.5], "texture": "#2"},
				"up": {"uv": [0, 2.5, 0, 0], "texture": "#2"},
				"down": {"uv": [0, 0, 0, 2.5], "texture": "#2"}
			}
		},
		{
			"from": [6.75343, 11.005, 0.005],
			"to": [8.24343, 11.995, 3.995],
			"rotation": {"angle": 22.5, "axis": "z", "origin": [7.49843, 11.5, 2]},
			"faces": {
				"north": {"uv": [9.25, 8.25, 9.625, 8.5], "texture": "#2"},
				"east": {"uv": [3.25, 2.75, 4.25, 3], "texture": "#2"},
				"south": {"uv": [9.25, 9, 9.625, 9.25], "texture": "#2"},
				"west": {"uv": [8, 6.25, 9, 6.5], "texture": "#2"},
				"up": {"uv": [8.125, 1.5, 7.75, 0.5], "texture": "#2"},
				"down": {"uv": [1.625, 7.75, 1.25, 8.75], "texture": "#2"}
			}
		},
		{
			"from": [7.75157, 11, 0],
			"to": [9.25157, 12, 4],
			"rotation": {"angle": -22.5, "axis": "z", "origin": [8.50157, 11.5, 2]},
			"faces": {
				"north": {"uv": [9.25, 9.25, 9.625, 9.5], "texture": "#2"},
				"east": {"uv": [6.5, 8, 7.5, 8.25], "texture": "#2"},
				"south": {"uv": [0, 9.5, 0.375, 9.75], "texture": "#2"},
				"west": {"uv": [8, 6.5, 9, 6.75], "texture": "#2"},
				"up": {"uv": [8.125, 2.5, 7.75, 1.5], "texture": "#2"},
				"down": {"uv": [6.375, 7.75, 6, 8.75], "texture": "#2"}
			}
		}
	],
	"display": {
		"thirdperson": {
			"rotation": [90, 0, -180],
			"translation": [0, 1.6, -1.9],
			"scale": [0.45, 0.45, 0.45]
		},
		"firstperson": {
			"rotation": [0, -55, 0],
			"translation": [-6, 5.6, 1.7],
			"scale": [0.8, 0.8, 0.8]
		},
		"ground": {
			"translation": [0, 2, 0],
			"scale": [1.5, 1.5, 1.5]
		},
		"gui": {
			"rotation": [40, 225, 0],
			"translation": [0, 1, 0],
			"scale": [0.9, 0.85, 0.9]
		}
	},
	"groups": [
		{
			"name": "group",
			"origin": [0, 4.5, 2.75],
			"color": 0,
			"children": [0, 1, 2, 3]
		},
		{
			"name": "group",
			"origin": [7, 4.30376, 13.31858],
			"color": 0,
			"children": [4, 5, 6, 7]
		},
		{
			"name": "group",
			"origin": [7, 5.25, 10.75],
			"color": 0,
			"children": [8, 9, 10, 11, 12]
		},
		{
			"name": "group",
			"origin": [7.5, 0, 0],
			"color": 0,
			"children": [13, 14, 15, 16]
		},
		17,
		18,
		19,
		20,
		21,
		22,
		23,
		24,
		25,
		26,
		27,
		28,
		29,
		30,
		31,
		32,
		33
	]
}