{
	"credit": "Made with Blockbench",
	"texture_size": [64, 64],
	"textures": {
		"0": "weapons/vss_vinotrez",
		"particle": "weapons/vss_vinotrez"
	},
	"elements": [
		{
			"from": [6.625, 4.91306, 14.24134],
			"to": [9.375, 6.91306, 16.24134],
			"rotation": {"angle": 0, "axis": "y", "origin": [6.375, 4.91306, 14.24134]},
			"faces": {
				"north": {"uv": [8.5, 0.5, 9.25, 1], "texture": "#0"},
				"east": {"uv": [7, 4, 7.5, 4.5], "texture": "#0"},
				"south": {"uv": [8.5, 1, 9.25, 1.5], "texture": "#0"},
				"west": {"uv": [1.75, 9.25, 2.25, 9.75], "texture": "#0"},
				"up": {"uv": [9.25, 2, 8.5, 1.5], "texture": "#0"},
				"down": {"uv": [9.25, 2, 8.5, 2.5], "texture": "#0"}
			}
		},
		{
			"from": [6.63, 6.89318, 15.76005],
			"to": [9.37, 7.88318, 18.75005],
			"rotation": {"angle": -22.5, "axis": "x", "origin": [8, 5.50365, 18.00806]},
			"faces": {
				"north": {"uv": [9.75, 7, 10.5, 7.25], "texture": "#0"},
				"east": {"uv": [9.75, 7.25, 10.5, 7.5], "texture": "#0"},
				"south": {"uv": [7.5, 9.75, 8.25, 10], "texture": "#0"},
				"west": {"uv": [9.75, 7.5, 10.5, 7.75], "texture": "#0"},
				"up": {"uv": [0.75, 7.75, 0, 7], "texture": "#0"},
				"down": {"uv": [1.5, 7, 0.75, 7.75], "texture": "#0"}
			}
		},
		{
			"from": [6.63, 3.36932, 13.99371],
			"to": [9.37, 5.35932, 14.98371],
			"rotation": {"angle": 22.5, "axis": "x", "origin": [8, 5.50365, 18.00806]},
			"faces": {
				"north": {"uv": [2.5, 8.5, 3.25, 9], "texture": "#0"},
				"east": {"uv": [2.75, 4.75, 3, 5.25], "texture": "#0"},
				"south": {"uv": [8.5, 2.5, 9.25, 3], "texture": "#0"},
				"west": {"uv": [5.25, 5.5, 5.5, 6], "texture": "#0"},
				"up": {"uv": [7.5, 5.5, 6.75, 5.25], "texture": "#0"},
				"down": {"uv": [10.5, 2.5, 9.75, 2.75], "texture": "#0"}
			}
		},
		{
			"from": [6.62, 2.2197, 14.03601],
			"to": [9.38, 5.7297, 16.79601],
			"rotation": {"angle": -22.5, "axis": "x", "origin": [8, 3.9747, 15.41601]},
			"faces": {
				"north": {"uv": [2, 5.75, 2.75, 6.625], "texture": "#0"},
				"east": {"uv": [0, 6, 0.75, 6.875], "texture": "#0"},
				"south": {"uv": [6, 1, 6.75, 1.875], "texture": "#0"},
				"west": {"uv": [6, 4.5, 6.75, 5.375], "texture": "#0"},
				"up": {"uv": [7.5, 1.75, 6.75, 1], "texture": "#0"}
			}
		},
		{
			"from": [6.63, 2.43393, 17.53665],
			"to": [9.37, 3.42393, 19.02665],
			"rotation": {"angle": 22.5, "axis": "x", "origin": [8, 5.50365, 18.00806]},
			"faces": {
				"north": {"uv": [9.75, 7.75, 10.5, 8], "texture": "#0"},
				"east": {"uv": [10.5, 1.75, 10.875, 2], "texture": "#0"},
				"south": {"uv": [9.75, 8, 10.5, 8.25], "texture": "#0"},
				"west": {"uv": [10.5, 2, 10.875, 2.25], "texture": "#0"},
				"up": {"uv": [1.75, 9.625, 1, 9.25], "texture": "#0"},
				"down": {"uv": [10, 1, 9.25, 1.375], "texture": "#0"}
			}
		},
		{
			"from": [6.625, 1.98604, 14.3162],
			"to": [9.375, 2.98604, 17.3162],
			"rotation": {"angle": 0, "axis": "y", "origin": [7.375, 3.98604, 15.3162]},
			"faces": {
				"north": {"uv": [9.75, 2.75, 10.5, 3], "texture": "#0"},
				"east": {"uv": [9.75, 3, 10.5, 3.25], "texture": "#0"},
				"south": {"uv": [9.75, 3.25, 10.5, 3.5], "texture": "#0"},
				"west": {"uv": [9.75, 4, 10.5, 4.25], "texture": "#0"},
				"up": {"uv": [7.5, 5.25, 6.75, 4.5], "texture": "#0"},
				"down": {"uv": [6.5, 6.75, 5.75, 7.5], "texture": "#0"}
			}
		},
		{
			"from": [6.625, 2.21649, 16.47471],
			"to": [9.375, 2.71649, 17.97471],
			"rotation": {"angle": -22.5, "axis": "x", "origin": [7.375, 4.21649, 17.47471]},
			"faces": {
				"north": {"uv": [10.5, 1, 11.25, 1.125], "texture": "#0"},
				"east": {"uv": [7, 10.75, 7.375, 10.875], "texture": "#0"},
				"south": {"uv": [10.5, 1.25, 11.25, 1.375], "texture": "#0"},
				"west": {"uv": [10.75, 7, 11.125, 7.125], "texture": "#0"},
				"up": {"uv": [9.75, 7.375, 9, 7], "texture": "#0"},
				"down": {"uv": [9.75, 7.5, 9, 7.875], "texture": "#0"}
			}
		},
		{
			"from": [6.62, 2.48104, 17.3112],
			"to": [9.38, 3.24104, 30.3212],
			"rotation": {"angle": 0, "axis": "y", "origin": [8, 5.23604, 26.6287]},
			"faces": {
				"north": {"uv": [9.75, 4.25, 10.5, 4.5], "texture": "#0"},
				"east": {"uv": [4, 3, 7.25, 3.25], "texture": "#0"},
				"south": {"uv": [9.75, 4.75, 10.5, 5], "texture": "#0"},
				"west": {"uv": [4.75, 3.25, 8, 3.5], "texture": "#0"},
				"up": {"uv": [0.75, 3.25, 0, 0], "texture": "#0"},
				"down": {"uv": [1.5, 0, 0.75, 3.25], "texture": "#0"}
			}
		},
		{
			"from": [6.62, 3.23104, 28.5612],
			"to": [9.38, 6.99104, 30.3212],
			"rotation": {"angle": 0, "axis": "y", "origin": [8, 5.23604, 26.6287]},
			"faces": {
				"north": {"uv": [2, 4.75, 2.75, 5.75], "texture": "#0"},
				"east": {"uv": [1.5, 7.25, 2, 8.25], "texture": "#0"},
				"south": {"uv": [0, 5, 0.75, 6], "texture": "#0"},
				"west": {"uv": [6.5, 7.25, 7, 8.25], "texture": "#0"},
				"up": {"uv": [9.25, 5.25, 8.5, 4.75], "texture": "#0"},
				"down": {"uv": [6, 8.5, 5.25, 9], "texture": "#0"}
			}
		},
		{
			"from": [6.625, 6.73604, 28.5912],
			"to": [9.375, 9.73604, 29.5912],
			"rotation": {"angle": 22.5, "axis": "x", "origin": [7.375, 7.73604, 18.3412]},
			"faces": {
				"north": {"uv": [7, 6, 7.75, 6.75], "texture": "#0"},
				"east": {"uv": [1.25, 5, 1.5, 5.75], "texture": "#0"},
				"south": {"uv": [7, 6.75, 7.75, 7.5], "texture": "#0"},
				"west": {"uv": [5.25, 1, 5.5, 1.75], "texture": "#0"},
				"up": {"uv": [10.5, 8.5, 9.75, 8.25], "texture": "#0"},
				"down": {"uv": [10.5, 8.75, 9.75, 9], "texture": "#0"}
			}
		},
		{
			"from": [6.625, 5.83414, 27.96424],
			"to": [9.375, 7.83414, 28.96424],
			"rotation": {"angle": -45, "axis": "x", "origin": [7.375, 6.83414, 28.46424]},
			"faces": {
				"north": {"uv": [6, 8.5, 6.75, 9], "texture": "#0"},
				"east": {"uv": [1.25, 6.5, 1.5, 7], "texture": "#0"},
				"south": {"uv": [6.75, 8.5, 7.5, 9], "texture": "#0"},
				"west": {"uv": [7, 2.5, 7.25, 3], "texture": "#0"},
				"up": {"uv": [10.5, 9.25, 9.75, 9], "texture": "#0"},
				"down": {"uv": [10.5, 9.25, 9.75, 9.5], "texture": "#0"}
			}
		},
		{
			"from": [6.62, 6.98104, 18.3112],
			"to": [9.38, 8.24104, 30.3212],
			"rotation": {"angle": 0, "axis": "y", "origin": [8, 5.23604, 26.6287]},
			"faces": {
				"north": {"uv": [9.75, 5, 10.5, 5.25], "texture": "#0"},
				"east": {"uv": [4.75, 3.5, 7.75, 3.75], "texture": "#0"},
				"south": {"uv": [5.25, 9.75, 6, 10], "texture": "#0"},
				"west": {"uv": [4.75, 3.75, 7.75, 4], "texture": "#0"},
				"up": {"uv": [2.25, 3, 1.5, 0], "texture": "#0"},
				"down": {"uv": [3, 0, 2.25, 3], "texture": "#0"}
			}
		},
		{
			"from": [6.625, 6.98604, 16.5662],
			"to": [9.375, 8.73604, 18.5662],
			"rotation": {"angle": 0, "axis": "y", "origin": [7.375, 9.23604, 16.5662]},
			"faces": {
				"north": {"uv": [9, 8, 9.75, 8.375], "texture": "#0"},
				"east": {"uv": [1.75, 9.75, 2.25, 10.125], "texture": "#0"},
				"south": {"uv": [8.25, 9, 9, 9.375], "texture": "#0"},
				"west": {"uv": [3.75, 9.75, 4.25, 10.125], "texture": "#0"},
				"up": {"uv": [9.25, 3.5, 8.5, 3], "texture": "#0"},
				"down": {"uv": [4, 8.5, 3.25, 9], "texture": "#0"}
			}
		},
		{
			"from": [6.63, 7.70858, 17.29173],
			"to": [9.37, 8.69858, 18.78173],
			"rotation": {"angle": 22.5, "axis": "x", "origin": [8, 5.50365, 18.00806]},
			"faces": {
				"north": {"uv": [6, 9.75, 6.75, 10], "texture": "#0"},
				"east": {"uv": [1.25, 10.5, 1.625, 10.75], "texture": "#0"},
				"south": {"uv": [6.75, 9.75, 7.5, 10], "texture": "#0"},
				"west": {"uv": [10.5, 1.5, 10.875, 1.75], "texture": "#0"},
				"up": {"uv": [9.75, 9.375, 9, 9], "texture": "#0"},
				"down": {"uv": [10, 0.5, 9.25, 0.875], "texture": "#0"}
			}
		},
		{
			"from": [6.5, 2.1, 30.025],
			"to": [9.5, 8.6, 31.025],
			"rotation": {"angle": 0, "axis": "y", "origin": [6.5, 2.1, 30.025]},
			"faces": {
				"north": {"uv": [2, 3, 2.75, 4.625], "texture": "#0"},
				"east": {"uv": [2.75, 3, 3, 4.625], "texture": "#0"},
				"south": {"uv": [0, 3.25, 0.75, 4.875], "texture": "#0"},
				"west": {"uv": [1.25, 3.25, 1.5, 4.875], "texture": "#0"},
				"up": {"uv": [10.5, 9.75, 9.75, 9.5], "texture": "#0"},
				"down": {"uv": [10.5, 9.75, 9.75, 10], "texture": "#0"}
			}
		},
		{
			"from": [6.75, 7.325, 1],
			"to": [9.25, 9.825, 1.5],
			"rotation": {"angle": 0, "axis": "y", "origin": [6.75, 7.825, 0]},
			"faces": {
				"north": {"uv": [8.25, 4, 8.875, 4.625], "texture": "#0"},
				"east": {"uv": [3, 10.75, 3.125, 11.375], "texture": "#0"},
				"south": {"uv": [4.5, 8.25, 5.125, 8.875], "texture": "#0"},
				"west": {"uv": [3.25, 10.75, 3.375, 11.375], "texture": "#0"},
				"up": {"uv": [11.375, 2.875, 10.75, 2.75], "texture": "#0"},
				"down": {"uv": [11.375, 3, 10.75, 3.125], "texture": "#0"}
			}
		},
		{
			"from": [7, 7.575, -15.25],
			"to": [9, 9.575, 1],
			"rotation": {"angle": 0, "axis": "y", "origin": [7, 7.825, -0.5]},
			"faces": {
				"north": {"uv": [9.25, 2.5, 9.75, 3], "texture": "#0"},
				"east": {"uv": [3, 0, 7.125, 0.5], "texture": "#0"},
				"south": {"uv": [9.25, 3, 9.75, 3.5], "texture": "#0"},
				"west": {"uv": [3, 0.5, 7.125, 1], "texture": "#0"},
				"up": {"uv": [3.5, 5.125, 3, 1], "texture": "#0"},
				"down": {"uv": [2, 3, 1.5, 7.125], "texture": "#0"}
			}
		},
		{
			"from": [6.5, 7.25, 1.25],
			"to": [9.5, 10.25, 6.25],
			"rotation": {"angle": 0, "axis": "y", "origin": [7.5, 8.25, 1.25]},
			"faces": {
				"north": {"uv": [7.25, 0, 8, 0.75], "texture": "#0"},
				"east": {"uv": [3.5, 3.25, 4.75, 4], "texture": "#0"},
				"south": {"uv": [7.25, 1.75, 8, 2.5], "texture": "#0"},
				"west": {"uv": [4, 1, 5.25, 1.75], "texture": "#0"},
				"up": {"uv": [4.75, 3, 4, 1.75], "texture": "#0"},
				"down": {"uv": [4.25, 4, 3.5, 5.25], "texture": "#0"}
			}
		},
		{
			"from": [6.505, 6.91361, 1.6871],
			"to": [9.495, 8.15361, 6.1771],
			"rotation": {"angle": 22.5, "axis": "x", "origin": [8, 7.53361, 3.9321]},
			"faces": {
				"north": {"uv": [9.25, 1.5, 10, 1.875], "texture": "#0"},
				"east": {"uv": [3.25, 8, 4.375, 8.375], "texture": "#0"},
				"south": {"uv": [9.25, 2, 10, 2.375], "texture": "#0"},
				"west": {"uv": [7, 8, 8.125, 8.375], "texture": "#0"},
				"up": {"uv": [5, 5.125, 4.25, 4], "texture": "#0"},
				"down": {"uv": [5.5, 1.75, 4.75, 2.875], "texture": "#0"}
			}
		},
		{
			"from": [7, 9.65, 6.25],
			"to": [9, 10.15, 15.25],
			"rotation": {"angle": 0, "axis": "y", "origin": [7, 8.15, 6.25]},
			"faces": {
				"north": {"uv": [10.75, 3.75, 11.25, 3.875], "texture": "#0"},
				"east": {"uv": [9, 4.5, 11.25, 4.625], "texture": "#0"},
				"south": {"uv": [10.75, 4, 11.25, 4.125], "texture": "#0"},
				"west": {"uv": [9, 8.5, 11.25, 8.625], "texture": "#0"},
				"up": {"uv": [1.25, 5.5, 0.75, 3.25], "texture": "#0"},
				"down": {"uv": [4, 1, 3.5, 3.25], "texture": "#0"}
			}
		},
		{
			"from": [7, 8.65, 10.25],
			"to": [9, 9.65, 16.25],
			"rotation": {"angle": 0, "axis": "y", "origin": [7, 7.15, 6.25]},
			"faces": {
				"north": {"uv": [6.75, 1.75, 7.25, 2], "texture": "#0"},
				"east": {"uv": [8.5, 5.25, 10, 5.5], "texture": "#0"},
				"south": {"uv": [4.75, 7, 5.25, 7.25], "texture": "#0"},
				"west": {"uv": [7.5, 8.5, 9, 8.75], "texture": "#0"},
				"up": {"uv": [5.5, 5.5, 5, 4], "texture": "#0"},
				"down": {"uv": [3.25, 5.25, 2.75, 6.75], "texture": "#0"}
			}
		},
		{
			"from": [7.005, 8.95388, 15.01608],
			"to": [8.995, 9.94388, 16.25608],
			"rotation": {"angle": 22.5, "axis": "x", "origin": [8, 9.44888, 15.63608]},
			"faces": {
				"north": {"uv": [7.5, 1.5, 8, 1.75], "texture": "#0"},
				"east": {"uv": [10.5, 2.25, 10.875, 2.5], "texture": "#0"},
				"south": {"uv": [8, 0.5, 8.5, 0.75], "texture": "#0"},
				"west": {"uv": [10.5, 2.5, 10.875, 2.75], "texture": "#0"},
				"up": {"uv": [10.5, 0.875, 10, 0.5], "texture": "#0"},
				"down": {"uv": [10.5, 1, 10, 1.375], "texture": "#0"}
			}
		},
		{
			"from": [7.125, 8.75, 5.75],
			"to": [8.875, 9.75, 10.75],
			"rotation": {"angle": 0, "axis": "y", "origin": [6.875, 7.75, 6.75]},
			"faces": {
				"north": {"uv": [4.5, 8, 5, 8.25], "texture": "#0"},
				"east": {"uv": [9, 0.25, 10.25, 0.5], "texture": "#0"},
				"south": {"uv": [5.25, 8.25, 5.75, 8.5], "texture": "#0"},
				"west": {"uv": [1, 9, 2.25, 9.25], "texture": "#0"},
				"up": {"uv": [5.75, 7.25, 5.25, 6], "texture": "#0"},
				"down": {"uv": [6.5, 5.5, 6, 6.75], "texture": "#0"}
			}
		},
		{
			"from": [6.75, 7, 6],
			"to": [9.25, 9, 10],
			"rotation": {"angle": 0, "axis": "y", "origin": [7.5, 6.75, 6]},
			"faces": {
				"north": {"uv": [2.25, 9, 2.875, 9.5], "texture": "#0"},
				"east": {"uv": [7.5, 5, 8.5, 5.5], "texture": "#0"},
				"south": {"uv": [3, 9, 3.625, 9.5], "texture": "#0"},
				"west": {"uv": [7, 7.5, 8, 8], "texture": "#0"},
				"up": {"uv": [3.875, 7.25, 3.25, 6.25], "texture": "#0"},
				"down": {"uv": [4.625, 6.25, 4, 7.25], "texture": "#0"}
			}
		},
		{
			"from": [6.75, 7.5, 10],
			"to": [9.25, 9, 11],
			"rotation": {"angle": 0, "axis": "y", "origin": [7.5, 6.75, 7]},
			"faces": {
				"north": {"uv": [9.5, 5.5, 10.125, 5.875], "texture": "#0"},
				"east": {"uv": [10.5, 2.75, 10.75, 3.125], "texture": "#0"},
				"south": {"uv": [9.5, 6, 10.125, 6.375], "texture": "#0"},
				"west": {"uv": [10.5, 4, 10.75, 4.375], "texture": "#0"},
				"up": {"uv": [5.375, 10.25, 4.75, 10], "texture": "#0"},
				"down": {"uv": [10.625, 5.25, 10, 5.5], "texture": "#0"}
			}
		},
		{
			"from": [6.755, 6.19232, 6.34063],
			"to": [9.245, 8.68232, 10.08063],
			"rotation": {"angle": 22.5, "axis": "x", "origin": [8, 7.43732, 8.21063]},
			"faces": {
				"east": {"uv": [4, 7.25, 4.875, 7.875], "texture": "#0"},
				"south": {"uv": [8.25, 6.25, 8.875, 6.875], "texture": "#0"},
				"west": {"uv": [7.5, 0.75, 8.375, 1.375], "texture": "#0"},
				"down": {"uv": [3.125, 7.5, 2.5, 8.375], "texture": "#0"}
			}
		},
		{
			"from": [7.125, 7.75, 10.65],
			"to": [8.875, 8.75, 16.15],
			"rotation": {"angle": 0, "axis": "y", "origin": [7.125, 6.75, 11.15]},
			"faces": {
				"north": {"uv": [6.5, 8.25, 7, 8.5], "texture": "#0"},
				"east": {"uv": [8.25, 8.75, 9.625, 9], "texture": "#0"},
				"south": {"uv": [1, 8.75, 1.5, 9], "texture": "#0"},
				"west": {"uv": [9, 0, 10.375, 0.25], "texture": "#0"},
				"up": {"uv": [1.25, 6.875, 0.75, 5.5], "texture": "#0"},
				"down": {"uv": [6, 1, 5.5, 2.375], "texture": "#0"}
			}
		},
		{
			"from": [7.125, 7.25, 13.35],
			"to": [8.875, 7.75, 15.85],
			"rotation": {"angle": 0, "axis": "y", "origin": [7.125, 6.25, 10.85]},
			"faces": {
				"north": {"uv": [10.75, 5.5, 11.25, 5.625], "texture": "#0"},
				"east": {"uv": [3.5, 10.75, 4.125, 10.875], "texture": "#0"},
				"south": {"uv": [5.75, 10.75, 6.25, 10.875], "texture": "#0"},
				"west": {"uv": [10.75, 3.5, 11.375, 3.625], "texture": "#0"},
				"up": {"uv": [9.5, 6.875, 9, 6.25], "texture": "#0"},
				"down": {"uv": [7.25, 9, 6.75, 9.625], "texture": "#0"}
			}
		},
		{
			"from": [6.875, 5.45, 13.25],
			"to": [9.125, 7.45, 16.75],
			"rotation": {"angle": 0, "axis": "y", "origin": [6.875, 5.45, 13.25]},
			"faces": {
				"north": {"uv": [9, 4, 9.625, 4.5], "texture": "#0"},
				"east": {"uv": [7.75, 3.5, 8.625, 4], "texture": "#0"},
				"west": {"uv": [8, 0, 8.875, 0.5], "texture": "#0"},
				"up": {"uv": [8.125, 4.875, 7.5, 4], "texture": "#0"},
				"down": {"uv": [6.375, 7.5, 5.75, 8.375], "texture": "#0"}
			}
		},
		{
			"from": [6.875, 7.45, 15.5],
			"to": [9.125, 8.7, 16.75],
			"rotation": {"angle": 0, "axis": "y", "origin": [6.875, 6.45, 13.25]},
			"faces": {
				"north": {"uv": [5.5, 10, 6.125, 10.25], "texture": "#0"},
				"east": {"uv": [10.5, 3.25, 10.875, 3.5], "texture": "#0"},
				"south": {"uv": [6.25, 10, 6.875, 10.25], "texture": "#0"},
				"west": {"uv": [10.5, 4.75, 10.875, 5], "texture": "#0"},
				"up": {"uv": [10.125, 6.875, 9.5, 6.5], "texture": "#0"},
				"down": {"uv": [8.875, 9.5, 8.25, 9.875], "texture": "#0"}
			}
		},
		{
			"from": [7, 2.75, 5.25],
			"to": [9, 6.75, 8.25],
			"rotation": {"angle": 22.5, "axis": "x", "origin": [8, 3.75, 6.25]},
			"faces": {
				"north": {"uv": [0, 7.75, 0.5, 8.75], "texture": "#0"},
				"east": {"uv": [3.25, 5.25, 4, 6.25], "texture": "#0"},
				"south": {"uv": [0.5, 7.75, 1, 8.75], "texture": "#0"},
				"west": {"uv": [4, 5.25, 4.75, 6.25], "texture": "#0"},
				"up": {"uv": [2, 9, 1.5, 8.25], "texture": "#0"},
				"down": {"uv": [4.5, 8.5, 4, 9.25], "texture": "#0"}
			}
		},
		{
			"from": [7.005, 2.06575, 7.72008],
			"to": [8.995, 6.05575, 9.21008],
			"rotation": {"angle": 0, "axis": "y", "origin": [8, 4.06075, 8.46508]},
			"faces": {
				"north": {"uv": [1, 7.75, 1.5, 8.75], "texture": "#0"},
				"east": {"uv": [0, 8.75, 0.375, 9.75], "texture": "#0"},
				"south": {"uv": [7.75, 5.5, 8.25, 6.5], "texture": "#0"},
				"west": {"uv": [0.5, 8.75, 0.875, 9.75], "texture": "#0"},
				"up": {"uv": [10.5, 1.875, 10, 1.5], "texture": "#0"},
				"down": {"uv": [10.5, 2, 10, 2.375], "texture": "#0"}
			}
		},
		{
			"from": [7, 3.25, 21.25],
			"to": [9, 7.25, 23.25],
			"rotation": {"angle": 0, "axis": "y", "origin": [7, 3.25, 21.25]},
			"faces": {
				"north": {"uv": [7.75, 6.5, 8.25, 7.5], "texture": "#0"},
				"east": {"uv": [8, 1.5, 8.5, 2.5], "texture": "#0"},
				"south": {"uv": [2, 8, 2.5, 9], "texture": "#0"},
				"west": {"uv": [8, 2.5, 8.5, 3.5], "texture": "#0"},
				"up": {"uv": [4.25, 9.75, 3.75, 9.25], "texture": "#0"},
				"down": {"uv": [9.75, 4.75, 9.25, 5.25], "texture": "#0"}
			}
		},
		{
			"from": [7.005, 3.57173, 20.71981],
			"to": [8.995, 6.06173, 22.70981],
			"rotation": {"angle": -22.5, "axis": "x", "origin": [8, 5.50365, 18.00806]},
			"faces": {
				"north": {"uv": [5.25, 9, 5.75, 9.625], "texture": "#0"},
				"east": {"uv": [9, 5.5, 9.5, 6.125], "texture": "#0"},
				"south": {"uv": [5.75, 9, 6.25, 9.625], "texture": "#0"},
				"west": {"uv": [6.25, 9, 6.75, 9.625], "texture": "#0"},
				"up": {"uv": [7.75, 9.75, 7.25, 9.25], "texture": "#0"},
				"down": {"uv": [8.25, 9.25, 7.75, 9.75], "texture": "#0"}
			}
		},
		{
			"from": [7.25, 9.75, 6.5],
			"to": [8.75, 11.25, 8],
			"rotation": {"angle": 0, "axis": "y", "origin": [7.25, 10, 6.5]},
			"faces": {
				"north": {"uv": [1.75, 10.25, 2.125, 10.625], "texture": "#0"},
				"east": {"uv": [2.25, 10.25, 2.625, 10.625], "texture": "#0"},
				"south": {"uv": [2.75, 10.25, 3.125, 10.625], "texture": "#0"},
				"west": {"uv": [3.25, 10.25, 3.625, 10.625], "texture": "#0"},
				"up": {"uv": [4.125, 10.625, 3.75, 10.25], "texture": "#0"},
				"down": {"uv": [5.125, 10.25, 4.75, 10.625], "texture": "#0"}
			}
		},
		{
			"from": [7.25, 10, 11.5],
			"to": [8.75, 11.5, 13],
			"rotation": {"angle": 0, "axis": "y", "origin": [7.25, 10.25, 11.5]},
			"faces": {
				"north": {"uv": [5.25, 10.25, 5.625, 10.625], "texture": "#0"},
				"east": {"uv": [10.25, 5.5, 10.625, 5.875], "texture": "#0"},
				"south": {"uv": [5.75, 10.25, 6.125, 10.625], "texture": "#0"},
				"west": {"uv": [10.25, 6, 10.625, 6.375], "texture": "#0"},
				"up": {"uv": [6.625, 10.625, 6.25, 10.25], "texture": "#0"},
				"down": {"uv": [10.625, 6.5, 10.25, 6.875], "texture": "#0"}
			}
		},
		{
			"from": [7.25, 10, 13.5],
			"to": [8.75, 11.5, 14.5],
			"rotation": {"angle": 0, "axis": "y", "origin": [7.25, 10.25, 13.5]},
			"faces": {
				"north": {"uv": [7.5, 10.25, 7.875, 10.625], "texture": "#0"},
				"east": {"uv": [10.5, 7, 10.75, 7.375], "texture": "#0"},
				"south": {"uv": [8, 10.25, 8.375, 10.625], "texture": "#0"},
				"west": {"uv": [10.5, 7.5, 10.75, 7.875], "texture": "#0"},
				"up": {"uv": [10.875, 5.25, 10.5, 5], "texture": "#0"},
				"down": {"uv": [10.875, 8, 10.5, 8.25], "texture": "#0"}
			}
		},
		{
			"from": [7.5, 10.25, 10.75],
			"to": [8.5, 11.25, 13.75],
			"rotation": {"angle": 0, "axis": "y", "origin": [7.5, 10.25, 12.75]},
			"faces": {
				"north": {"uv": [4.75, 5.25, 5, 5.5], "texture": "#0"},
				"east": {"uv": [2.25, 10, 3, 10.25], "texture": "#0"},
				"south": {"uv": [7.25, 0.75, 7.5, 1], "texture": "#0"},
				"west": {"uv": [3, 10, 3.75, 10.25], "texture": "#0"},
				"up": {"uv": [1.5, 6.5, 1.25, 5.75], "texture": "#0"},
				"down": {"uv": [6, 6, 5.75, 6.75], "texture": "#0"}
			}
		},
		{
			"from": [7, 11.5, 6.25],
			"to": [9, 13.5, 11.25],
			"rotation": {"angle": 0, "axis": "y", "origin": [7, 11.5, 6.25]},
			"faces": {
				"north": {"uv": [2.25, 9.5, 2.75, 10], "texture": "#0"},
				"east": {"uv": [6, 2, 7.25, 2.5], "texture": "#0"},
				"south": {"uv": [2.75, 9.5, 3.25, 10], "texture": "#0"},
				"west": {"uv": [6.5, 5.5, 7.75, 6], "texture": "#0"},
				"up": {"uv": [7, 7.25, 6.5, 6], "texture": "#0"},
				"down": {"uv": [2.5, 6.75, 2, 8], "texture": "#0"}
			}
		},
		{
			"from": [7, 11.5, 2.75],
			"to": [9, 13.5, 3.75],
			"rotation": {"angle": 0, "axis": "y", "origin": [7, 11.5, 2.75]},
			"faces": {
				"north": {"uv": [3.25, 9.5, 3.75, 10], "texture": "#0"},
				"east": {"uv": [8, 7.5, 8.25, 8], "texture": "#0"},
				"south": {"uv": [9.5, 3.5, 10, 4], "texture": "#0"},
				"west": {"uv": [0.5, 10.25, 0.75, 10.75], "texture": "#0"},
				"up": {"uv": [10.75, 0.5, 10.25, 0.25], "texture": "#0"},
				"down": {"uv": [11, 0, 10.5, 0.25], "texture": "#0"}
			}
		},
		{
			"from": [7.25, 11.75, 3.75],
			"to": [8.75, 13.25, 6.25],
			"rotation": {"angle": 0, "axis": "y", "origin": [7.25, 11.5, 3.75]},
			"faces": {
				"north": {"uv": [8.5, 10.25, 8.875, 10.625], "texture": "#0"},
				"east": {"uv": [9, 9.5, 9.625, 9.875], "texture": "#0"},
				"south": {"uv": [9, 10.25, 9.375, 10.625], "texture": "#0"},
				"west": {"uv": [0, 9.75, 0.625, 10.125], "texture": "#0"},
				"up": {"uv": [1.125, 10.375, 0.75, 9.75], "texture": "#0"},
				"down": {"uv": [1.625, 9.75, 1.25, 10.375], "texture": "#0"}
			}
		},
		{
			"from": [7.5, 12, 11.5],
			"to": [8.5, 13, 14],
			"rotation": {"angle": 0, "axis": "y", "origin": [7.5, 11.5, 11.5]},
			"faces": {
				"north": {"uv": [8.25, 4.75, 8.5, 5], "texture": "#0"},
				"east": {"uv": [9, 10, 9.625, 10.25], "texture": "#0"},
				"south": {"uv": [3.75, 9, 4, 9.25], "texture": "#0"},
				"west": {"uv": [9.75, 10, 10.375, 10.25], "texture": "#0"},
				"up": {"uv": [0.25, 10.875, 0, 10.25], "texture": "#0"},
				"down": {"uv": [0.5, 10.25, 0.25, 10.875], "texture": "#0"}
			}
		},
		{
			"from": [7, 11.5, 14],
			"to": [9, 13.5, 19.5],
			"rotation": {"angle": 45, "axis": "z", "origin": [8, 12.5, 18.25]},
			"faces": {
				"north": {"uv": [4.25, 9.5, 4.75, 10], "texture": "#0"},
				"east": {"uv": [5.5, 2.5, 6.875, 3], "texture": "#0"},
				"south": {"uv": [4.75, 9.5, 5.25, 10], "texture": "#0"},
				"west": {"uv": [5.5, 4, 6.875, 4.5], "texture": "#0"},
				"up": {"uv": [6, 5.875, 5.5, 4.5], "texture": "#0"},
				"down": {"uv": [5.25, 5.5, 4.75, 6.875], "texture": "#0"}
			}
		},
		{
			"from": [6.5, 11, 19.5],
			"to": [9.5, 14, 20],
			"rotation": {"angle": 45, "axis": "z", "origin": [8, 12.5, 18.25]},
			"faces": {
				"north": {"uv": [7.25, 2.5, 8, 3.25], "texture": "#0"},
				"east": {"uv": [10.5, 8.75, 10.625, 9.5], "texture": "#0"},
				"south": {"uv": [3.25, 7.25, 4, 8], "texture": "#0"},
				"west": {"uv": [10.5, 9.5, 10.625, 10.25], "texture": "#0"},
				"up": {"uv": [11.25, 8.375, 10.5, 8.25], "texture": "#0"},
				"down": {"uv": [11.25, 10.25, 10.5, 10.375], "texture": "#0"}
			}
		},
		{
			"from": [6.75, 11.25, 11],
			"to": [9.25, 13.75, 12],
			"rotation": {"angle": 0, "axis": "y", "origin": [6.75, 11.5, 7]},
			"faces": {
				"north": {"uv": [8.25, 7, 8.875, 7.625], "texture": "#0"},
				"east": {"uv": [7, 10, 7.25, 10.625], "texture": "#0"},
				"south": {"uv": [8.25, 7.75, 8.875, 8.375], "texture": "#0"},
				"west": {"uv": [7.25, 10, 7.5, 10.625], "texture": "#0"},
				"up": {"uv": [8.125, 10.25, 7.5, 10], "texture": "#0"},
				"down": {"uv": [8.875, 10, 8.25, 10.25], "texture": "#0"}
			}
		},
		{
			"from": [7.5, 11, 6.75],
			"to": [8.5, 11.75, 7.75],
			"rotation": {"angle": 0, "axis": "y", "origin": [7.5, 11.25, 6.75]},
			"faces": {
				"north": {"uv": [7.25, 9, 7.5, 9.25], "texture": "#0"},
				"east": {"uv": [4.25, 9.25, 4.5, 9.5], "texture": "#0"},
				"south": {"uv": [4.25, 10.75, 4.5, 11], "texture": "#0"},
				"west": {"uv": [10.75, 4.25, 11, 4.5], "texture": "#0"},
				"up": {"uv": [4.75, 11, 4.5, 10.75], "texture": "#0"},
				"down": {"uv": [5, 10.75, 4.75, 11], "texture": "#0"}
			}
		},
		{
			"from": [7.5, 10.5, 8.75],
			"to": [8.5, 11.75, 9.5],
			"rotation": {"angle": 0, "axis": "y", "origin": [7.5, 11.25, 8.75]},
			"faces": {
				"north": {"uv": [10.5, 10.5, 10.75, 10.875], "texture": "#0"},
				"east": {"uv": [10.75, 0.25, 11, 0.625], "texture": "#0"},
				"south": {"uv": [0.5, 10.75, 0.75, 11.125], "texture": "#0"},
				"west": {"uv": [1.25, 10.75, 1.5, 11.125], "texture": "#0"},
				"up": {"uv": [5.25, 11, 5, 10.75], "texture": "#0"},
				"down": {"uv": [5.5, 10.75, 5.25, 11], "texture": "#0"}
			}
		},
		{
			"from": [7.25, 13.5, 8.825],
			"to": [8.75, 14.5, 10.325],
			"rotation": {"angle": 0, "axis": "y", "origin": [7.25, 14.25, 8.825]},
			"faces": {
				"north": {"uv": [10.75, 0.75, 11.125, 1], "texture": "#0"},
				"east": {"uv": [1.5, 10.75, 1.875, 11], "texture": "#0"},
				"south": {"uv": [2, 10.75, 2.375, 11], "texture": "#0"},
				"west": {"uv": [2.5, 10.75, 2.875, 11], "texture": "#0"},
				"up": {"uv": [9.875, 10.625, 9.5, 10.25], "texture": "#0"},
				"down": {"uv": [10.375, 10.25, 10, 10.625], "texture": "#0"}
			}
		},
		{
			"from": [7.5, 5.75, 9.375],
			"to": [8.5, 7.75, 10.375],
			"rotation": {"angle": 0, "axis": "y", "origin": [6.5, 5.5, 9.375]},
			"faces": {
				"north": {"uv": [6.75, 10.25, 7, 10.75], "texture": "#0"},
				"east": {"uv": [10.5, 0.5, 10.75, 1], "texture": "#0"},
				"south": {"uv": [0.75, 10.5, 1, 11], "texture": "#0"},
				"west": {"uv": [1, 10.5, 1.25, 11], "texture": "#0"},
				"up": {"uv": [11, 5.5, 10.75, 5.25], "texture": "#0"},
				"down": {"uv": [5.75, 10.75, 5.5, 11], "texture": "#0"}
			}
		},
		{
			"from": [8, 5.75, 10.375],
			"to": [8, 7.75, 13.375],
			"rotation": {"angle": 0, "axis": "y", "origin": [8, 6.75, 11.875]},
			"faces": {
				"north": {"uv": [0, 0, 0, 0.5], "texture": "#0"},
				"east": {"uv": [8.75, 3.5, 9.5, 4], "texture": "#0"},
				"south": {"uv": [0, 0, 0, 0.5], "texture": "#0"},
				"west": {"uv": [7.5, 8.75, 8.25, 9.25], "texture": "#0"},
				"up": {"uv": [0, 0.75, 0, 0], "texture": "#0"},
				"down": {"uv": [0, 0, 0, 0.75], "texture": "#0"}
			}
		},
		{
			"from": [7.5, 9.5, -2.25],
			"to": [8.5, 10.5, 0.75],
			"rotation": {"angle": 0, "axis": "y", "origin": [6.5, 8.5, -2.25]},
			"faces": {
				"north": {"uv": [10.75, 5.75, 11, 6], "texture": "#0"},
				"east": {"uv": [10, 3.5, 10.75, 3.75], "texture": "#0"},
				"south": {"uv": [10.75, 6, 11, 6.25], "texture": "#0"},
				"west": {"uv": [10, 3.75, 10.75, 4], "texture": "#0"},
				"up": {"uv": [4.5, 10.75, 4.25, 10], "texture": "#0"},
				"down": {"uv": [4.75, 10, 4.5, 10.75], "texture": "#0"}
			}
		},
		{
			"from": [7.5, 9.5, -14.75],
			"to": [8.5, 10.5, -13.75],
			"rotation": {"angle": 0, "axis": "y", "origin": [6.5, 8.5, -14.75]},
			"faces": {
				"north": {"uv": [6.25, 10.75, 6.5, 11], "texture": "#0"},
				"east": {"uv": [10.75, 6.25, 11, 6.5], "texture": "#0"},
				"south": {"uv": [6.5, 10.75, 6.75, 11], "texture": "#0"},
				"west": {"uv": [10.75, 6.5, 11, 6.75], "texture": "#0"},
				"up": {"uv": [7, 11, 6.75, 10.75], "texture": "#0"},
				"down": {"uv": [11, 6.75, 10.75, 7], "texture": "#0"}
			}
		}
	],
	"display": {
		"thirdperson": {
			"rotation": [90, 0, -180],
			"translation": [0, 2.5, -2],
			"scale": [0.6, 0.8, 0.6]
		},
		"firstperson": {
			"rotation": [0, -55, 0],
			"translation": [-5.5, 5.5, 0.5],
			"scale": [0.7, 0.9, 0.7]
		},
		"ground": {
			"translation": [0, 2, 0],
			"scale": [1.5, 1.5, 1.5]
		},
		"gui": {
			"rotation": [40, 225, 0],
			"scale": [0.7, 0.9, 0.7]
		}
	}
}