{
	"credit": "Made with Blockbench",
	"texture_size": [64, 64],
	"textures": {
		"2": "weapons/honey_badger",
		"particle": "weapons/honey_badger"
	},
	"elements": [
		{
			"from": [7.375, 9.125, -11],
			"to": [8.625, 10.375, -7.5],
			"rotation": {"angle": 0, "axis": "y", "origin": [6.625, 0, 0]},
			"faces": {
				"north": {"uv": [6.75, 10.75, 7.125, 11.125], "texture": "#2"},
				"east": {"uv": [9.75, 8, 10.625, 8.375], "texture": "#2"},
				"south": {"uv": [8.5, 10.75, 8.875, 11.125], "texture": "#2"},
				"west": {"uv": [9.75, 8.5, 10.625, 8.875], "texture": "#2"},
				"up": {"uv": [10.125, 9.875, 9.75, 9], "texture": "#2"},
				"down": {"uv": [10.375, 0, 10, 0.875], "texture": "#2"}
			}
		},
		{
			"from": [7.25, 9, -7.75],
			"to": [8.75, 10.5, 4.75],
			"rotation": {"angle": 0, "axis": "y", "origin": [6.75, 0, 0]},
			"faces": {
				"north": {"uv": [10.75, 8.5, 11.125, 8.875], "texture": "#2"},
				"east": {"uv": [5.5, 1.5, 8.625, 1.875], "texture": "#2"},
				"south": {"uv": [9, 10.75, 9.375, 11.125], "texture": "#2"},
				"west": {"uv": [5.5, 2, 8.625, 2.375], "texture": "#2"},
				"up": {"uv": [1.375, 8.125, 1, 5], "texture": "#2"},
				"down": {"uv": [1.875, 6.5, 1.5, 9.625], "texture": "#2"}
			}
		},
		{
			"from": [7.5, 10, -6.9],
			"to": [8.5, 12, 4.6],
			"rotation": {"angle": 0, "axis": "y", "origin": [7, 0, 0]},
			"faces": {
				"north": {"uv": [10.5, 10.75, 10.75, 11.25], "texture": "#2"},
				"east": {"uv": [5.5, 0.5, 8.375, 1], "texture": "#2"},
				"south": {"uv": [10.75, 10.5, 11, 11], "texture": "#2"},
				"west": {"uv": [5.5, 1, 8.375, 1.5], "texture": "#2"},
				"up": {"uv": [6.25, 10.125, 6, 7.25], "texture": "#2"},
				"down": {"uv": [3.25, 8.25, 3, 11.125], "texture": "#2"}
			}
		},
		{
			"from": [7.505, 9.93761, -7.30623],
			"to": [8.495, 11.92761, -6.56623],
			"rotation": {"angle": 22.5, "axis": "x", "origin": [8, 10.93261, -6.93623]},
			"faces": {
				"north": {"uv": [11, 0, 11.25, 0.5], "texture": "#2"},
				"east": {"uv": [0.5, 11, 0.75, 11.5], "texture": "#2"},
				"south": {"uv": [11, 0.5, 11.25, 1], "texture": "#2"},
				"west": {"uv": [0.75, 11, 1, 11.5], "texture": "#2"},
				"up": {"uv": [6.5, 7, 6.25, 6.75], "texture": "#2"},
				"down": {"uv": [8.75, 1.25, 8.5, 1.5], "texture": "#2"}
			}
		},
		{
			"from": [7.505, 8.31378, -7.46659],
			"to": [8.495, 9.80378, -6.47659],
			"rotation": {"angle": -45, "axis": "x", "origin": [8, 9.05878, -6.97159]},
			"faces": {
				"north": {"uv": [8.25, 11, 8.5, 11.375], "texture": "#2"},
				"east": {"uv": [11, 9, 11.25, 9.375], "texture": "#2"},
				"south": {"uv": [11, 10.5, 11.25, 10.875], "texture": "#2"},
				"west": {"uv": [10.75, 11, 11, 11.375], "texture": "#2"},
				"up": {"uv": [9.5, 3, 9.25, 2.75], "texture": "#2"},
				"down": {"uv": [9, 9.25, 8.75, 9.5], "texture": "#2"}
			}
		},
		{
			"from": [7.5, 8.1749, -6.79481],
			"to": [8.5, 9.1749, 4.45519],
			"rotation": {"angle": 0, "axis": "y", "origin": [8, 10.0249, -7.34481]},
			"faces": {
				"north": {"uv": [6, 10.25, 6.25, 10.5], "texture": "#2"},
				"east": {"uv": [7.75, 5.75, 10.625, 6], "texture": "#2"},
				"south": {"uv": [8.5, 10.25, 8.75, 10.5], "texture": "#2"},
				"west": {"uv": [7.75, 6, 10.625, 6.25], "texture": "#2"},
				"up": {"uv": [3.5, 11.125, 3.25, 8.25], "texture": "#2"},
				"down": {"uv": [3.75, 8.25, 3.5, 11.125], "texture": "#2"}
			}
		},
		{
			"from": [8, 11.75, -6.75],
			"to": [8, 12.5, 18.5],
			"rotation": {"angle": 0, "axis": "y", "origin": [6, 0, 0]},
			"faces": {
				"north": {"uv": [0, 0, 0, 0.25], "texture": "#2"},
				"east": {"uv": [3.5, 0, 9.875, 0.25], "texture": "#2"},
				"south": {"uv": [0, 0, 0, 0.25], "texture": "#2"},
				"west": {"uv": [3.5, 0.25, 9.875, 0.5], "texture": "#2"},
				"up": {"uv": [0, 6.375, 0, 0], "texture": "#2"},
				"down": {"uv": [0, 0, 0, 6.375], "texture": "#2"}
			}
		},
		{
			"from": [6.625, 8.65, 12.5],
			"to": [9.375, 9.65, 20.25],
			"rotation": {"angle": 0, "axis": "y", "origin": [7.125, 0, 0]},
			"faces": {
				"north": {"uv": [10.25, 3.75, 11, 4], "texture": "#2"},
				"east": {"uv": [8.5, 7, 10.5, 7.25], "texture": "#2"},
				"south": {"uv": [10.5, 3, 11.25, 3.25], "texture": "#2"},
				"west": {"uv": [8.5, 7.25, 10.5, 7.5], "texture": "#2"},
				"up": {"uv": [5.75, 6.75, 5, 4.75], "texture": "#2"},
				"down": {"uv": [3.25, 5.25, 2.5, 7.25], "texture": "#2"}
			}
		},
		{
			"from": [7.005, 10.955, 4.255],
			"to": [8.995, 11.945, 17.745],
			"rotation": {"angle": 0, "axis": "y", "origin": [8, 11.45, 11]},
			"faces": {
				"north": {"uv": [6, 4.5, 6.5, 4.75], "texture": "#2"},
				"east": {"uv": [7.25, 4, 10.625, 4.25], "texture": "#2"},
				"south": {"uv": [6.25, 8.75, 6.75, 9], "texture": "#2"},
				"west": {"uv": [7.25, 4.25, 10.625, 4.5], "texture": "#2"},
				"up": {"uv": [2, 6.375, 1.5, 3], "texture": "#2"},
				"down": {"uv": [2.5, 3, 2, 6.375], "texture": "#2"}
			}
		},
		{
			"from": [7, 9.4, 17.5],
			"to": [9, 12.4, 19.5],
			"rotation": {"angle": 0, "axis": "y", "origin": [7, 0, 0]},
			"faces": {
				"north": {"uv": [2.5, 9.75, 3, 10.5], "texture": "#2"},
				"east": {"uv": [5, 9.75, 5.5, 10.5], "texture": "#2"},
				"south": {"uv": [5.5, 9.75, 6, 10.5], "texture": "#2"},
				"west": {"uv": [6.25, 9.75, 6.75, 10.5], "texture": "#2"},
				"up": {"uv": [6, 3, 5.5, 2.5], "texture": "#2"},
				"down": {"uv": [0.5, 10.25, 0, 10.75], "texture": "#2"}
			}
		},
		{
			"from": [6.5, 4, 4.75],
			"to": [9.5, 5, 6.75],
			"rotation": {"angle": 0, "axis": "y", "origin": [7.5, 0, 1]},
			"faces": {
				"north": {"uv": [10.5, 5.5, 11.25, 5.75], "texture": "#2"},
				"east": {"uv": [9.25, 5.5, 9.75, 5.75], "texture": "#2"},
				"south": {"uv": [5.75, 10.5, 6.5, 10.75], "texture": "#2"},
				"west": {"uv": [7.75, 10, 8.25, 10.25], "texture": "#2"},
				"up": {"uv": [10.5, 5.75, 9.75, 5.25], "texture": "#2"},
				"down": {"uv": [10.5, 6.5, 9.75, 7], "texture": "#2"}
			}
		},
		{
			"from": [6.505, 6.20335, 5.20316],
			"to": [9.495, 7.19335, 9.19316],
			"rotation": {"angle": 22.5, "axis": "x", "origin": [7.5, 2.19835, 0.44816]},
			"faces": {
				"north": {"uv": [6.5, 10.5, 7.25, 10.75], "texture": "#2"},
				"east": {"uv": [4, 6.5, 5, 6.75], "texture": "#2"},
				"south": {"uv": [10.5, 6.5, 11.25, 6.75], "texture": "#2"},
				"west": {"uv": [10, 6.25, 11, 6.5], "texture": "#2"},
				"up": {"uv": [7.5, 9, 6.75, 8], "texture": "#2"},
				"down": {"uv": [8.25, 8, 7.5, 9], "texture": "#2"}
			}
		},
		{
			"from": [6.5, 7.75, 3.9],
			"to": [9.5, 8.75, 11.4],
			"rotation": {"angle": 0, "axis": "y", "origin": [7, 0, -0.1]},
			"faces": {
				"north": {"uv": [10.5, 6.75, 11.25, 7], "texture": "#2"},
				"east": {"uv": [8.5, 7.5, 10.375, 7.75], "texture": "#2"},
				"south": {"uv": [10.5, 7, 11.25, 7.25], "texture": "#2"},
				"west": {"uv": [8.5, 7.75, 10.375, 8], "texture": "#2"},
				"up": {"uv": [4, 7.125, 3.25, 5.25], "texture": "#2"},
				"down": {"uv": [6.5, 4.75, 5.75, 6.625], "texture": "#2"}
			}
		},
		{
			"from": [6.5, 6.25, 9.9],
			"to": [9.5, 7.75, 11.4],
			"rotation": {"angle": 0, "axis": "y", "origin": [7, 0, -0.1]},
			"faces": {
				"north": {"uv": [10, 3.25, 10.75, 3.625], "texture": "#2"},
				"east": {"uv": [9.5, 10.75, 9.875, 11.125], "texture": "#2"},
				"south": {"uv": [8.75, 10, 9.5, 10.375], "texture": "#2"},
				"west": {"uv": [10.75, 9.5, 11.125, 9.875], "texture": "#2"},
				"up": {"uv": [10.25, 10.375, 9.5, 10], "texture": "#2"},
				"down": {"uv": [5, 10.25, 4.25, 10.625], "texture": "#2"}
			}
		},
		{
			"from": [6.505, 5.82056, 9.99141],
			"to": [9.495, 6.56056, 11.48141],
			"rotation": {"angle": -22.5, "axis": "x", "origin": [8, 6.19056, 10.73641]},
			"faces": {
				"north": {"uv": [10.5, 7.25, 11.25, 7.5], "texture": "#2"},
				"east": {"uv": [11, 11, 11.375, 11.25], "texture": "#2"},
				"south": {"uv": [10.5, 7.5, 11.25, 7.75], "texture": "#2"},
				"west": {"uv": [0, 11.25, 0.375, 11.5], "texture": "#2"},
				"up": {"uv": [8.5, 10.625, 7.75, 10.25], "texture": "#2"},
				"down": {"uv": [11, 9, 10.25, 9.375], "texture": "#2"}
			}
		},
		{
			"from": [6.75, 3.5, 4.9],
			"to": [9.25, 8, 10.4],
			"rotation": {"angle": 0, "axis": "y", "origin": [7, 0, 0]},
			"faces": {
				"north": {"uv": [8.25, 8, 8.875, 9.125], "texture": "#2"},
				"east": {"uv": [4, 0.5, 5.375, 1.625], "texture": "#2"},
				"south": {"uv": [8.5, 4.5, 9.125, 5.625], "texture": "#2"},
				"west": {"uv": [4, 1.75, 5.375, 2.875], "texture": "#2"},
				"up": {"uv": [7.875, 3.875, 7.25, 2.5], "texture": "#2"}
			}
		},
		{
			"from": [6.755, 8.755, 0.755],
			"to": [9.245, 9.745, 2.245],
			"rotation": {"angle": 22.5, "axis": "x", "origin": [7, 0, 0]},
			"faces": {
				"north": {"uv": [5.75, 10.75, 6.375, 11], "texture": "#2"},
				"east": {"uv": [11.25, 0, 11.625, 0.25], "texture": "#2"},
				"south": {"uv": [10.75, 5.75, 11.375, 6], "texture": "#2"},
				"west": {"uv": [11.25, 0.25, 11.625, 0.5], "texture": "#2"},
				"up": {"uv": [11.125, 2.875, 10.5, 2.5], "texture": "#2"},
				"down": {"uv": [11.125, 4.5, 10.5, 4.875], "texture": "#2"}
			}
		},
		{
			"from": [7.075, 8.175, 11.3],
			"to": [8.925, 9.775, 19.65],
			"rotation": {"angle": 45, "axis": "z", "origin": [8, 8.975, 15.475]},
			"faces": {
				"north": {"uv": [10.5, 1.5, 11, 2], "texture": "#2"},
				"east": {"uv": [6.5, 6.5, 8.625, 7], "texture": "#2"},
				"south": {"uv": [10.5, 2, 11, 2.5], "texture": "#2"},
				"west": {"uv": [4, 6.75, 6.125, 7.25], "texture": "#2"},
				"up": {"uv": [2.5, 8.625, 2, 6.5], "texture": "#2"},
				"down": {"uv": [0.5, 6.75, 0, 8.875], "texture": "#2"}
			}
		},
		{
			"from": [6.75, 8.5, 4],
			"to": [9.25, 11, 18],
			"rotation": {"angle": 0, "axis": "y", "origin": [6.75, 0, 0]},
			"faces": {
				"north": {"uv": [4.25, 9.5, 4.875, 10.125], "texture": "#2"},
				"east": {"uv": [0, 0, 3.5, 0.625], "texture": "#2"},
				"south": {"uv": [0.5, 9.75, 1.125, 10.375], "texture": "#2"},
				"west": {"uv": [0, 0.75, 3.5, 1.375], "texture": "#2"},
				"up": {"uv": [0.625, 5, 0, 1.5], "texture": "#2"},
				"down": {"uv": [1.375, 1.5, 0.75, 5], "texture": "#2"}
			}
		},
		{
			"from": [7, 6.25, 11],
			"to": [9, 8.25, 17.5],
			"rotation": {"angle": 0, "axis": "y", "origin": [7, 0, 0]},
			"faces": {
				"north": {"uv": [10.25, 9.5, 10.75, 10], "texture": "#2"},
				"east": {"uv": [6.75, 7.5, 8.375, 8], "texture": "#2"},
				"south": {"uv": [10.25, 10, 10.75, 10.5], "texture": "#2"},
				"west": {"uv": [2.5, 7.75, 4.125, 8.25], "texture": "#2"},
				"up": {"uv": [5.5, 8.875, 5, 7.25], "texture": "#2"},
				"down": {"uv": [6, 7.25, 5.5, 8.875], "texture": "#2"}
			}
		},
		{
			"from": [7, 6, 14.75],
			"to": [9, 6.25, 18],
			"rotation": {"angle": 0, "axis": "y", "origin": [7, 0, 0.5]},
			"faces": {
				"north": {"uv": [11.25, 0.5, 11.75, 0.625], "texture": "#2"},
				"east": {"uv": [11, 6.25, 11.875, 6.375], "texture": "#2"},
				"south": {"uv": [11.25, 0.75, 11.75, 0.875], "texture": "#2"},
				"west": {"uv": [7.25, 11, 8.125, 11.125], "texture": "#2"},
				"up": {"uv": [4, 1.375, 3.5, 0.5], "texture": "#2"},
				"down": {"uv": [8.25, 9, 7.75, 9.875], "texture": "#2"}
			}
		},
		{
			"from": [7, 7.25, 17.5],
			"to": [9, 8.25, 19.5],
			"rotation": {"angle": 0, "axis": "y", "origin": [7, 0, 0]},
			"faces": {
				"north": {"uv": [1, 11, 1.5, 11.25], "texture": "#2"},
				"east": {"uv": [11, 1, 11.5, 1.25], "texture": "#2"},
				"south": {"uv": [11, 1.25, 11.5, 1.5], "texture": "#2"},
				"west": {"uv": [1.5, 11, 2, 11.25], "texture": "#2"},
				"up": {"uv": [11, 0.5, 10.5, 0], "texture": "#2"},
				"down": {"uv": [1, 10.5, 0.5, 11], "texture": "#2"}
			}
		},
		{
			"from": [7.005, 6.68313, 17.49418],
			"to": [8.995, 7.67313, 19.48418],
			"rotation": {"angle": -22.5, "axis": "x", "origin": [8, 6.99127, 18.05709]},
			"faces": {
				"north": {"uv": [11, 1.5, 11.5, 1.75], "texture": "#2"},
				"east": {"uv": [11, 1.75, 11.5, 2], "texture": "#2"},
				"south": {"uv": [11, 2, 11.5, 2.25], "texture": "#2"},
				"west": {"uv": [11, 2.25, 11.5, 2.5], "texture": "#2"},
				"up": {"uv": [11, 1, 10.5, 0.5], "texture": "#2"},
				"down": {"uv": [1.5, 10.5, 1, 11], "texture": "#2"}
			}
		},
		{
			"from": [7.008, 6.06161, 17.39169],
			"to": [8.992, 7.04561, 18.37569],
			"rotation": {"angle": 22.5, "axis": "x", "origin": [8, 6.99127, 18.05709]},
			"faces": {
				"north": {"uv": [2.5, 11, 3, 11.25], "texture": "#2"},
				"east": {"uv": [1, 11.25, 1.25, 11.5], "texture": "#2"},
				"south": {"uv": [3.75, 11, 4.25, 11.25], "texture": "#2"},
				"west": {"uv": [1.25, 11.25, 1.5, 11.5], "texture": "#2"},
				"up": {"uv": [11.5, 4, 11, 3.75], "texture": "#2"},
				"down": {"uv": [5.5, 11, 5, 11.25], "texture": "#2"}
			}
		},
		{
			"from": [7.125, 3.5, 14.7],
			"to": [8.875, 6, 17.7],
			"rotation": {"angle": 0, "axis": "y", "origin": [6.625, 0, -0.05]},
			"faces": {
				"north": {"uv": [10, 1, 10.5, 1.625], "texture": "#2"},
				"east": {"uv": [8.75, 3, 9.5, 3.625], "texture": "#2"},
				"south": {"uv": [10, 1.75, 10.5, 2.375], "texture": "#2"},
				"west": {"uv": [4.25, 8.75, 5, 9.375], "texture": "#2"},
				"up": {"uv": [7.25, 10.5, 6.75, 9.75], "texture": "#2"},
				"down": {"uv": [7.75, 9.75, 7.25, 10.5], "texture": "#2"}
			}
		},
		{
			"from": [7.12, -0.92119, 15.92316],
			"to": [8.88, 6.08881, 19.18316],
			"rotation": {"angle": -22.5, "axis": "x", "origin": [8, 2.58381, 17.55316]},
			"faces": {
				"north": {"uv": [0.5, 6.75, 1, 8.5], "texture": "#2"},
				"east": {"uv": [4, 3, 4.875, 4.75], "texture": "#2"},
				"south": {"uv": [6.25, 7, 6.75, 8.75], "texture": "#2"},
				"west": {"uv": [4, 4.75, 4.875, 6.5], "texture": "#2"},
				"up": {"uv": [9.75, 5.375, 9.25, 4.5], "texture": "#2"},
				"down": {"uv": [8.75, 9.25, 8.25, 10.125], "texture": "#2"}
			}
		},
		{
			"from": [7.125, -1.27163, 16.64125],
			"to": [8.875, 0.97837, 17.39125],
			"rotation": {"angle": 0, "axis": "y", "origin": [7.625, 4.72837, 15.39125]},
			"faces": {
				"north": {"uv": [2, 10, 2.5, 10.625], "texture": "#2"},
				"east": {"uv": [4.75, 10.75, 5, 11.375], "texture": "#2"},
				"south": {"uv": [10, 2.5, 10.5, 3.125], "texture": "#2"},
				"west": {"uv": [6.5, 10.75, 6.75, 11.375], "texture": "#2"},
				"up": {"uv": [6, 11.25, 5.5, 11], "texture": "#2"},
				"down": {"uv": [6.5, 11, 6, 11.25], "texture": "#2"}
			}
		},
		{
			"from": [8, 2.75, 10.25],
			"to": [8, 6.75, 14.75],
			"rotation": {"angle": 0, "axis": "y", "origin": [6, 0, 0]},
			"faces": {
				"north": {"uv": [0, 0, 0, 1], "texture": "#2"},
				"east": {"uv": [6, 2.5, 7.125, 3.5], "texture": "#2"},
				"south": {"uv": [0, 0, 0, 1], "texture": "#2"},
				"west": {"uv": [6, 3.5, 7.125, 4.5], "texture": "#2"},
				"up": {"uv": [0, 1.125, 0, 0], "texture": "#2"},
				"down": {"uv": [0, 0, 0, 1.125], "texture": "#2"}
			}
		},
		{
			"from": [7, 0.5, 5.25],
			"to": [9, 4, 10.25],
			"rotation": {"angle": 0, "axis": "y", "origin": [7, 0, 0]},
			"faces": {
				"north": {"uv": [9.5, 2.75, 10, 3.625], "texture": "#2"},
				"east": {"uv": [6.5, 4.5, 7.75, 5.375], "texture": "#2"},
				"south": {"uv": [3.75, 9.5, 4.25, 10.375], "texture": "#2"},
				"west": {"uv": [6.5, 5.5, 7.75, 6.375], "texture": "#2"},
				"up": {"uv": [4.25, 9.5, 3.75, 8.25], "texture": "#2"},
				"down": {"uv": [1, 8.5, 0.5, 9.75], "texture": "#2"}
			}
		},
		{
			"from": [7.005, -4.30993, 4.29725],
			"to": [8.995, 1.68007, 9.28725],
			"rotation": {"angle": 22.5, "axis": "x", "origin": [8, -1.31493, 6.79225]},
			"faces": {
				"north": {"uv": [1, 8.25, 1.5, 9.75], "texture": "#2"},
				"east": {"uv": [1.5, 1.5, 2.75, 3], "texture": "#2"},
				"south": {"uv": [2.5, 8.25, 3, 9.75], "texture": "#2"},
				"west": {"uv": [2.75, 1.5, 4, 3], "texture": "#2"},
				"up": {"uv": [9.25, 1.75, 8.75, 0.5], "texture": "#2"},
				"down": {"uv": [9.25, 1.75, 8.75, 3], "texture": "#2"}
			}
		},
		{
			"from": [6.375, 8.5, 19],
			"to": [9.625, 10.5, 26],
			"rotation": {"angle": 0, "axis": "y", "origin": [7.625, 0, 0]},
			"faces": {
				"north": {"uv": [8.75, 6.5, 9.625, 7], "texture": "#2"},
				"east": {"uv": [6.75, 7, 8.5, 7.5], "texture": "#2"},
				"south": {"uv": [8.75, 9.5, 9.625, 10], "texture": "#2"},
				"west": {"uv": [2.5, 7.25, 4.25, 7.75], "texture": "#2"},
				"up": {"uv": [0.875, 6.75, 0, 5], "texture": "#2"},
				"down": {"uv": [5.875, 3, 5, 4.75], "texture": "#2"}
			}
		},
		{
			"from": [6.5, 10.5, 19],
			"to": [9.5, 11.5, 28],
			"rotation": {"angle": 0, "axis": "y", "origin": [7.5, 0, 0]},
			"faces": {
				"north": {"uv": [10.5, 7.75, 11.25, 8], "texture": "#2"},
				"east": {"uv": [7.75, 6.25, 10, 6.5], "texture": "#2"},
				"south": {"uv": [8.5, 10.5, 9.25, 10.75], "texture": "#2"},
				"west": {"uv": [8, 3.75, 10.25, 4], "texture": "#2"},
				"up": {"uv": [3.25, 5.25, 2.5, 3], "texture": "#2"},
				"down": {"uv": [4, 3, 3.25, 5.25], "texture": "#2"}
			}
		},
		{
			"from": [6.505, 9.98859, 25.40881],
			"to": [9.495, 10.97859, 27.89881],
			"rotation": {"angle": -22.5, "axis": "x", "origin": [8, 10.48359, 26.65381]},
			"faces": {
				"north": {"uv": [9.25, 10.5, 10, 10.75], "texture": "#2"},
				"east": {"uv": [10.75, 6, 11.375, 6.25], "texture": "#2"},
				"south": {"uv": [10, 10.5, 10.75, 10.75], "texture": "#2"},
				"west": {"uv": [7.75, 10.75, 8.375, 11], "texture": "#2"},
				"up": {"uv": [5.75, 9.625, 5, 9], "texture": "#2"},
				"down": {"uv": [7, 9, 6.25, 9.625], "texture": "#2"}
			}
		},
		{
			"from": [6.75, 8.25, 26],
			"to": [9.25, 11.25, 28.5],
			"rotation": {"angle": 0, "axis": "y", "origin": [7, 0, 0]},
			"faces": {
				"north": {"uv": [7, 9, 7.625, 9.75], "texture": "#2"},
				"east": {"uv": [9, 8, 9.625, 8.75], "texture": "#2"},
				"south": {"uv": [9, 8.75, 9.625, 9.5], "texture": "#2"},
				"west": {"uv": [9.25, 0.5, 9.875, 1.25], "texture": "#2"},
				"up": {"uv": [1.875, 10.375, 1.25, 9.75], "texture": "#2"},
				"down": {"uv": [10.375, 4.5, 9.75, 5.125], "texture": "#2"}
			}
		},
		{
			"from": [6.75, 3.25, 27],
			"to": [9.25, 8.25, 28.5],
			"rotation": {"angle": 0, "axis": "y", "origin": [7, 0, 0]},
			"faces": {
				"north": {"uv": [7.75, 4.5, 8.375, 5.75], "texture": "#2"},
				"east": {"uv": [2, 8.75, 2.375, 10], "texture": "#2"},
				"south": {"uv": [8, 2.5, 8.625, 3.75], "texture": "#2"},
				"west": {"uv": [0, 9, 0.375, 10.25], "texture": "#2"},
				"up": {"uv": [5.625, 10.875, 5, 10.5], "texture": "#2"},
				"down": {"uv": [11.125, 5, 10.5, 5.375], "texture": "#2"}
			}
		},
		{
			"from": [6.755, 5.56052, 26.54096],
			"to": [9.245, 8.55052, 27.53096],
			"rotation": {"angle": -22.5, "axis": "x", "origin": [8, 7.05552, 27.03596]},
			"faces": {
				"north": {"uv": [9.25, 1.25, 9.875, 2], "texture": "#2"},
				"east": {"uv": [8.5, 0.5, 8.75, 1.25], "texture": "#2"},
				"south": {"uv": [9.25, 2, 9.875, 2.75], "texture": "#2"},
				"west": {"uv": [5.75, 9, 6, 9.75], "texture": "#2"},
				"up": {"uv": [11.375, 8.25, 10.75, 8], "texture": "#2"},
				"down": {"uv": [11.375, 8.25, 10.75, 8.5], "texture": "#2"}
			}
		},
		{
			"from": [7.255, 7.005, 21.005],
			"to": [8.745, 8.995, 22.995],
			"rotation": {"angle": 22.5, "axis": "x", "origin": [8, 8, 22]},
			"faces": {
				"north": {"uv": [2.5, 10.5, 2.875, 11], "texture": "#2"},
				"east": {"uv": [10.5, 1, 11, 1.5], "texture": "#2"},
				"south": {"uv": [3.75, 10.5, 4.125, 11], "texture": "#2"},
				"west": {"uv": [1.5, 10.5, 2, 11], "texture": "#2"},
				"up": {"uv": [7.625, 11, 7.25, 10.5], "texture": "#2"},
				"down": {"uv": [0.375, 10.75, 0, 11.25], "texture": "#2"}
			}
		},
		{
			"from": [7.25, 7.5, 19.25],
			"to": [8.75, 9, 21.25],
			"rotation": {"angle": 0, "axis": "y", "origin": [8.25, 8, 22]},
			"faces": {
				"north": {"uv": [10, 10.75, 10.375, 11.125], "texture": "#2"},
				"east": {"uv": [2, 10.75, 2.5, 11.125], "texture": "#2"},
				"south": {"uv": [10.75, 10, 11.125, 10.375], "texture": "#2"},
				"west": {"uv": [10.75, 3.25, 11.25, 3.625], "texture": "#2"},
				"up": {"uv": [11.125, 4.5, 10.75, 4], "texture": "#2"},
				"down": {"uv": [4.625, 10.75, 4.25, 11.25], "texture": "#2"}
			}
		}
	],
	"display": {
		"thirdperson": {
			"rotation": [90, 0, -180],
			"translation": [0, 2.3, -1.9],
			"scale": [0.4, 0.4, 0.4]
		},
		"firstperson": {
			"rotation": [0, -55, 0],
			"translation": [-6, 5.75, 1],
			"scale": [0.55, 0.55, 0.55]
		},
		"ground": {
			"translation": [0, 2, 0],
			"scale": [1.5, 1.5, 1.5]
		},
		"gui": {
			"rotation": [40, 225, 0],
			"scale": [0.7, 0.85, 0.7]
		}
	}
}