{
	"credit": "Made with Blockbench",
	"texture_size": [64, 64],
	"textures": {
		"2": "weapons/magnum_44",
		"particle": "weapons/magnum_44"
	},
	"elements": [
		{
			"from": [7.5, 11.25, -6],
			"to": [8.5, 12.25, 8],
			"rotation": {"angle": 0, "axis": "y", "origin": [6.5, 0, 0]},
			"faces": {
				"north": {"uv": [7, 1, 7.25, 1.25], "texture": "#2"},
				"east": {"uv": [6, 2, 9.5, 2.25], "texture": "#2"},
				"south": {"uv": [3.25, 8, 3.5, 8.25], "texture": "#2"},
				"west": {"uv": [6, 2.25, 9.5, 2.5], "texture": "#2"},
				"up": {"uv": [5.25, 9.25, 5, 5.75], "texture": "#2"},
				"down": {"uv": [6.5, 5, 6.25, 8.5], "texture": "#2"}
			}
		},
		{
			"from": [7, 11, -5.75],
			"to": [9, 12.75, 7.75],
			"rotation": {"angle": 0, "axis": "y", "origin": [7, 0, 0]},
			"faces": {
				"north": {"uv": [3, 2, 3.5, 2.5], "texture": "#2"},
				"east": {"uv": [0, 2.5, 3.375, 3], "texture": "#2"},
				"south": {"uv": [5.75, 7.75, 6.25, 8.25], "texture": "#2"},
				"west": {"uv": [0, 3, 3.375, 3.5], "texture": "#2"},
				"up": {"uv": [0.5, 6.875, 0, 3.5], "texture": "#2"},
				"down": {"uv": [4, 0, 3.5, 3.375], "texture": "#2"}
			}
		},
		{
			"from": [7.25, 10.25, -5.85],
			"to": [8.75, 11, 7.65],
			"rotation": {"angle": 0, "axis": "y", "origin": [6.5, 0, 0]},
			"faces": {
				"north": {"uv": [8.5, 8.75, 8.875, 9], "texture": "#2"},
				"east": {"uv": [6, 2.5, 9.375, 2.75], "texture": "#2"},
				"south": {"uv": [0.75, 9, 1.125, 9.25], "texture": "#2"},
				"west": {"uv": [6, 2.75, 9.375, 3], "texture": "#2"},
				"up": {"uv": [5.125, 4.625, 4.75, 1.25], "texture": "#2"},
				"down": {"uv": [3.875, 4.75, 3.5, 8.125], "texture": "#2"}
			}
		},
		{
			"from": [7.5, 9.75, -5.75],
			"to": [8.5, 10.25, 7.75],
			"rotation": {"angle": 0, "axis": "y", "origin": [7, 0, 0]},
			"faces": {
				"north": {"uv": [9.25, 0.5, 9.5, 0.625], "texture": "#2"},
				"east": {"uv": [7.25, 7.5, 10.625, 7.625], "texture": "#2"},
				"south": {"uv": [0.75, 9.25, 1, 9.375], "texture": "#2"},
				"west": {"uv": [7.75, 1.25, 11.125, 1.375], "texture": "#2"},
				"up": {"uv": [5.5, 9.625, 5.25, 6.25], "texture": "#2"},
				"down": {"uv": [5.75, 6.25, 5.5, 9.625], "texture": "#2"}
			}
		},
		{
			"from": [7.25, 11.025, 7.5],
			"to": [8.75, 12.525, 9.5],
			"rotation": {"angle": 0, "axis": "y", "origin": [7, 0, 0]},
			"faces": {
				"north": {"uv": [0.75, 8.5, 1.125, 8.875], "texture": "#2"},
				"east": {"uv": [1.25, 8.25, 1.75, 8.625], "texture": "#2"},
				"south": {"uv": [0, 8.75, 0.375, 9.125], "texture": "#2"},
				"west": {"uv": [1.75, 8.25, 2.25, 8.625], "texture": "#2"},
				"up": {"uv": [2.625, 8.75, 2.25, 8.25], "texture": "#2"},
				"down": {"uv": [3.125, 8.25, 2.75, 8.75], "texture": "#2"}
			}
		},
		{
			"from": [7.625, 9.775, 7.65],
			"to": [8.375, 11.025, 9.4],
			"rotation": {"angle": 0, "axis": "y", "origin": [6.625, 0, 0]},
			"faces": {
				"north": {"uv": [3.25, 8.75, 3.5, 9.125], "texture": "#2"},
				"east": {"uv": [3.25, 8.25, 3.75, 8.625], "texture": "#2"},
				"south": {"uv": [8.75, 3.25, 9, 3.625], "texture": "#2"},
				"west": {"uv": [5.75, 8.25, 6.25, 8.625], "texture": "#2"},
				"up": {"uv": [6.5, 9, 6.25, 8.5], "texture": "#2"},
				"down": {"uv": [0.75, 8.75, 0.5, 9.25], "texture": "#2"}
			}
		},
		{
			"from": [6.75, 12.5, 7.75],
			"to": [9.25, 13, 15.25],
			"rotation": {"angle": 0, "axis": "y", "origin": [6.25, 0, 0]},
			"faces": {
				"north": {"uv": [9, 3.5, 9.625, 3.625], "texture": "#2"},
				"east": {"uv": [8, 4, 9.875, 4.125], "texture": "#2"},
				"south": {"uv": [4, 9, 4.625, 9.125], "texture": "#2"},
				"west": {"uv": [8, 4.25, 9.875, 4.375], "texture": "#2"},
				"up": {"uv": [4.625, 3.125, 4, 1.25], "texture": "#2"},
				"down": {"uv": [5.875, 1, 5.25, 2.875], "texture": "#2"}
			}
		},
		{
			"from": [6.755, 10.48839, 14.16608],
			"to": [9.245, 13.22839, 15.65608],
			"rotation": {"angle": -22.5, "axis": "x", "origin": [8, 11.85839, 14.91108]},
			"faces": {
				"north": {"uv": [7.25, 6.75, 7.875, 7.5], "texture": "#2"},
				"east": {"uv": [5.75, 6.25, 6.125, 7], "texture": "#2"},
				"south": {"uv": [1.25, 7.5, 1.875, 8.25], "texture": "#2"},
				"west": {"uv": [3, 6.5, 3.375, 7.25], "texture": "#2"},
				"down": {"uv": [8.625, 5, 8, 5.375], "texture": "#2"}
			}
		},
		{
			"from": [6.745, 6.15132, 14.02764],
			"to": [9.255, 10.66132, 18.53764],
			"rotation": {"angle": 22.5, "axis": "x", "origin": [8, 8.40632, 16.28264]},
			"faces": {
				"north": {"uv": [6.5, 4, 7.125, 5.125], "texture": "#2"},
				"east": {"uv": [3.5, 3.5, 4.625, 4.625], "texture": "#2"},
				"south": {"uv": [6.5, 5.25, 7.125, 6.375], "texture": "#2"},
				"west": {"uv": [4, 0, 5.125, 1.125], "texture": "#2"},
				"up": {"uv": [7.125, 7.625, 6.5, 6.5], "texture": "#2"},
				"down": {"uv": [1.125, 6.75, 0.5, 7.875], "texture": "#2"}
			}
		},
		{
			"from": [6.75, 7.20208, 9.67016],
			"to": [9.25, 8.20208, 14.17016],
			"rotation": {"angle": 0, "axis": "y", "origin": [7.25, 12.52708, 11.49516]},
			"faces": {
				"north": {"uv": [8.5, 6.5, 9.125, 6.75], "texture": "#2"},
				"east": {"uv": [8, 1, 9.125, 1.25], "texture": "#2"},
				"south": {"uv": [8.5, 6.75, 9.125, 7], "texture": "#2"},
				"west": {"uv": [2, 8, 3.125, 8.25], "texture": "#2"},
				"up": {"uv": [4.625, 7.875, 4, 6.75], "texture": "#2"},
				"down": {"uv": [7.875, 0, 7.25, 1.125], "texture": "#2"}
			}
		},
		{
			"from": [6.755, 6.92985, 9.81893],
			"to": [9.245, 7.91985, 11.05893],
			"rotation": {"angle": 22.5, "axis": "x", "origin": [8, 7.42485, 10.43893]},
			"faces": {
				"north": {"uv": [8.5, 7, 9.125, 7.25], "texture": "#2"},
				"east": {"uv": [3.5, 8.75, 3.875, 9], "texture": "#2"},
				"south": {"uv": [7.5, 8.5, 8.125, 8.75], "texture": "#2"},
				"west": {"uv": [8.75, 3.75, 9.125, 4], "texture": "#2"},
				"up": {"uv": [8.625, 5.875, 8, 5.5], "texture": "#2"},
				"down": {"uv": [8.625, 6, 8, 6.375], "texture": "#2"}
			}
		},
		{
			"from": [6.75, 4.07708, 12.04516],
			"to": [9.25, 6.07708, 13.04516],
			"rotation": {"angle": -22.5, "axis": "x", "origin": [7.25, 12.52708, 11.49516]},
			"faces": {
				"north": {"uv": [8, 0, 8.625, 0.5], "texture": "#2"},
				"east": {"uv": [2.25, 8.75, 2.5, 9.25], "texture": "#2"},
				"south": {"uv": [8, 0.5, 8.625, 1], "texture": "#2"},
				"west": {"uv": [2.5, 8.75, 2.75, 9.25], "texture": "#2"},
				"up": {"uv": [9.125, 8, 8.5, 7.75], "texture": "#2"},
				"down": {"uv": [9.125, 8, 8.5, 8.25], "texture": "#2"}
			}
		},
		{
			"from": [6.495, -1.17238, 19.09837],
			"to": [9.505, 8.83762, 22.10837],
			"rotation": {"angle": -22.5, "axis": "x", "origin": [8, 3.83262, 20.60337]},
			"faces": {
				"north": {"uv": [0, 0, 0.75, 2.5], "texture": "#2"},
				"east": {"uv": [0.75, 0, 1.5, 2.5], "texture": "#2"},
				"south": {"uv": [1.5, 0, 2.25, 2.5], "texture": "#2"},
				"west": {"uv": [2.25, 0, 3, 2.5], "texture": "#2"},
				"up": {"uv": [7.75, 2, 7, 1.25], "texture": "#2"},
				"down": {"uv": [8, 3, 7.25, 3.75], "texture": "#2"}
			}
		},
		{
			"from": [6.5, -1.3608, 18.13097],
			"to": [9.5, 6.1392, 21.13097],
			"rotation": {"angle": 0, "axis": "y", "origin": [8, 8.6892, 19.30597]},
			"faces": {
				"north": {"uv": [0.5, 3.5, 1.25, 5.375], "texture": "#2"},
				"east": {"uv": [1.25, 3.5, 2, 5.375], "texture": "#2"},
				"south": {"uv": [2, 3.5, 2.75, 5.375], "texture": "#2"},
				"west": {"uv": [2.75, 3.5, 3.5, 5.375], "texture": "#2"},
				"up": {"uv": [8, 4.5, 7.25, 3.75], "texture": "#2"},
				"down": {"uv": [8, 4.5, 7.25, 5.25], "texture": "#2"}
			}
		},
		{
			"from": [6.5, 5.8642, 14.65597],
			"to": [9.5, 9.8642, 18.65597],
			"rotation": {"angle": -45, "axis": "x", "origin": [8, 8.6892, 19.30597]},
			"faces": {
				"north": {"uv": [6.5, 0, 7.25, 1], "texture": "#2"},
				"east": {"uv": [1.5, 5.5, 2.5, 6.5], "texture": "#2"},
				"south": {"uv": [1.5, 6.5, 2.25, 7.5], "texture": "#2"},
				"west": {"uv": [2.5, 5.5, 3.5, 6.5], "texture": "#2"},
				"up": {"uv": [3, 7.5, 2.25, 6.5], "texture": "#2"},
				"down": {"uv": [7.25, 3, 6.5, 4], "texture": "#2"}
			}
		},
		{
			"from": [6.505, 4.73701, 15.19207],
			"to": [9.495, 6.22701, 17.18207],
			"rotation": {"angle": 0, "axis": "y", "origin": [8, 6.19912, 17.65382]},
			"faces": {
				"north": {"uv": [8, 3, 8.75, 3.375], "texture": "#2"},
				"east": {"uv": [6.5, 8.25, 7, 8.625], "texture": "#2"},
				"south": {"uv": [8, 3.5, 8.75, 3.875], "texture": "#2"},
				"west": {"uv": [7, 8.25, 7.5, 8.625], "texture": "#2"},
				"up": {"uv": [2.75, 8, 2, 7.5], "texture": "#2"},
				"down": {"uv": [3.5, 7.5, 2.75, 8], "texture": "#2"}
			}
		},
		{
			"from": [6.505, 1.7974, 16.48812],
			"to": [9.495, 4.7874, 17.47812],
			"rotation": {"angle": -22.5, "axis": "x", "origin": [8, 6.19912, 17.65382]},
			"faces": {
				"north": {"uv": [7.25, 5.25, 8, 6], "texture": "#2"},
				"east": {"uv": [1.25, 6.75, 1.5, 7.5], "texture": "#2"},
				"south": {"uv": [7.25, 6, 8, 6.75], "texture": "#2"},
				"west": {"uv": [4.5, 8, 4.75, 8.75], "texture": "#2"},
				"up": {"uv": [4.75, 3.5, 4, 3.25], "texture": "#2"},
				"down": {"uv": [8.75, 7.25, 8, 7.5], "texture": "#2"}
			}
		},
		{
			"from": [6.505, 7.95384, 18.12556],
			"to": [9.495, 9.69384, 20.11556],
			"rotation": {"angle": 0, "axis": "y", "origin": [8, 6.19912, 17.65382]},
			"faces": {
				"north": {"uv": [7.75, 1.5, 8.5, 2], "texture": "#2"},
				"east": {"uv": [0.75, 8, 1.25, 8.5], "texture": "#2"},
				"south": {"uv": [6.5, 7.75, 7.25, 8.25], "texture": "#2"},
				"west": {"uv": [4, 8, 4.5, 8.5], "texture": "#2"},
				"up": {"uv": [8, 8.25, 7.25, 7.75], "texture": "#2"},
				"down": {"uv": [0.75, 8, 0, 8.5], "texture": "#2"}
			}
		},
		{
			"from": [6.508, 8.61906, 16.75374],
			"to": [9.492, 9.60306, 17.23774],
			"rotation": {"angle": 22.5, "axis": "x", "origin": [8, 6.19912, 17.65382]},
			"faces": {
				"north": {"uv": [0, 8.5, 0.75, 8.75], "texture": "#2"},
				"east": {"uv": [8.75, 9, 8.875, 9.25], "texture": "#2"},
				"south": {"uv": [8.5, 1.5, 9.25, 1.75], "texture": "#2"},
				"west": {"uv": [9, 8.75, 9.125, 9], "texture": "#2"},
				"up": {"uv": [4.75, 8.875, 4, 8.75], "texture": "#2"},
				"down": {"uv": [9.5, 4.5, 8.75, 4.625], "texture": "#2"}
			}
		},
		{
			"from": [7.5, 9.05, 7.5],
			"to": [8.5, 9.8, 9.5],
			"rotation": {"angle": 0, "axis": "y", "origin": [6.5, 0.05, 0]},
			"faces": {
				"north": {"uv": [3.75, 8.25, 4, 8.5], "texture": "#2"},
				"east": {"uv": [3, 7.25, 3.5, 7.5], "texture": "#2"},
				"south": {"uv": [6, 8.75, 6.25, 9], "texture": "#2"},
				"west": {"uv": [0, 7.75, 0.5, 8], "texture": "#2"},
				"up": {"uv": [3, 9.25, 2.75, 8.75], "texture": "#2"},
				"down": {"uv": [3.25, 8.75, 3, 9.25], "texture": "#2"}
			}
		},
		{
			"from": [7.5, 8.3, 8.25],
			"to": [8.5, 9.05, 9.5],
			"rotation": {"angle": 0, "axis": "y", "origin": [6.5, 0.05, 0]},
			"faces": {
				"north": {"uv": [9, 5.25, 9.25, 5.5], "texture": "#2"},
				"east": {"uv": [8.75, 4.75, 9.125, 5], "texture": "#2"},
				"south": {"uv": [9, 5.5, 9.25, 5.75], "texture": "#2"},
				"west": {"uv": [8.75, 5, 9.125, 5.25], "texture": "#2"},
				"up": {"uv": [5, 9.125, 4.75, 8.75], "texture": "#2"},
				"down": {"uv": [9, 5.25, 8.75, 5.625], "texture": "#2"}
			}
		},
		{
			"from": [7.505, 8.40093, 7.98728],
			"to": [8.495, 9.64093, 8.72728],
			"rotation": {"angle": -22.5, "axis": "x", "origin": [8, 9.02093, 8.35728]},
			"faces": {
				"north": {"uv": [5.75, 8.75, 6, 9.125], "texture": "#2"},
				"east": {"uv": [7.25, 9, 7.375, 9.375], "texture": "#2"},
				"south": {"uv": [8.75, 5.75, 9, 6.125], "texture": "#2"},
				"west": {"uv": [7.5, 9, 7.625, 9.375], "texture": "#2"},
				"up": {"uv": [9.25, 9.125, 9, 9], "texture": "#2"},
				"down": {"uv": [0.25, 9.25, 0, 9.375], "texture": "#2"}
			}
		},
		{
			"from": [7.25, 7.3, 8],
			"to": [8.75, 8.3, 10.25],
			"rotation": {"angle": 0, "axis": "y", "origin": [6.75, 0.05, 0]},
			"faces": {
				"north": {"uv": [9, 3.25, 9.375, 3.5], "texture": "#2"},
				"east": {"uv": [8.25, 8.5, 8.875, 8.75], "texture": "#2"},
				"south": {"uv": [3.5, 9, 3.875, 9.25], "texture": "#2"},
				"west": {"uv": [8.5, 8.25, 9.125, 8.5], "texture": "#2"},
				"up": {"uv": [8.375, 7.125, 8, 6.5], "texture": "#2"},
				"down": {"uv": [8.375, 7.75, 8, 8.375], "texture": "#2"}
			}
		},
		{
			"from": [6, 8.425, 9.625],
			"to": [9.75, 12.175, 14.125],
			"rotation": {"angle": 45, "axis": "z", "origin": [8, 10.425, 11.875]},
			"faces": {
				"north": {"uv": [4, 5.75, 5, 6.75], "texture": "#2"},
				"east": {"uv": [5.25, 3, 6.375, 4], "texture": "#2"},
				"south": {"uv": [6, 1, 7, 2], "texture": "#2"},
				"west": {"uv": [5.25, 4, 6.375, 5], "texture": "#2"},
				"up": {"uv": [6.25, 6.125, 5.25, 5], "texture": "#2"},
				"down": {"uv": [1.5, 5.5, 0.5, 6.625], "texture": "#2"}
			}
		},
		{
			"from": [7.375, 10.925, 9.125],
			"to": [8.625, 12.175, 9.625],
			"rotation": {"angle": 0, "axis": "y", "origin": [6.625, 0, 0]},
			"faces": {
				"north": {"uv": [8.75, 0, 9.125, 0.375], "texture": "#2"},
				"east": {"uv": [7.75, 9, 7.875, 9.375], "texture": "#2"},
				"south": {"uv": [8.75, 0.5, 9.125, 0.875], "texture": "#2"},
				"west": {"uv": [8, 9, 8.125, 9.375], "texture": "#2"},
				"up": {"uv": [8.625, 9.125, 8.25, 9], "texture": "#2"},
				"down": {"uv": [9.375, 8.5, 9, 8.625], "texture": "#2"}
			}
		},
		{
			"from": [7.75, 9.925, 9.125],
			"to": [8.25, 10.675, 9.875],
			"rotation": {"angle": 0, "axis": "y", "origin": [6.25, 0, 0]},
			"faces": {
				"north": {"uv": [9.25, 0, 9.375, 0.25], "texture": "#2"},
				"east": {"uv": [9, 5.75, 9.25, 6], "texture": "#2"},
				"south": {"uv": [0.25, 9.25, 0.375, 9.5], "texture": "#2"},
				"west": {"uv": [6, 9, 6.25, 9.25], "texture": "#2"},
				"up": {"uv": [9.375, 0.5, 9.25, 0.25], "texture": "#2"},
				"down": {"uv": [0.625, 9.25, 0.5, 9.5], "texture": "#2"}
			}
		},
		{
			"from": [8, 3.25, 10.25],
			"to": [8, 7.25, 15.25],
			"rotation": {"angle": 0, "axis": "y", "origin": [6, 0, 0]},
			"faces": {
				"north": {"uv": [0, 0, 0, 1], "texture": "#2"},
				"east": {"uv": [4, 4.75, 5.25, 5.75], "texture": "#2"},
				"south": {"uv": [0, 0, 0, 1], "texture": "#2"},
				"west": {"uv": [5.25, 0, 6.5, 1], "texture": "#2"},
				"up": {"uv": [0, 1.25, 0, 0], "texture": "#2"},
				"down": {"uv": [0, 0, 0, 1.25], "texture": "#2"}
			}
		},
		{
			"from": [7, 7.5, 17],
			"to": [9, 11.5, 18],
			"rotation": {"angle": -45, "axis": "x", "origin": [8, 9.5, 16]},
			"faces": {
				"north": {"uv": [3, 0, 3.5, 1], "texture": "#2"},
				"east": {"uv": [4.75, 6.75, 5, 7.75], "texture": "#2"},
				"south": {"uv": [3, 1, 3.5, 2], "texture": "#2"},
				"west": {"uv": [4.75, 7.75, 5, 8.75], "texture": "#2"},
				"up": {"uv": [8, 8.5, 7.5, 8.25], "texture": "#2"},
				"down": {"uv": [9.25, 3, 8.75, 3.25], "texture": "#2"}
			}
		},
		{
			"from": [7.75, 10.85, 17],
			"to": [8.25, 11.35, 19],
			"rotation": {"angle": -22.5, "axis": "x", "origin": [8.75, 9.5, 16]},
			"faces": {
				"north": {"uv": [9.25, 0.75, 9.375, 0.875], "texture": "#2"},
				"east": {"uv": [9, 6, 9.5, 6.125], "texture": "#2"},
				"south": {"uv": [1, 9.25, 1.125, 9.375], "texture": "#2"},
				"west": {"uv": [6.25, 9, 6.75, 9.125], "texture": "#2"},
				"up": {"uv": [6.875, 9.5, 6.75, 9], "texture": "#2"},
				"down": {"uv": [7.125, 9, 7, 9.5], "texture": "#2"}
			}
		},
		{
			"from": [7.25, 12.5, -5.65],
			"to": [8.75, 13.25, -2.65],
			"rotation": {"angle": 0, "axis": "y", "origin": [6.75, 0, 0]},
			"faces": {
				"north": {"uv": [8.75, 6.25, 9.125, 6.5], "texture": "#2"},
				"east": {"uv": [8.5, 1.75, 9.25, 2], "texture": "#2"},
				"south": {"uv": [6.5, 8.75, 6.875, 9], "texture": "#2"},
				"west": {"uv": [3.75, 8.5, 4.5, 8.75], "texture": "#2"},
				"up": {"uv": [0.375, 7.75, 0, 7], "texture": "#2"},
				"down": {"uv": [6.125, 7, 5.75, 7.75], "texture": "#2"}
			}
		},
		{
			"from": [7.255, 12.24653, -2.8456],
			"to": [8.745, 12.98653, -1.3556],
			"rotation": {"angle": 22.5, "axis": "x", "origin": [8, 12.61653, -2.1006]},
			"faces": {
				"north": {"uv": [7, 8.75, 7.375, 9], "texture": "#2"},
				"east": {"uv": [8.75, 7.25, 9.125, 7.5], "texture": "#2"},
				"south": {"uv": [7.5, 8.75, 7.875, 9], "texture": "#2"},
				"west": {"uv": [8, 8.75, 8.375, 9], "texture": "#2"},
				"up": {"uv": [1.625, 9.125, 1.25, 8.75], "texture": "#2"},
				"down": {"uv": [2.125, 8.75, 1.75, 9.125], "texture": "#2"}
			}
		}
	],
	"display": {
		"thirdperson": {
			"rotation": [90, 0, -180],
			"translation": [0, 2.6, -1.6],
			"scale": [0.4, 0.4, 0.4]
		},
		"firstperson": {
			"rotation": [0, -50, 0],
			"translation": [-6, 5.5, 1],
			"scale": [0.6, 0.6, 0.6]
		},
		"ground": {
			"translation": [0, 2, 0],
			"scale": [1.3, 1.3, 1.3]
		},
		"gui": {
			"translation": [1, 1, 0],
			"rotation": [40, 225, 0],
			"scale": [0.8, 0.8, 0.8]
		}
	},
	"groups": [
		{
			"name": "group",
			"origin": [0, 0, 0],
			"color": 0,
			"children": [0, 1]
		},
		2,
		3,
		{
			"name": "group",
			"origin": [0, 0, 0],
			"color": 0,
			"children": [4, 5]
		},
		{
			"name": "group",
			"origin": [7.25, 12.52708, 11.49516],
			"color": 0,
			"children": [6, 7, 8, 9, 10, 11]
		},
		{
			"name": "group",
			"origin": [8, 7.575, 18.675],
			"color": 0,
			"children": [12, 13, 14, 15, 16, 17, 18]
		},
		{
			"name": "group",
			"origin": [1, 8.97093, 8.35728],
			"color": 0,
			"children": [19, 20, 21]
		},
		22,
		{
			"name": "group",
			"origin": [0, 0, 0],
			"color": 0,
			"children": [23, 24, 25]
		},
		{
			"name": "group",
			"origin": [1, 9.5, 16],
			"color": 0,
			"children": [26, 27, 28]
		},
		{
			"name": "group",
			"origin": [1, 12.32952, -1.40769],
			"color": 0,
			"children": [29, 30]
		}
	]
}