{
	"credit": "Made with Blockbench",
	"texture_size": [64, 64],
	"textures": {
		"2": "weapons/mp5",
		"particle": "weapons/mp5"
	},
	"elements": [
		{
			"from": [6.75, 7.5, -3.5],
			"to": [9.25, 10, 6],
			"rotation": {"angle": 0, "axis": "y", "origin": [7, 0, 0]},
			"faces": {
				"north": {"uv": [7.75, 0.5, 8.375, 1.125], "texture": "#2"},
				"east": {"uv": [1, 1, 3.375, 1.625], "texture": "#2"},
				"south": {"uv": [7.75, 5.5, 8.375, 6.125], "texture": "#2"},
				"west": {"uv": [1, 1.75, 3.375, 2.375], "texture": "#2"},
				"up": {"uv": [1.625, 4.875, 1, 2.5], "texture": "#2"},
				"down": {"uv": [2.375, 2.5, 1.75, 4.875], "texture": "#2"}
			}
		},
		{
			"from": [6.75, 7, -1.5],
			"to": [9.25, 7.5, 6],
			"rotation": {"angle": 0, "axis": "y", "origin": [7, 0, 0]},
			"faces": {
				"north": {"uv": [9.5, 2.5, 10.125, 2.625], "texture": "#2"},
				"east": {"uv": [4.75, 1.5, 6.625, 1.625], "texture": "#2"},
				"south": {"uv": [2.75, 9.5, 3.375, 9.625], "texture": "#2"},
				"west": {"uv": [8.5, 8.25, 10.375, 8.375], "texture": "#2"},
				"up": {"uv": [5.375, 5.375, 4.75, 3.5], "texture": "#2"},
				"down": {"uv": [1.625, 5, 1, 6.875], "texture": "#2"}
			}
		},
		{
			"from": [6.75, 6.5, 2.5],
			"to": [9.25, 7, 6],
			"rotation": {"angle": 0, "axis": "y", "origin": [7, 0, 0]},
			"faces": {
				"north": {"uv": [3.5, 9.5, 4.125, 9.625], "texture": "#2"},
				"east": {"uv": [9.25, 4, 10.125, 4.125], "texture": "#2"},
				"south": {"uv": [4.25, 9.5, 4.875, 9.625], "texture": "#2"},
				"west": {"uv": [9.25, 4.25, 10.125, 4.375], "texture": "#2"},
				"up": {"uv": [1.625, 7.875, 1, 7], "texture": "#2"},
				"down": {"uv": [2.875, 7, 2.25, 7.875], "texture": "#2"}
			}
		},
		{
			"from": [7.25, 8, -4.5],
			"to": [8.75, 9.5, -2.5],
			"rotation": {"angle": 0, "axis": "y", "origin": [6.75, 0, 0]},
			"faces": {
				"north": {"uv": [6, 9, 6.375, 9.375], "texture": "#2"},
				"east": {"uv": [5.5, 8.75, 6, 9.125], "texture": "#2"},
				"south": {"uv": [9, 6.25, 9.375, 6.625], "texture": "#2"},
				"west": {"uv": [8.75, 8.5, 9.25, 8.875], "texture": "#2"},
				"up": {"uv": [0.375, 9.5, 0, 9], "texture": "#2"},
				"down": {"uv": [0.875, 9, 0.5, 9.5], "texture": "#2"}
			}
		},
		{
			"from": [7.5, 8.25, -6.5],
			"to": [8.5, 9.25, -4.5],
			"rotation": {"angle": 0, "axis": "y", "origin": [6.5, 0, 0]},
			"faces": {
				"north": {"uv": [2.25, 6.75, 2.5, 7], "texture": "#2"},
				"east": {"uv": [8, 5.25, 8.5, 5.5], "texture": "#2"},
				"south": {"uv": [7, 4, 7.25, 4.25], "texture": "#2"},
				"west": {"uv": [1, 9.25, 1.5, 9.5], "texture": "#2"},
				"up": {"uv": [5.75, 5.5, 5.5, 5], "texture": "#2"},
				"down": {"uv": [7, 3, 6.75, 3.5], "texture": "#2"}
			}
		},
		{
			"from": [7.25, 7.9, 8.25],
			"to": [8.75, 9.4, 21.5],
			"rotation": {"angle": 0, "axis": "y", "origin": [7.25, 0, 0]},
			"faces": {
				"north": {"uv": [6.5, 9, 6.875, 9.375], "texture": "#2"},
				"east": {"uv": [2.5, 2.5, 5.875, 2.875], "texture": "#2"},
				"south": {"uv": [9, 6.75, 9.375, 7.125], "texture": "#2"},
				"west": {"uv": [2.5, 3, 5.875, 3.375], "texture": "#2"},
				"up": {"uv": [2.875, 6.875, 2.5, 3.5], "texture": "#2"},
				"down": {"uv": [3.375, 3.5, 3, 6.875], "texture": "#2"}
			}
		},
		{
			"from": [7, 7, 20.75],
			"to": [9, 10, 23.25],
			"rotation": {"angle": 0, "axis": "y", "origin": [6, 0, 0]},
			"faces": {
				"north": {"uv": [8, 1.25, 8.5, 2], "texture": "#2"},
				"east": {"uv": [7, 6.5, 7.625, 7.25], "texture": "#2"},
				"south": {"uv": [8, 2, 8.5, 2.75], "texture": "#2"},
				"west": {"uv": [7.25, 1.25, 7.875, 2], "texture": "#2"},
				"up": {"uv": [7.25, 8.875, 6.75, 8.25], "texture": "#2"},
				"down": {"uv": [9, 0.5, 8.5, 1.125], "texture": "#2"}
			}
		},
		{
			"from": [7.25, 2.75, 21.75],
			"to": [8.75, 7.25, 23.25],
			"rotation": {"angle": -22.5, "axis": "x", "origin": [7.5, 5.5, 22]},
			"faces": {
				"north": {"uv": [7.5, 7.25, 7.875, 8.375], "texture": "#2"},
				"east": {"uv": [0, 7.75, 0.375, 8.875], "texture": "#2"},
				"south": {"uv": [0.5, 7.75, 0.875, 8.875], "texture": "#2"},
				"west": {"uv": [4.5, 7.75, 4.875, 8.875], "texture": "#2"},
				"up": {"uv": [7.375, 9.375, 7, 9], "texture": "#2"},
				"down": {"uv": [9.375, 7.25, 9, 7.625], "texture": "#2"}
			}
		},
		{
			"from": [6.5, 5.4, 9.8],
			"to": [9.5, 7.9, 16.3],
			"rotation": {"angle": 0, "axis": "y", "origin": [7.5, 0, 0]},
			"faces": {
				"north": {"uv": [7.25, 4, 8, 4.625], "texture": "#2"},
				"east": {"uv": [4, 5.5, 5.625, 6.125], "texture": "#2"},
				"south": {"uv": [7.25, 4.75, 8, 5.375], "texture": "#2"},
				"west": {"uv": [5.5, 4.25, 7.125, 4.875], "texture": "#2"},
				"up": {"uv": [4.75, 1.625, 4, 0], "texture": "#2"},
				"down": {"uv": [4.75, 3.5, 4, 5.125], "texture": "#2"}
			}
		},
		{
			"from": [6.5, 6.65, 16.3],
			"to": [9.5, 7.9, 18.3],
			"rotation": {"angle": 0, "axis": "y", "origin": [7.5, 0, 0]},
			"faces": {
				"north": {"uv": [2.25, 8.5, 3, 8.875], "texture": "#2"},
				"east": {"uv": [9, 0.5, 9.5, 0.875], "texture": "#2"},
				"south": {"uv": [8.5, 4.25, 9.25, 4.625], "texture": "#2"},
				"west": {"uv": [9, 1, 9.5, 1.375], "texture": "#2"},
				"up": {"uv": [6.75, 3.5, 6, 3], "texture": "#2"},
				"down": {"uv": [8.75, 0, 8, 0.5], "texture": "#2"}
			}
		},
		{
			"from": [6.505, 7.0325, 16.3562],
			"to": [9.495, 8.0225, 18.3462],
			"rotation": {"angle": -45, "axis": "x", "origin": [8, 6.15194, 18.29016]},
			"faces": {
				"north": {"uv": [4, 5.25, 4.75, 5.5], "texture": "#2"},
				"east": {"uv": [1.5, 9.25, 2, 9.5], "texture": "#2"},
				"south": {"uv": [9, 1.5, 9.75, 1.75], "texture": "#2"},
				"west": {"uv": [9.25, 2.75, 9.75, 3], "texture": "#2"},
				"up": {"uv": [3, 8.5, 2.25, 8], "texture": "#2"},
				"down": {"uv": [8.75, 2.75, 8, 3.25], "texture": "#2"}
			}
		},
		{
			"from": [6.505, 6.61332, 16.49485],
			"to": [9.495, 7.10332, 18.48485],
			"rotation": {"angle": -22.5, "axis": "x", "origin": [8, 6.15194, 18.29016]},
			"faces": {
				"north": {"uv": [9.25, 4.5, 10, 4.625], "texture": "#2"},
				"east": {"uv": [9.5, 4.75, 10, 4.875], "texture": "#2"},
				"south": {"uv": [5, 9.25, 5.75, 9.375], "texture": "#2"},
				"west": {"uv": [5, 9.5, 5.5, 9.625], "texture": "#2"},
				"up": {"uv": [8.75, 3.75, 8, 3.25], "texture": "#2"},
				"down": {"uv": [8.75, 3.75, 8, 4.25], "texture": "#2"}
			}
		},
		{
			"from": [7, -0.15, 15.75],
			"to": [9, 6.35, 18.25],
			"rotation": {"angle": -22.5, "axis": "x", "origin": [8, 1, 17]},
			"faces": {
				"north": {"uv": [5.25, 6.25, 5.75, 7.875], "texture": "#2"},
				"east": {"uv": [1.75, 5, 2.375, 6.625], "texture": "#2"},
				"south": {"uv": [6.5, 6.5, 7, 8.125], "texture": "#2"},
				"west": {"uv": [5.75, 5, 6.375, 6.625], "texture": "#2"},
				"up": {"uv": [9, 1.875, 8.5, 1.25], "texture": "#2"},
				"down": {"uv": [9, 2, 8.5, 2.625], "texture": "#2"}
			}
		},
		{
			"from": [7.005, 1.88543, 14.45468],
			"to": [8.995, 5.87543, 15.94468],
			"rotation": {"angle": -45, "axis": "x", "origin": [8, 6.15194, 18.29016]},
			"faces": {
				"north": {"uv": [3, 7, 3.5, 8], "texture": "#2"},
				"east": {"uv": [3, 8, 3.375, 9], "texture": "#2"},
				"south": {"uv": [7, 3, 7.5, 4], "texture": "#2"},
				"west": {"uv": [8, 4.25, 8.375, 5.25], "texture": "#2"},
				"up": {"uv": [9.5, 2.125, 9, 1.75], "texture": "#2"},
				"down": {"uv": [2.5, 9, 2, 9.375], "texture": "#2"}
			}
		},
		{
			"from": [7, 7.9, 5.75],
			"to": [9, 9.9, 19.25],
			"rotation": {"angle": 45, "axis": "z", "origin": [8, 8.9, 12.5]},
			"faces": {
				"north": {"uv": [6.75, 1.25, 7.25, 1.75], "texture": "#2"},
				"east": {"uv": [0, 0, 3.375, 0.5], "texture": "#2"},
				"south": {"uv": [3.5, 8.5, 4, 9], "texture": "#2"},
				"west": {"uv": [0, 0.5, 3.375, 1], "texture": "#2"},
				"up": {"uv": [0.5, 4.375, 0, 1], "texture": "#2"},
				"down": {"uv": [1, 1, 0.5, 4.375], "texture": "#2"}
			}
		},
		{
			"from": [7, 6, 7],
			"to": [9, 9, 9],
			"rotation": {"angle": 0, "axis": "y", "origin": [7, 0, 0]},
			"faces": {
				"north": {"uv": [5, 8, 5.5, 8.75], "texture": "#2"},
				"east": {"uv": [8, 7, 8.5, 7.75], "texture": "#2"},
				"south": {"uv": [8, 7.75, 8.5, 8.5], "texture": "#2"},
				"west": {"uv": [6.25, 8.25, 6.75, 9], "texture": "#2"},
				"up": {"uv": [9, 5.25, 8.5, 4.75], "texture": "#2"},
				"down": {"uv": [9, 5.25, 8.5, 5.75], "texture": "#2"}
			}
		},
		{
			"from": [7.005, 5.48911, 7.59857],
			"to": [8.995, 8.97911, 9.58857],
			"rotation": {"angle": 22.5, "axis": "x", "origin": [8, 7.23411, 8.59357]},
			"faces": {
				"north": {"uv": [7.25, 5.5, 7.75, 6.375], "texture": "#2"},
				"east": {"uv": [7, 7.25, 7.5, 8.125], "texture": "#2"},
				"south": {"uv": [7.5, 2, 8, 2.875], "texture": "#2"},
				"west": {"uv": [7.5, 3, 8, 3.875], "texture": "#2"},
				"up": {"uv": [9, 6.25, 8.5, 5.75], "texture": "#2"},
				"down": {"uv": [9, 6.25, 8.5, 6.75], "texture": "#2"}
			}
		},
		{
			"from": [6.75, 5.25, 8.75],
			"to": [9.25, 7.75, 14.25],
			"rotation": {"angle": 0, "axis": "y", "origin": [7.25, 0, 0]},
			"faces": {
				"north": {"uv": [7.75, 6.25, 8.375, 6.875], "texture": "#2"},
				"east": {"uv": [6, 2.25, 7.375, 2.875], "texture": "#2"},
				"south": {"uv": [1, 8, 1.625, 8.625], "texture": "#2"},
				"west": {"uv": [6.25, 0.5, 7.625, 1.125], "texture": "#2"},
				"up": {"uv": [5.125, 7.625, 4.5, 6.25], "texture": "#2"},
				"down": {"uv": [7.125, 5, 6.5, 6.375], "texture": "#2"}
			}
		},
		{
			"from": [7.25, -4.5, 5.25],
			"to": [8.75, 5.5, 7.25],
			"rotation": {"angle": 22.5, "axis": "x", "origin": [7.75, 1, 8.75]},
			"faces": {
				"north": {"uv": [3.5, 6, 3.875, 8.5], "texture": "#2"},
				"east": {"uv": [3.5, 0, 4, 2.5], "texture": "#2"},
				"south": {"uv": [4, 6.25, 4.375, 8.75], "texture": "#2"},
				"west": {"uv": [3.5, 3.5, 4, 6], "texture": "#2"},
				"up": {"uv": [9.375, 2.75, 9, 2.25], "texture": "#2"},
				"down": {"uv": [2.875, 9, 2.5, 9.5], "texture": "#2"}
			}
		},
		{
			"from": [7, 9.25, 17.7],
			"to": [9, 11.25, 19.7],
			"rotation": {"angle": 0, "axis": "y", "origin": [7, 0, 0.2]},
			"faces": {
				"north": {"uv": [8.5, 6.75, 9, 7.25], "texture": "#2"},
				"east": {"uv": [7.25, 8.5, 7.75, 9], "texture": "#2"},
				"south": {"uv": [8.5, 7.25, 9, 7.75], "texture": "#2"},
				"west": {"uv": [7.75, 8.5, 8.25, 9], "texture": "#2"},
				"up": {"uv": [9, 8.25, 8.5, 7.75], "texture": "#2"},
				"down": {"uv": [8.75, 8.5, 8.25, 9], "texture": "#2"}
			}
		},
		{
			"from": [7.005, 8.32741, 19.54863],
			"to": [8.995, 10.31741, 21.53863],
			"rotation": {"angle": -22.5, "axis": "x", "origin": [8, 6.15194, 18.29016]},
			"faces": {
				"north": {"uv": [8.75, 0, 9.25, 0.5], "texture": "#2"},
				"east": {"uv": [1, 8.75, 1.5, 9.25], "texture": "#2"},
				"south": {"uv": [1.5, 8.75, 2, 9.25], "texture": "#2"},
				"west": {"uv": [8.75, 2.75, 9.25, 3.25], "texture": "#2"},
				"up": {"uv": [9.25, 3.75, 8.75, 3.25], "texture": "#2"},
				"down": {"uv": [9.25, 3.75, 8.75, 4.25], "texture": "#2"}
			}
		},
		{
			"from": [7.25, 9.6, 5],
			"to": [8.75, 11.1, 18],
			"rotation": {"angle": 0, "axis": "y", "origin": [7, 0, 0]},
			"faces": {
				"north": {"uv": [7.5, 9, 7.875, 9.375], "texture": "#2"},
				"east": {"uv": [4, 1.75, 7.25, 2.125], "texture": "#2"},
				"south": {"uv": [9, 7.75, 9.375, 8.125], "texture": "#2"},
				"west": {"uv": [4.75, 0, 8, 0.375], "texture": "#2"},
				"up": {"uv": [0.375, 7.75, 0, 4.5], "texture": "#2"},
				"down": {"uv": [0.875, 4.5, 0.5, 7.75], "texture": "#2"}
			}
		},
		{
			"from": [7.25, 9.85, -2.5],
			"to": [8.75, 10.85, 5],
			"rotation": {"angle": 0, "axis": "y", "origin": [7, 0, 0]},
			"faces": {
				"north": {"uv": [4, 9.25, 4.375, 9.5], "texture": "#2"},
				"east": {"uv": [4, 2.25, 5.875, 2.5], "texture": "#2"},
				"south": {"uv": [9.25, 8.5, 9.625, 8.75], "texture": "#2"},
				"west": {"uv": [4.75, 1.25, 6.625, 1.5], "texture": "#2"},
				"up": {"uv": [2.125, 8.625, 1.75, 6.75], "texture": "#2"},
				"down": {"uv": [6.125, 6.75, 5.75, 8.625], "texture": "#2"}
			}
		},
		{
			"from": [7.5, 9.45, -5],
			"to": [8.5, 10.95, -3.5],
			"rotation": {"angle": 0, "axis": "y", "origin": [6.75, 0, 0]},
			"faces": {
				"north": {"uv": [5.75, 9.25, 6, 9.625], "texture": "#2"},
				"east": {"uv": [8, 9, 8.375, 9.375], "texture": "#2"},
				"south": {"uv": [0, 9.5, 0.25, 9.875], "texture": "#2"},
				"west": {"uv": [8.5, 9, 8.875, 9.375], "texture": "#2"},
				"up": {"uv": [0.5, 9.875, 0.25, 9.5], "texture": "#2"},
				"down": {"uv": [0.75, 9.5, 0.5, 9.875], "texture": "#2"}
			}
		},
		{
			"from": [7.75, 8.2, -8.75],
			"to": [8.25, 9.7, -7.25],
			"rotation": {"angle": 22.5, "axis": "x", "origin": [6.25, 0, 0]},
			"faces": {
				"north": {"uv": [9.5, 5, 9.625, 5.375], "texture": "#2"},
				"east": {"uv": [9, 5.25, 9.375, 5.625], "texture": "#2"},
				"south": {"uv": [5.5, 9.5, 5.625, 9.875], "texture": "#2"},
				"west": {"uv": [9, 5.75, 9.375, 6.125], "texture": "#2"},
				"up": {"uv": [9.625, 5.875, 9.5, 5.5], "texture": "#2"},
				"down": {"uv": [6.125, 9.5, 6, 9.875], "texture": "#2"}
			}
		},
		{
			"from": [7.255, 9.705, -3.495],
			"to": [8.745, 10.695, -2.005],
			"rotation": {"angle": 0, "axis": "y", "origin": [8, 10.2, -2.75]},
			"faces": {
				"north": {"uv": [9.25, 8.75, 9.625, 9], "texture": "#2"},
				"east": {"uv": [9.5, 0.5, 9.875, 0.75], "texture": "#2"},
				"south": {"uv": [0.75, 9.5, 1.125, 9.75], "texture": "#2"},
				"west": {"uv": [9.5, 0.75, 9.875, 1], "texture": "#2"},
				"up": {"uv": [9.375, 9.375, 9, 9], "texture": "#2"},
				"down": {"uv": [9.625, 0, 9.25, 0.375], "texture": "#2"}
			}
		},
		{
			"from": [7.5, 6.75, 17.75],
			"to": [8.5, 8.25, 19.75],
			"rotation": {"angle": 0, "axis": "y", "origin": [7.5, 0, 0]},
			"faces": {
				"north": {"uv": [9.5, 1, 9.75, 1.375], "texture": "#2"},
				"east": {"uv": [3, 9, 3.5, 9.375], "texture": "#2"},
				"south": {"uv": [1.25, 9.5, 1.5, 9.875], "texture": "#2"},
				"west": {"uv": [3.5, 9, 4, 9.375], "texture": "#2"},
				"up": {"uv": [6.5, 7.25, 6.25, 6.75], "texture": "#2"},
				"down": {"uv": [6.5, 7.25, 6.25, 7.75], "texture": "#2"}
			}
		},
		{
			"from": [7.505, 5.54757, 19.75032],
			"to": [8.495, 7.03757, 21.74032],
			"rotation": {"angle": -45, "axis": "x", "origin": [8, 6.15194, 18.29016]},
			"faces": {
				"north": {"uv": [1.5, 9.5, 1.75, 9.875], "texture": "#2"},
				"east": {"uv": [4.5, 9, 5, 9.375], "texture": "#2"},
				"south": {"uv": [1.75, 9.5, 2, 9.875], "texture": "#2"},
				"west": {"uv": [9, 4.75, 9.5, 5.125], "texture": "#2"},
				"up": {"uv": [6.5, 8.25, 6.25, 7.75], "texture": "#2"},
				"down": {"uv": [5.75, 8, 5.5, 8.5], "texture": "#2"}
			}
		},
		{
			"from": [8, 2.5, 9.5],
			"to": [8, 5.5, 15.5],
			"rotation": {"angle": 0, "axis": "y", "origin": [6, 0, 0]},
			"faces": {
				"north": {"uv": [0, 0, 0, 0.75], "texture": "#2"},
				"east": {"uv": [4.75, 0.5, 6.25, 1.25], "texture": "#2"},
				"south": {"uv": [0, 0, 0, 0.75], "texture": "#2"},
				"west": {"uv": [5.5, 3.5, 7, 4.25], "texture": "#2"},
				"up": {"uv": [0, 1.5, 0, 0], "texture": "#2"},
				"down": {"uv": [0, 0, 0, 1.5], "texture": "#2"}
			}
		},
		{
			"from": [7, 11, 15.25],
			"to": [9, 12, 17.25],
			"rotation": {"angle": 45, "axis": "y", "origin": [8, 11.5, 16.25]},
			"faces": {
				"north": {"uv": [9.25, 3, 9.75, 3.25], "texture": "#2"},
				"east": {"uv": [9.25, 3.25, 9.75, 3.5], "texture": "#2"},
				"south": {"uv": [9.25, 3.5, 9.75, 3.75], "texture": "#2"},
				"west": {"uv": [9.25, 3.75, 9.75, 4], "texture": "#2"},
				"up": {"uv": [4.5, 9.25, 4, 8.75], "texture": "#2"},
				"down": {"uv": [5.5, 8.75, 5, 9.25], "texture": "#2"}
			}
		},
		{
			"from": [7.5, 11.5, 15.25],
			"to": [8.5, 12.5, 16.5],
			"rotation": {"angle": -22.5, "axis": "x", "origin": [8.5, 11.5, 16.25]},
			"faces": {
				"north": {"uv": [7.25, 2, 7.5, 2.25], "texture": "#2"},
				"east": {"uv": [9.5, 1.75, 9.875, 2], "texture": "#2"},
				"south": {"uv": [5, 7.75, 5.25, 8], "texture": "#2"},
				"west": {"uv": [2, 9.5, 2.375, 9.75], "texture": "#2"},
				"up": {"uv": [9.75, 2.375, 9.5, 2], "texture": "#2"},
				"down": {"uv": [2.75, 9.5, 2.5, 9.875], "texture": "#2"}
			}
		}
	],
	"display": {
		"thirdperson": {
			"rotation": [90, 0, -180],
			"translation": [0, 2.4, -2.2],
			"scale": [0.45, 0.45, 0.45]
		},
		"firstperson": {
			"rotation": [0, -55, 0],
			"translation": [-6, 6.2, 1.1],
			"scale": [0.7, 0.7, 0.7]
		},
		"ground": {
			"translation": [0, 2, 0],
			"scale": [1.5, 1.5, 1.5]
		},
		"gui": {
			"rotation": [40, 225, 0],
			"translation": [0, 1, 0],
			"scale": [1, 0.9, 1]
		}
	}
}