{
	"credit": "Made with Blockbench",
	"texture_size": [64, 64],
	"textures": {
		"0": "weapons/m4a4",
		"particle": "weapons/m4a4"
	},
	"elements": [
		{
			"from": [7.25, 11, -15.75],
			"to": [8.75, 12.5, -12.75],
			"rotation": {"angle": 0, "axis": "y", "origin": [6.75, 0, -1.25]},
			"faces": {
				"north": {"uv": [9.75, 4.75, 10.125, 5.125], "texture": "#0"},
				"east": {"uv": [8.75, 8.25, 9.5, 8.625], "texture": "#0"},
				"south": {"uv": [9.75, 5.25, 10.125, 5.625], "texture": "#0"},
				"west": {"uv": [8.75, 8.75, 9.5, 9.125], "texture": "#0"},
				"up": {"uv": [0.875, 9.75, 0.5, 9], "texture": "#0"},
				"down": {"uv": [1.375, 9, 1, 9.75], "texture": "#0"}
			}
		},
		{
			"from": [7.5, 11.25, -12.75],
			"to": [8.5, 12.25, -6.5],
			"rotation": {"angle": 0, "axis": "y", "origin": [6.5, 0, -1.25]},
			"faces": {
				"north": {"uv": [5.5, 2.5, 5.75, 2.75], "texture": "#0"},
				"east": {"uv": [7.5, 6, 9.125, 6.25], "texture": "#0"},
				"south": {"uv": [5.75, 6, 6, 6.25], "texture": "#0"},
				"west": {"uv": [7.75, 1.5, 9.375, 1.75], "texture": "#0"},
				"up": {"uv": [3.25, 9.375, 3, 7.75], "texture": "#0"},
				"down": {"uv": [5.5, 7.75, 5.25, 9.375], "texture": "#0"}
			}
		},
		{
			"from": [6.25, 9.85, -8.5],
			"to": [9.75, 13.35, 3.5],
			"rotation": {"angle": 45, "axis": "z", "origin": [8, 11.6, 1]},
			"faces": {
				"north": {"uv": [6.75, 0, 7.625, 0.875], "texture": "#0"},
				"east": {"uv": [0, 0, 3, 0.875], "texture": "#0"},
				"south": {"uv": [2.25, 6.75, 3.125, 7.625], "texture": "#0"},
				"west": {"uv": [0, 1, 3, 1.875], "texture": "#0"},
				"up": {"uv": [0.875, 5, 0, 2], "texture": "#0"},
				"down": {"uv": [1.875, 2, 1, 5], "texture": "#0"}
			}
		},
		{
			"from": [6.5, 10.1, 3.25],
			"to": [9.5, 13.1, 4.75],
			"rotation": {"angle": 45, "axis": "z", "origin": [8, 11.6, 1]},
			"faces": {
				"north": {"uv": [4.75, 7, 5.5, 7.75], "texture": "#0"},
				"east": {"uv": [1.5, 9, 1.875, 9.75], "texture": "#0"},
				"south": {"uv": [7, 4.75, 7.75, 5.5], "texture": "#0"},
				"west": {"uv": [9, 1.75, 9.375, 2.5], "texture": "#0"},
				"up": {"uv": [9.75, 3.375, 9, 3], "texture": "#0"},
				"down": {"uv": [9.75, 3.5, 9, 3.875], "texture": "#0"}
			}
		},
		{
			"from": [7, 7.5, 5],
			"to": [9, 11.25, 9.25],
			"rotation": {"angle": 0, "axis": "y", "origin": [6.5, 0, 0]},
			"faces": {
				"north": {"uv": [1, 7.5, 1.5, 8.5], "texture": "#0"},
				"east": {"uv": [4.75, 5, 5.875, 6], "texture": "#0"},
				"south": {"uv": [5.75, 7.5, 6.25, 8.5], "texture": "#0"},
				"west": {"uv": [5.5, 0, 6.625, 1], "texture": "#0"},
				"up": {"uv": [1, 8.125, 0.5, 7], "texture": "#0"},
				"down": {"uv": [2, 7.25, 1.5, 8.375], "texture": "#0"}
			}
		},
		{
			"from": [7.005, 6.6918, 5.16676],
			"to": [8.995, 8.30821, 9.08325],
			"rotation": {"angle": 22.5, "axis": "x", "origin": [8, 7.5, 7.125]},
			"faces": {
				"north": {"uv": [6.75, 9.5, 7.25, 9.875], "texture": "#0"},
				"east": {"uv": [7.75, 6.25, 8.75, 6.625], "texture": "#0"},
				"south": {"uv": [7.25, 9.5, 7.75, 9.875], "texture": "#0"},
				"west": {"uv": [7.75, 6.75, 8.75, 7.125], "texture": "#0"},
				"up": {"uv": [6.75, 8.5, 6.25, 7.5], "texture": "#0"},
				"down": {"uv": [7.25, 7.5, 6.75, 8.5], "texture": "#0"}
			}
		},
		{
			"from": [7, 6.5, 12.15],
			"to": [9, 8.5, 14.65],
			"rotation": {"angle": 0, "axis": "y", "origin": [7, 0, 0]},
			"faces": {
				"north": {"uv": [3, 1.5, 3.5, 2], "texture": "#0"},
				"east": {"uv": [8.5, 4, 9.125, 4.5], "texture": "#0"},
				"south": {"uv": [9.25, 0, 9.75, 0.5], "texture": "#0"},
				"west": {"uv": [8.5, 5.5, 9.125, 6], "texture": "#0"},
				"up": {"uv": [4.25, 9.375, 3.75, 8.75], "texture": "#0"},
				"down": {"uv": [9.25, 4.75, 8.75, 5.375], "texture": "#0"}
			}
		},
		{
			"from": [6.995, 2.17814, 13.05204],
			"to": [9.005, 8.18814, 15.81204],
			"rotation": {"angle": -22.5, "axis": "x", "origin": [8, 5.43314, 14.43204]},
			"faces": {
				"north": {"uv": [3, 0, 3.5, 1.5], "texture": "#0"},
				"east": {"uv": [5.5, 1, 6.25, 2.5], "texture": "#0"},
				"south": {"uv": [1, 6, 1.5, 7.5], "texture": "#0"},
				"west": {"uv": [1.5, 5.75, 2.25, 7.25], "texture": "#0"},
				"up": {"uv": [2, 5.75, 1.5, 5], "texture": "#0"},
				"down": {"uv": [8.25, 4.75, 7.75, 5.5], "texture": "#0"}
			}
		},
		{
			"from": [7, 1.90281, 14.40772],
			"to": [8.99, 2.94519, 16.93839],
			"rotation": {"angle": 0, "axis": "y", "origin": [7.995, 2.424, 15.67306]},
			"faces": {
				"north": {"uv": [9.75, 4.25, 10.25, 4.5], "texture": "#0"},
				"east": {"uv": [3, 9.75, 3.625, 10], "texture": "#0"},
				"south": {"uv": [9.25, 9.75, 9.75, 10], "texture": "#0"},
				"west": {"uv": [9.75, 3, 10.375, 3.25], "texture": "#0"},
				"up": {"uv": [9.25, 6.875, 8.75, 6.25], "texture": "#0"},
				"down": {"uv": [9.25, 7, 8.75, 7.625], "texture": "#0"}
			}
		},
		{
			"from": [7.255, 0.81585, 4.51275],
			"to": [8.745, 4.80585, 8.00275],
			"rotation": {"angle": 22.5, "axis": "x", "origin": [8, 2.81085, 6.25775]},
			"faces": {
				"north": {"uv": [7.25, 7.75, 7.625, 8.75], "texture": "#0"},
				"east": {"uv": [2.25, 5.75, 3.125, 6.75], "texture": "#0"},
				"south": {"uv": [7.75, 7.25, 8.125, 8.25], "texture": "#0"},
				"west": {"uv": [0, 6, 0.875, 7], "texture": "#0"},
				"up": {"uv": [8.875, 3.875, 8.5, 3], "texture": "#0"},
				"down": {"uv": [4.875, 8.5, 4.5, 9.375], "texture": "#0"}
			}
		},
		{
			"from": [7.25, 3.98891, 5.13991],
			"to": [8.75, 7.98891, 8.63991],
			"rotation": {"angle": 0, "axis": "y", "origin": [8, 3.73891, 6.18991]},
			"faces": {
				"north": {"uv": [8, 2.5, 8.375, 3.5], "texture": "#0"},
				"east": {"uv": [6, 4.5, 6.875, 5.5], "texture": "#0"},
				"south": {"uv": [8.25, 0, 8.625, 1], "texture": "#0"},
				"west": {"uv": [4.75, 6, 5.625, 7], "texture": "#0"},
				"up": {"uv": [6.125, 9.375, 5.75, 8.5], "texture": "#0"},
				"down": {"uv": [6.625, 8.5, 6.25, 9.375], "texture": "#0"}
			}
		},
		{
			"from": [7.25, 8.5, 9],
			"to": [8.75, 11, 14.5],
			"rotation": {"angle": 0, "axis": "y", "origin": [7, 0, 0]},
			"faces": {
				"north": {"uv": [9.5, 2, 9.875, 2.625], "texture": "#0"},
				"east": {"uv": [6, 5.5, 7.375, 6.125], "texture": "#0"},
				"south": {"uv": [2.5, 9.5, 2.875, 10.125], "texture": "#0"},
				"west": {"uv": [6.25, 1, 7.625, 1.625], "texture": "#0"},
				"up": {"uv": [4.375, 8.625, 4, 7.25], "texture": "#0"},
				"down": {"uv": [7.625, 6.25, 7.25, 7.625], "texture": "#0"}
			}
		},
		{
			"from": [7.25, 9.5, 15.25],
			"to": [8.75, 12.5, 16],
			"rotation": {"angle": 0, "axis": "y", "origin": [7, 0, 0]},
			"faces": {
				"north": {"uv": [3.25, 9, 3.625, 9.75], "texture": "#0"},
				"east": {"uv": [3.25, 5.75, 3.5, 6.5], "texture": "#0"},
				"south": {"uv": [7.75, 9, 8.125, 9.75], "texture": "#0"},
				"west": {"uv": [3.25, 6.5, 3.5, 7.25], "texture": "#0"},
				"up": {"uv": [10.375, 2.25, 10, 2], "texture": "#0"},
				"down": {"uv": [10.375, 2.25, 10, 2.5], "texture": "#0"}
			}
		},
		{
			"from": [7.255, 9.0391, 14.3277],
			"to": [8.745, 11.0291, 15.8177],
			"rotation": {"angle": -22.5, "axis": "x", "origin": [8, 9.71273, 14.74023]},
			"faces": {
				"north": {"uv": [9.5, 7.75, 9.875, 8.25], "texture": "#0"},
				"east": {"uv": [8.25, 9.5, 8.625, 10], "texture": "#0"},
				"south": {"uv": [9.5, 8.25, 9.875, 8.75], "texture": "#0"},
				"west": {"uv": [9.5, 8.75, 9.875, 9.25], "texture": "#0"},
				"up": {"uv": [10.125, 6.125, 9.75, 5.75], "texture": "#0"},
				"down": {"uv": [10.125, 6.25, 9.75, 6.625], "texture": "#0"}
			}
		},
		{
			"from": [7.258, 8.50838, 14.49038],
			"to": [8.742, 9.99238, 14.97438],
			"rotation": {"angle": 22.5, "axis": "x", "origin": [8, 9.71273, 14.74023]},
			"faces": {
				"north": {"uv": [9.75, 6.75, 10.125, 7.125], "texture": "#0"},
				"east": {"uv": [4.5, 7.25, 4.625, 7.625], "texture": "#0"},
				"south": {"uv": [9.75, 7.25, 10.125, 7.625], "texture": "#0"},
				"west": {"uv": [3.75, 8.25, 3.875, 8.625], "texture": "#0"},
				"up": {"uv": [10.375, 2.625, 10, 2.5], "texture": "#0"},
				"down": {"uv": [3.375, 10, 3, 10.125], "texture": "#0"}
			}
		},
		{
			"from": [7, 12.25, 4.75],
			"to": [9, 13.25, 15.75],
			"rotation": {"angle": 0, "axis": "y", "origin": [7, 0, 0]},
			"faces": {
				"north": {"uv": [9.75, 9.25, 10.25, 9.5], "texture": "#0"},
				"east": {"uv": [6.25, 1.75, 9, 2], "texture": "#0"},
				"south": {"uv": [9.75, 9.5, 10.25, 9.75], "texture": "#0"},
				"west": {"uv": [6.25, 2, 9, 2.25], "texture": "#0"},
				"up": {"uv": [4, 7.25, 3.5, 4.5], "texture": "#0"},
				"down": {"uv": [5.5, 0, 5, 2.75], "texture": "#0"}
			}
		},
		{
			"from": [6.75, 11, 4.5],
			"to": [9.25, 12.5, 15.5],
			"rotation": {"angle": 0, "axis": "y", "origin": [7, 0, 0]},
			"faces": {
				"north": {"uv": [3.75, 9.5, 4.375, 9.875], "texture": "#0"},
				"east": {"uv": [5.75, 3.5, 8.5, 3.875], "texture": "#0"},
				"south": {"uv": [4.5, 9.5, 5.125, 9.875], "texture": "#0"},
				"west": {"uv": [5.75, 4, 8.5, 4.375], "texture": "#0"},
				"up": {"uv": [2.625, 4.75, 2, 2], "texture": "#0"},
				"down": {"uv": [3.375, 2, 2.75, 4.75], "texture": "#0"}
			}
		},
		{
			"from": [6.5, 4.2, 29.75],
			"to": [9.5, 12.7, 30.75],
			"rotation": {"angle": 0, "axis": "y", "origin": [6.5, 0, 0]},
			"faces": {
				"north": {"uv": [3.5, 0, 4.25, 2.125], "texture": "#0"},
				"east": {"uv": [5.5, 7, 5.75, 9.125], "texture": "#0"},
				"south": {"uv": [3.5, 2.25, 4.25, 4.375], "texture": "#0"},
				"west": {"uv": [2, 7.25, 2.25, 9.375], "texture": "#0"},
				"up": {"uv": [10.25, 3, 9.5, 2.75], "texture": "#0"},
				"down": {"uv": [10.25, 4.5, 9.5, 4.75], "texture": "#0"}
			}
		},
		{
			"from": [6.75, 9.5, 21.35],
			"to": [9.25, 11.5, 29.85],
			"rotation": {"angle": 0, "axis": "y", "origin": [7, 0, 0]},
			"faces": {
				"north": {"uv": [8.75, 1, 9.375, 1.5], "texture": "#0"},
				"east": {"uv": [5.75, 2.5, 7.875, 3], "texture": "#0"},
				"south": {"uv": [8.75, 7.75, 9.375, 8.25], "texture": "#0"},
				"west": {"uv": [5.75, 3, 7.875, 3.5], "texture": "#0"},
				"up": {"uv": [5.625, 4.875, 5, 2.75], "texture": "#0"},
				"down": {"uv": [4.625, 5, 4, 7.125], "texture": "#0"}
			}
		},
		{
			"from": [6.755, 9.55417, 19.97727],
			"to": [9.245, 12.79417, 21.46727],
			"rotation": {"angle": -45, "axis": "x", "origin": [8, 11.17417, 20.72227]},
			"faces": {
				"north": {"uv": [3.25, 7.25, 3.875, 8.125], "texture": "#0"},
				"east": {"uv": [6.75, 8.5, 7.125, 9.375], "texture": "#0"},
				"south": {"uv": [0, 0, 0, 0], "texture": "#0"},
				"west": {"uv": [8.75, 0, 9.125, 0.875], "texture": "#0"},
				"up": {"uv": [5.875, 9.875, 5.25, 9.5], "texture": "#0"},
				"down": {"uv": [6.625, 9.5, 6, 9.875], "texture": "#0"}
			}
		},
		{
			"from": [6.75, 11.5, 19.75],
			"to": [9.25, 12.5, 29.75],
			"rotation": {"angle": 0, "axis": "y", "origin": [7, 0, 0]},
			"faces": {
				"north": {"uv": [9.75, 3.25, 10.375, 3.5], "texture": "#0"},
				"east": {"uv": [6.25, 2.25, 8.75, 2.5], "texture": "#0"},
				"south": {"uv": [9.75, 3.5, 10.375, 3.75], "texture": "#0"},
				"west": {"uv": [7, 4.5, 9.5, 4.75], "texture": "#0"},
				"up": {"uv": [4.875, 2.5, 4.25, 0], "texture": "#0"},
				"down": {"uv": [4.875, 2.5, 4.25, 5], "texture": "#0"}
			}
		},
		{
			"from": [7.125, 8.5, 21.75],
			"to": [8.875, 9.5, 24.25],
			"rotation": {"angle": 0, "axis": "y", "origin": [6.875, 0, 0.25]},
			"faces": {
				"north": {"uv": [9.75, 9.75, 10.25, 10], "texture": "#0"},
				"east": {"uv": [9.75, 3.75, 10.375, 4], "texture": "#0"},
				"south": {"uv": [0, 10, 0.5, 10.25], "texture": "#0"},
				"west": {"uv": [9.75, 4, 10.375, 4.25], "texture": "#0"},
				"up": {"uv": [7.75, 9.375, 7.25, 8.75], "texture": "#0"},
				"down": {"uv": [8.75, 8.75, 8.25, 9.375], "texture": "#0"}
			}
		},
		{
			"from": [7, 8.58292, 23.15114],
			"to": [9, 9.58292, 26.15114],
			"rotation": {"angle": 45, "axis": "x", "origin": [7.75, 9.08292, 24.15114]},
			"faces": {
				"north": {"uv": [0.5, 10, 1, 10.25], "texture": "#0"},
				"east": {"uv": [9.75, 0, 10.5, 0.25], "texture": "#0"},
				"south": {"uv": [1, 10, 1.5, 10.25], "texture": "#0"},
				"west": {"uv": [9.75, 0.25, 10.5, 0.5], "texture": "#0"},
				"up": {"uv": [1, 9, 0.5, 8.25], "texture": "#0"},
				"down": {"uv": [3.75, 8.25, 3.25, 9], "texture": "#0"}
			}
		},
		{
			"from": [7, 5, 27.5],
			"to": [9, 6, 30.5],
			"rotation": {"angle": 45, "axis": "x", "origin": [8, 5.5, 29.25]},
			"faces": {
				"north": {"uv": [10, 1, 10.5, 1.25], "texture": "#0"},
				"east": {"uv": [0.5, 9.75, 1.25, 10], "texture": "#0"},
				"south": {"uv": [10, 1.25, 10.5, 1.5], "texture": "#0"},
				"west": {"uv": [9.75, 0.5, 10.5, 0.75], "texture": "#0"},
				"up": {"uv": [8.75, 5.5, 8.25, 4.75], "texture": "#0"},
				"down": {"uv": [8.75, 7.25, 8.25, 8], "texture": "#0"}
			}
		},
		{
			"from": [7, 6.6074, 25.26993],
			"to": [9, 7.6074, 28.26993],
			"rotation": {"angle": 22.5, "axis": "x", "origin": [8, 7.1074, 27.01993]},
			"faces": {
				"north": {"uv": [1.5, 10, 2, 10.25], "texture": "#0"},
				"east": {"uv": [9.75, 0.75, 10.5, 1], "texture": "#0"},
				"south": {"uv": [10, 1.5, 10.5, 1.75], "texture": "#0"},
				"west": {"uv": [1.25, 9.75, 2, 10], "texture": "#0"},
				"up": {"uv": [8.25, 9, 7.75, 8.25], "texture": "#0"},
				"down": {"uv": [8.75, 8, 8.25, 8.75], "texture": "#0"}
			}
		},
		{
			"from": [7.005, 5.6124, 24.27493],
			"to": [8.995, 9.6024, 30.26493],
			"rotation": {"angle": 0, "axis": "y", "origin": [8, 7.6074, 27.26993]},
			"faces": {
				"north": {"uv": [0, 0, 0, 0], "texture": "#0"},
				"east": {"uv": [2, 4.75, 3.5, 5.75], "texture": "#0"},
				"south": {"uv": [7.75, 0, 8.25, 1], "texture": "#0"},
				"west": {"uv": [0, 5, 1.5, 6], "texture": "#0"},
				"up": {"uv": [0.5, 8.5, 0, 7], "texture": "#0"},
				"down": {"uv": [0, 0, 0, 0], "texture": "#0"}
			}
		},
		{
			"from": [7, 10.5, 15.5],
			"to": [9, 12.5, 16.5],
			"rotation": {"angle": 45, "axis": "z", "origin": [8, 11.5, 16]},
			"faces": {
				"north": {"uv": [9.25, 0.5, 9.75, 1], "texture": "#0"},
				"east": {"uv": [4, 4.5, 4.25, 5], "texture": "#0"},
				"south": {"uv": [9.25, 4, 9.75, 4.5], "texture": "#0"},
				"west": {"uv": [5.75, 4.5, 6, 5], "texture": "#0"},
				"up": {"uv": [10.5, 2, 10, 1.75], "texture": "#0"},
				"down": {"uv": [2.5, 10, 2, 10.25], "texture": "#0"}
			}
		},
		{
			"from": [7.25, 10.75, 16.5],
			"to": [8.75, 12.25, 20.5],
			"rotation": {"angle": 45, "axis": "z", "origin": [8, 11.5, 18.5]},
			"faces": {
				"north": {"uv": [7.75, 9.75, 8.125, 10.125], "texture": "#0"},
				"east": {"uv": [1, 8.5, 2, 8.875], "texture": "#0"},
				"south": {"uv": [8.75, 9.75, 9.125, 10.125], "texture": "#0"},
				"west": {"uv": [8.5, 2.5, 9.5, 2.875], "texture": "#0"},
				"up": {"uv": [0.375, 9.5, 0, 8.5], "texture": "#0"},
				"down": {"uv": [2.625, 8.5, 2.25, 9.5], "texture": "#0"}
			}
		},
		{
			"from": [7.005, 9.62232, 19.83112],
			"to": [8.995, 11.61232, 21.82112],
			"rotation": {"angle": -22.5, "axis": "x", "origin": [8, 10.61732, 20.82612]},
			"faces": {
				"north": {"uv": [9.25, 4.75, 9.75, 5.25], "texture": "#0"},
				"east": {"uv": [9.25, 5.25, 9.75, 5.75], "texture": "#0"},
				"south": {"uv": [9.25, 5.75, 9.75, 6.25], "texture": "#0"},
				"west": {"uv": [9.25, 6.25, 9.75, 6.75], "texture": "#0"},
				"up": {"uv": [9.75, 7.25, 9.25, 6.75], "texture": "#0"},
				"down": {"uv": [9.75, 7.25, 9.25, 7.75], "texture": "#0"}
			}
		},
		{
			"from": [7, 9.25, 20],
			"to": [9, 11.25, 22],
			"rotation": {"angle": -45, "axis": "x", "origin": [8, 11, 21.75]},
			"faces": {
				"north": {"uv": [8.75, 9.25, 9.25, 9.75], "texture": "#0"},
				"east": {"uv": [9.25, 9.25, 9.75, 9.75], "texture": "#0"},
				"south": {"uv": [0, 9.5, 0.5, 10], "texture": "#0"},
				"west": {"uv": [9.5, 1, 10, 1.5], "texture": "#0"},
				"up": {"uv": [10, 2, 9.5, 1.5], "texture": "#0"},
				"down": {"uv": [2.5, 9.5, 2, 10], "texture": "#0"}
			}
		},
		{
			"from": [8, 6.5, 8.5],
			"to": [8, 8.5, 12.5],
			"rotation": {"angle": 0, "axis": "y", "origin": [6, 0, 0]},
			"faces": {
				"north": {"uv": [0, 0, 0, 0.5], "texture": "#0"},
				"east": {"uv": [7.5, 5.5, 8.5, 6], "texture": "#0"},
				"south": {"uv": [0, 0, 0, 0.5], "texture": "#0"},
				"west": {"uv": [7.75, 1, 8.75, 1.5], "texture": "#0"},
				"up": {"uv": [0, 1, 0, 0], "texture": "#0"},
				"down": {"uv": [0, 0, 0, 1], "texture": "#0"}
			}
		},
		{
			"from": [8, 11, -11.75],
			"to": [8, 15.5, -8.75],
			"rotation": {"angle": 0, "axis": "y", "origin": [6, 0, -1.5]},
			"faces": {
				"north": {"uv": [0, 0, 0, 1.125], "texture": "#0"},
				"east": {"uv": [5.75, 6.25, 6.5, 7.375], "texture": "#0"},
				"south": {"uv": [0, 0, 0, 1.125], "texture": "#0"},
				"west": {"uv": [6.5, 6.25, 7.25, 7.375], "texture": "#0"},
				"up": {"uv": [0, 0.75, 0, 0], "texture": "#0"},
				"down": {"uv": [0, 0, 0, 0.75], "texture": "#0"}
			}
		},
		{
			"from": [8, 12.75, 11.25],
			"to": [8, 15.25, 14.25],
			"rotation": {"angle": 0, "axis": "y", "origin": [6, 0, 0]},
			"faces": {
				"north": {"uv": [0, 0, 0, 0.625], "texture": "#0"},
				"east": {"uv": [2.25, 7.75, 3, 8.375], "texture": "#0"},
				"south": {"uv": [0, 0, 0, 0.625], "texture": "#0"},
				"west": {"uv": [4.5, 7.75, 5.25, 8.375], "texture": "#0"},
				"up": {"uv": [0, 0.75, 0, 0], "texture": "#0"},
				"down": {"uv": [0, 0, 0, 0.75], "texture": "#0"}
			}
		}
	],
	"display": {
		"thirdperson": {
			"rotation": [90, 0, -180],
			"translation": [0, 2.3, -1.4],
			"scale": [0.5, 0.5, 0.5]
		},
		"firstperson": {
			"rotation": [0, -55, 0],
			"translation": [-6, 5.2, 1],
			"scale": [0.65, 0.85, 0.65]
		},
		"ground": {
			"translation": [0, 2, 0],
			"scale": [1.5, 1.5, 1.5]
		},
		"gui": {
			"rotation": [40, 225, 0],
			"scale": [0.7, 0.85, 0.7]
		}
	}
}