{
	"credit": "Made with Blockbench",
	"texture_size": [64, 64],
	"textures": {
		"0": "swords/hatchet",
		"particle": "swords/hatchet"
	},
	"elements": [
		{
			"from": [7, -3.25, 9],
			"to": [9, 20.75, 11],
			"rotation": {"angle": 0, "axis": "y", "origin": [7, -0.25, 9]},
			"faces": {
				"north": {"uv": [0, 0, 0.5, 6], "texture": "#0"},
				"east": {"uv": [0.5, 0, 1, 6], "texture": "#0"},
				"south": {"uv": [1, 0, 1.5, 6], "texture": "#0"},
				"west": {"uv": [1.5, 0, 2, 6], "texture": "#0"},
				"up": {"uv": [6.5, 1.5, 6, 1], "texture": "#0"},
				"down": {"uv": [2, 6, 1.5, 6.5], "texture": "#0"}
			}
		},
		{
			"from": [7.25, 1.75, 8.5],
			"to": [8.75, 20.75, 9],
			"rotation": {"angle": 0, "axis": "y", "origin": [7, -0.25, 8.5]},
			"faces": {
				"north": {"uv": [2, 0, 2.375, 4.75], "texture": "#0"},
				"east": {"uv": [5, 4.5, 5.125, 9.25], "texture": "#0"},
				"south": {"uv": [2.5, 0, 2.875, 4.75], "texture": "#0"},
				"west": {"uv": [4.5, 5.25, 4.625, 10], "texture": "#0"},
				"up": {"uv": [6.375, 2.875, 6, 2.75], "texture": "#0"},
				"down": {"uv": [6.375, 5.5, 6, 5.625], "texture": "#0"}
			}
		},
		{
			"from": [7.25, 7.75, 8],
			"to": [8.75, 15.75, 8.5],
			"rotation": {"angle": 0, "axis": "y", "origin": [6.5, -0.25, 8]},
			"faces": {
				"north": {"uv": [4.5, 3.25, 4.875, 5.25], "texture": "#0"},
				"east": {"uv": [4.75, 5.25, 4.875, 7.25], "texture": "#0"},
				"south": {"uv": [2, 4.75, 2.375, 6.75], "texture": "#0"},
				"west": {"uv": [2.5, 6, 2.625, 8], "texture": "#0"},
				"up": {"uv": [6.125, 6.125, 5.75, 6], "texture": "#0"},
				"down": {"uv": [6.375, 5.75, 6, 5.875], "texture": "#0"}
			}
		},
		{
			"from": [6.75, -6.70179, 6.12346],
			"to": [9.25, -1.70179, 8.62346],
			"rotation": {"angle": 22.5, "axis": "x", "origin": [6.75, -8.70179, 6.37346]},
			"faces": {
				"north": {"uv": [3.75, 2.25, 4.375, 3.5], "texture": "#0"},
				"east": {"uv": [3.75, 4.25, 4.375, 5.5], "texture": "#0"},
				"south": {"uv": [4.5, 0.75, 5.125, 2], "texture": "#0"},
				"west": {"uv": [4.5, 2, 5.125, 3.25], "texture": "#0"},
				"up": {"uv": [6.125, 4.375, 5.5, 3.75], "texture": "#0"},
				"down": {"uv": [3.625, 5.75, 3, 6.375], "texture": "#0"}
			}
		},
		{
			"from": [6.5, 16.5, 8.25],
			"to": [9.5, 19.5, 11.25],
			"rotation": {"angle": 45, "axis": "x", "origin": [8.5, 18, 9.75]},
			"faces": {
				"north": {"uv": [5.25, 0, 6, 0.75], "texture": "#0"},
				"east": {"uv": [5.25, 0.75, 6, 1.5], "texture": "#0"},
				"south": {"uv": [5.25, 1.5, 6, 2.25], "texture": "#0"},
				"west": {"uv": [5.25, 2.25, 6, 3], "texture": "#0"},
				"up": {"uv": [6, 5.25, 5.25, 4.5], "texture": "#0"},
				"down": {"uv": [6, 5.25, 5.25, 6], "texture": "#0"}
			}
		},
		{
			"from": [6.75, 16.5, 6.75],
			"to": [9.25, 19.5, 12.25],
			"rotation": {"angle": 0, "axis": "y", "origin": [8, 18, 10.75]},
			"faces": {
				"north": {"uv": [5.5, 3, 6.125, 3.75], "texture": "#0"},
				"east": {"uv": [3, 3.5, 4.375, 4.25], "texture": "#0"},
				"south": {"uv": [3.75, 5.5, 4.375, 6.25], "texture": "#0"},
				"west": {"uv": [3.75, 0, 5.125, 0.75], "texture": "#0"},
				"up": {"uv": [4.375, 2.125, 3.75, 0.75], "texture": "#0"},
				"down": {"uv": [3.625, 4.25, 3, 5.625], "texture": "#0"}
			}
		},
		{
			"from": [7.25, 16, 5.25],
			"to": [8.75, 20, 6.75],
			"rotation": {"angle": 0, "axis": "y", "origin": [8, 18, 5.25]},
			"faces": {
				"north": {"uv": [0, 6, 0.375, 7], "texture": "#0"},
				"east": {"uv": [6, 0, 6.375, 1], "texture": "#0"},
				"south": {"uv": [0.5, 6, 0.875, 7], "texture": "#0"},
				"west": {"uv": [1, 6, 1.375, 7], "texture": "#0"},
				"up": {"uv": [6.375, 4.875, 6, 4.5], "texture": "#0"},
				"down": {"uv": [6.375, 5, 6, 5.375], "texture": "#0"}
			}
		},
		{
			"from": [8, 14.07822, 2.12955],
			"to": [8, 21.07822, 5.12955],
			"rotation": {"angle": -22.5, "axis": "x", "origin": [8, 17.57822, 4.62955]},
			"faces": {
				"east": {"uv": [3, 0, 3.75, 1.75], "texture": "#0"},
				"west": {"uv": [3, 1.75, 3.75, 3.5], "texture": "#0"}
			}
		},
		{
			"from": [7.75, 15.07822, 4.12955],
			"to": [8.25, 20.07822, 6.12955],
			"rotation": {"angle": -22.5, "axis": "x", "origin": [8, 17.57822, 4.62955]},
			"faces": {
				"north": {"uv": [6, 1.5, 6.125, 2.75], "texture": "#0"},
				"east": {"uv": [2.5, 4.75, 3, 6], "texture": "#0"},
				"south": {"uv": [2.75, 6, 2.875, 7.25], "texture": "#0"},
				"west": {"uv": [5, 3.25, 5.5, 4.5], "texture": "#0"},
				"up": {"uv": [5.375, 6.5, 5.25, 6], "texture": "#0"},
				"down": {"uv": [5.625, 6, 5.5, 6.5], "texture": "#0"}
			}
		}
	],
	"display": {
		"thirdperson": {
			"rotation": [90, 0, -180],
			"translation": [0, 1.6, -2.6],
			"scale": [0.6, 0.6, 0.6]
		},
		"firstperson": {
			"rotation": [0, -55, 0],
			"translation": [-6, 4.4, 1],
			"scale": [0.7, 0.7, 0.7]
		},
		"ground": {
			"translation": [0, 2, 0],
			"scale": [1.5, 1.5, 1.5]
		},
		"gui": {
			"rotation": [30, 225, 0],
			"translation": [0, 1, 0],
			"scale": [1.2, 1, 1.2]
		}
	}
}