{
	"credit": "Made with Blockbench",
	"texture_size": [128, 128],
	"textures": {
		"2": "vehicles/apocalyptic_pickup",
		"particle": "vehicles/apocalyptic_pickup"
	},
	"elements": [
		{
			"from": [-0.25, 3.5, -0.75],
			"to": [16.25, 4, 11.25],
			"rotation": {"angle": 0, "axis": "y", "origin": [-2.75, 2, -0.75]},
			"faces": {
				"north": {"uv": [13.375, 12.5, 15.4375, 12.5625], "texture": "#2"},
				"east": {"uv": [13.75, 12, 15.25, 12.0625], "texture": "#2"},
				"south": {"uv": [13.5, 4.75, 15.5625, 4.8125], "texture": "#2"},
				"west": {"uv": [13.75, 12.125, 15.25, 12.1875], "texture": "#2"},
				"up": {"uv": [5.5625, 1.5, 3.5, 0], "texture": "#2"},
				"down": {"uv": [6.0625, 1.5, 4, 3], "texture": "#2"}
			}
		},
		{
			"from": [0, 3.25, -14.25],
			"to": [16, 8.75, -0.75],
			"rotation": {"angle": 0, "axis": "y", "origin": [-2, 5.75, -4]},
			"faces": {
				"north": {"uv": [7.25, 6.875, 9.25, 7.5625], "texture": "#2"},
				"east": {"uv": [2, 8.125, 3.6875, 8.8125], "texture": "#2"},
				"south": {"uv": [0, 7.625, 2, 8.3125], "texture": "#2"},
				"west": {"uv": [6.625, 8.125, 8.3125, 8.8125], "texture": "#2"},
				"up": {"uv": [2, 4.0625, 0, 2.375], "texture": "#2"},
				"down": {"uv": [4, 2.375, 2, 4.0625], "texture": "#2"}
			}
		},
		{
			"from": [-2, 2.53561, -4.23694],
			"to": [18, 7.03561, -3.23694],
			"rotation": {"angle": -22.5, "axis": "x", "origin": [-1, 7.03561, -5.23694]},
			"faces": {
				"north": {"uv": [7.25, 5.625, 9.75, 6.1875], "texture": "#2"},
				"east": {"uv": [3.875, 1.5, 4, 2.0625], "texture": "#2"},
				"south": {"uv": [7.25, 6.25, 9.75, 6.8125], "texture": "#2"},
				"west": {"uv": [1.125, 13.875, 1.25, 14.4375], "texture": "#2"},
				"up": {"uv": [14, 1.125, 11.5, 1], "texture": "#2"},
				"down": {"uv": [14, 3.125, 11.5, 3.25], "texture": "#2"}
			}
		},
		{
			"from": [-2, 7.375, -8.775],
			"to": [18, 8.375, -4.775],
			"rotation": {"angle": 0, "axis": "y", "origin": [-1, 6.375, -9.275]},
			"faces": {
				"north": {"uv": [12.125, 4.125, 14.625, 4.25], "texture": "#2"},
				"east": {"uv": [9.25, 7.5, 9.75, 7.625], "texture": "#2"},
				"south": {"uv": [12.125, 4.25, 14.625, 4.375], "texture": "#2"},
				"west": {"uv": [12.875, 10.375, 13.375, 10.5], "texture": "#2"},
				"up": {"uv": [4.5, 8.125, 2, 7.625], "texture": "#2"},
				"down": {"uv": [9.75, 7.625, 7.25, 8.125], "texture": "#2"}
			}
		},
		{
			"from": [-1.995, 13.57427, -9.8569],
			"to": [17.995, 14.56427, -7.8669],
			"rotation": {"angle": -22.5, "axis": "x", "origin": [8, 9.1769, 7.2519]},
			"faces": {
				"north": {"uv": [12.125, 4.375, 14.625, 4.5], "texture": "#2"},
				"east": {"uv": [9.75, 8, 10, 8.125], "texture": "#2"},
				"south": {"uv": [12.125, 8, 14.625, 8.125], "texture": "#2"},
				"west": {"uv": [5.375, 9.875, 5.625, 10], "texture": "#2"},
				"up": {"uv": [12.25, 7.75, 9.75, 7.5], "texture": "#2"},
				"down": {"uv": [12.25, 7.75, 9.75, 8], "texture": "#2"}
			}
		},
		{
			"from": [-2, 4.18681, -12.49708],
			"to": [18, 7.18681, -11.49708],
			"rotation": {"angle": 22.5, "axis": "x", "origin": [-1, 2.68681, -10.49708]},
			"faces": {
				"north": {"uv": [9.125, 4.875, 11.625, 5.25], "texture": "#2"},
				"east": {"uv": [1.875, 6.75, 2, 7.125], "texture": "#2"},
				"south": {"uv": [9.125, 5.25, 11.625, 5.625], "texture": "#2"},
				"west": {"uv": [8.625, 3.625, 8.75, 4], "texture": "#2"},
				"up": {"uv": [14.625, 8.25, 12.125, 8.125], "texture": "#2"},
				"down": {"uv": [14.75, 2.5, 12.25, 2.625], "texture": "#2"}
			}
		},
		{
			"from": [-1.995, 2.83854, -3.54763],
			"to": [17.995, 3.82854, -2.05763],
			"rotation": {"angle": 22.5, "axis": "x", "origin": [8, 9.1769, 7.2519]},
			"faces": {
				"north": {"uv": [12.25, 2.625, 14.75, 2.75], "texture": "#2"},
				"east": {"uv": [14.125, 8.375, 14.3125, 8.5], "texture": "#2"},
				"south": {"uv": [12.25, 2.75, 14.75, 2.875], "texture": "#2"},
				"west": {"uv": [9.75, 14.125, 9.9375, 14.25], "texture": "#2"},
				"up": {"uv": [12.5, 8.4375, 10, 8.25], "texture": "#2"},
				"down": {"uv": [12.5, 8.5, 10, 8.6875], "texture": "#2"}
			}
		},
		{
			"from": [2, 8.75, -1.5],
			"to": [14, 11.75, 1.5],
			"rotation": {"angle": -22.5, "axis": "x", "origin": [2, 10.75, 0.5]},
			"faces": {
				"north": {"uv": [1.875, 7.125, 3.375, 7.5], "texture": "#2"},
				"east": {"uv": [6.625, 4, 7, 4.375], "texture": "#2"},
				"south": {"uv": [1.375, 10, 2.875, 10.375], "texture": "#2"},
				"west": {"uv": [10.375, 4, 10.75, 4.375], "texture": "#2"},
				"up": {"uv": [11.5, 2.875, 10, 2.5], "texture": "#2"},
				"down": {"uv": [11.5, 2.875, 10, 3.25], "texture": "#2"}
			}
		},
		{
			"from": [-0.5, 8.75, -5.75],
			"to": [16.5, 10.75, -0.75],
			"rotation": {"angle": 0, "axis": "y", "origin": [-2.5, 8.75, -2.75]},
			"faces": {
				"north": {"uv": [7.625, 10, 9.75, 10.25], "texture": "#2"},
				"east": {"uv": [2.625, 12.625, 3.25, 12.875], "texture": "#2"},
				"south": {"uv": [10, 8, 12.125, 8.25], "texture": "#2"},
				"west": {"uv": [13, 7.75, 13.625, 8], "texture": "#2"},
				"up": {"uv": [9.75, 0.625, 7.625, 0], "texture": "#2"},
				"down": {"uv": [9.75, 0.625, 7.625, 1.25], "texture": "#2"}
			}
		},
		{
			"from": [0.005, 10.755, -1.745],
			"to": [15.995, 11.745, -0.755],
			"rotation": {"angle": 0, "axis": "y", "origin": [8, 11.25, -1.25]},
			"faces": {
				"east": {"uv": [3.25, 7.5, 3.375, 7.625], "texture": "#2"},
				"south": {"uv": [12.375, 7.375, 14.375, 7.5], "texture": "#2"},
				"west": {"uv": [5.625, 9.5, 5.75, 9.625], "texture": "#2"},
				"down": {"uv": [14.5, 8.625, 12.5, 8.75], "texture": "#2"}
			}
		},
		{
			"from": [-0.5, 8.75, -10.25],
			"to": [16.5, 10.25, -5.75],
			"rotation": {"angle": 0, "axis": "y", "origin": [-2.5, 8.75, -7.75]},
			"faces": {
				"north": {"uv": [10.75, 4.5, 12.875, 4.6875], "texture": "#2"},
				"east": {"uv": [13.75, 8.75, 14.3125, 8.9375], "texture": "#2"},
				"south": {"uv": [10.75, 10, 12.875, 10.1875], "texture": "#2"},
				"west": {"uv": [13.75, 9, 14.3125, 9.1875], "texture": "#2"},
				"up": {"uv": [6.625, 8.3125, 4.5, 7.75], "texture": "#2"},
				"down": {"uv": [10, 3, 7.875, 3.5625], "texture": "#2"}
			}
		},
		{
			"from": [-0.5, 8.75, -14.75],
			"to": [16.5, 9.75, -10.25],
			"rotation": {"angle": 0, "axis": "y", "origin": [-2.5, 8.75, -11.75]},
			"faces": {
				"north": {"uv": [12.25, 6.625, 14.375, 6.75], "texture": "#2"},
				"east": {"uv": [4.5, 7.625, 5.0625, 7.75], "texture": "#2"},
				"south": {"uv": [12.375, 7.25, 14.5, 7.375], "texture": "#2"},
				"west": {"uv": [1.375, 9.5, 1.9375, 9.625], "texture": "#2"},
				"up": {"uv": [10.125, 1.8125, 8, 1.25], "texture": "#2"},
				"down": {"uv": [10.125, 1.875, 8, 2.4375], "texture": "#2"}
			}
		},
		{
			"from": [-1, 4, -15],
			"to": [17, 6, -12],
			"rotation": {"angle": 0, "axis": "y", "origin": [-2, 4, -14.5]},
			"faces": {
				"north": {"uv": [10, 3.25, 12.25, 3.5], "texture": "#2"},
				"east": {"uv": [13.875, 0.375, 14.25, 0.625], "texture": "#2"},
				"south": {"uv": [5.375, 10, 7.625, 10.25], "texture": "#2"},
				"west": {"uv": [0.5, 13.875, 0.875, 14.125], "texture": "#2"},
				"up": {"uv": [5.625, 9.875, 3.375, 9.5], "texture": "#2"},
				"down": {"uv": [7.875, 9.625, 5.625, 10], "texture": "#2"}
			}
		},
		{
			"from": [0, 4, 10.25],
			"to": [16, 7, 11.75],
			"rotation": {"angle": 0, "axis": "y", "origin": [-3, 4, 10.25]},
			"faces": {
				"north": {"uv": [1.375, 9.625, 3.375, 10], "texture": "#2"},
				"east": {"uv": [1.25, 13.875, 1.4375, 14.25], "texture": "#2"},
				"south": {"uv": [7.875, 9.625, 9.875, 10], "texture": "#2"},
				"west": {"uv": [1.5, 13.875, 1.6875, 14.25], "texture": "#2"},
				"up": {"uv": [13.125, 1.5625, 11.125, 1.375], "texture": "#2"},
				"down": {"uv": [13.125, 1.625, 11.125, 1.8125], "texture": "#2"}
			}
		},
		{
			"from": [-0.25, 11, 10.25],
			"to": [16.25, 16.5, 11.5],
			"rotation": {"angle": 0, "axis": "y", "origin": [-2.75, 11, 10.25]},
			"faces": {
				"north": {"uv": [7, 4.875, 9.0625, 5.5625], "texture": "#2"},
				"east": {"uv": [4.125, 13.25, 4.3125, 13.9375], "texture": "#2"},
				"south": {"uv": [5.125, 7, 7.1875, 7.6875], "texture": "#2"},
				"west": {"uv": [11.375, 13.5, 11.5625, 14.1875], "texture": "#2"},
				"up": {"uv": [12.8125, 10.4375, 10.75, 10.25], "texture": "#2"},
				"down": {"uv": [13.1875, 1.125, 11.125, 1.3125], "texture": "#2"}
			}
		},
		{
			"from": [0.25, 7, 10.25],
			"to": [15.75, 11, 11.75],
			"rotation": {"angle": 0, "axis": "y", "origin": [-3.25, 5.5, 10.25]},
			"faces": {
				"north": {"uv": [8, 2.5, 9.9375, 3], "texture": "#2"},
				"east": {"uv": [11.125, 13.75, 11.3125, 14.25], "texture": "#2"},
				"south": {"uv": [8.75, 4.375, 10.6875, 4.875], "texture": "#2"},
				"west": {"uv": [0, 13.875, 0.1875, 14.375], "texture": "#2"},
				"up": {"uv": [13.4375, 3.0625, 11.5, 2.875], "texture": "#2"},
				"down": {"uv": [13.5625, 6.75, 11.625, 6.9375], "texture": "#2"}
			}
		},
		{
			"from": [0, 16.5, 3.75],
			"to": [16, 17.25, 11.25],
			"rotation": {"angle": 0, "axis": "y", "origin": [-2, 15, 3.5]},
			"faces": {
				"north": {"uv": [12.625, 12.625, 14.625, 12.75], "texture": "#2"},
				"east": {"uv": [13.5, 12.75, 14.4375, 12.875], "texture": "#2"},
				"south": {"uv": [12.75, 3.5, 14.75, 3.625], "texture": "#2"},
				"west": {"uv": [7.875, 13.625, 8.8125, 13.75], "texture": "#2"},
				"up": {"uv": [5.375, 6.6875, 3.375, 5.75], "texture": "#2"},
				"down": {"uv": [7.875, 3, 5.875, 3.9375], "texture": "#2"}
			}
		},
		{
			"from": [0, 13.60463, -4.24004],
			"to": [16, 14.35463, 5.25996],
			"rotation": {"angle": -45, "axis": "x", "origin": [-1, 13.97963, 1.00996]},
			"faces": {
				"north": {"uv": [12.75, 3.625, 14.75, 3.75], "texture": "#2"},
				"east": {"uv": [12.875, 5.25, 14.0625, 5.375], "texture": "#2"},
				"south": {"uv": [12.75, 3.75, 14.75, 3.875], "texture": "#2"},
				"west": {"uv": [13.25, 8.5, 14.4375, 8.625], "texture": "#2"},
				"up": {"uv": [2, 6.6875, 0, 5.5], "texture": "#2"},
				"down": {"uv": [7.625, 0, 5.625, 1.1875], "texture": "#2"}
			}
		},
		{
			"from": [15, 13.60463, -3.24004],
			"to": [1, 14.35463, 4.25996],
			"rotation": {"angle": -45, "axis": "x", "origin": [13, 13.97963, 1.00996]},
			"faces": {
				"north": {"uv": [10.125, 2.375, 11.875, 2.5], "texture": "#2"},
				"east": {"uv": [9.625, 13.625, 10.5625, 13.75], "texture": "#2"},
				"south": {"uv": [12.875, 2.375, 14.625, 2.5], "texture": "#2"},
				"west": {"uv": [12, 13.625, 12.9375, 13.75], "texture": "#2"}
			}
		},
		{
			"from": [0.505, 4.505, 9.755],
			"to": [15.495, 5.495, 10.245],
			"rotation": {"angle": 45, "axis": "x", "origin": [-0.5, 5.5, 10]},
			"faces": {
				"north": {"uv": [10, 8.75, 11.875, 8.875], "texture": "#2"},
				"east": {"uv": [14.25, 9.5, 14.3125, 9.625], "texture": "#2"},
				"south": {"uv": [4.875, 12.75, 6.75, 12.875], "texture": "#2"},
				"west": {"uv": [14.25, 9.625, 14.3125, 9.75], "texture": "#2"},
				"up": {"uv": [15.5, 12.9375, 13.625, 12.875], "texture": "#2"},
				"down": {"uv": [14.875, 13.625, 13, 13.6875], "texture": "#2"}
			}
		},
		{
			"from": [0.5, 4, -0.75],
			"to": [15.5, 5, 10.25],
			"rotation": {"angle": 0, "axis": "y", "origin": [-1.5, 3, 0.25]},
			"faces": {
				"north": {"uv": [12.75, 6.375, 14.625, 6.5], "texture": "#2"},
				"east": {"uv": [1.875, 7.5, 3.25, 7.625], "texture": "#2"},
				"south": {"uv": [12.75, 6.5, 14.625, 6.625], "texture": "#2"},
				"west": {"uv": [12.875, 5.125, 14.25, 5.25], "texture": "#2"},
				"up": {"uv": [5.875, 4.375, 4, 3], "texture": "#2"},
				"down": {"uv": [1.875, 4.125, 0, 5.5], "texture": "#2"}
			}
		},
		{
			"from": [0.5, 15.5, 3.25],
			"to": [15.5, 16.5, 10.25],
			"rotation": {"angle": 0, "axis": "y", "origin": [-1.5, 14.5, 0.25]},
			"faces": {
				"north": {"uv": [11.625, 12.75, 13.5, 12.875], "texture": "#2"},
				"east": {"uv": [9.75, 6.75, 10.625, 6.875], "texture": "#2"},
				"south": {"uv": [0, 12.875, 1.875, 13], "texture": "#2"},
				"west": {"uv": [10.75, 4.75, 11.625, 4.875], "texture": "#2"},
				"up": {"uv": [8, 2.125, 6.125, 1.25], "texture": "#2"},
				"down": {"uv": [8, 2.125, 6.125, 3], "texture": "#2"}
			}
		},
		{
			"from": [0.5, 5, 9.75],
			"to": [15.5, 15.5, 10.25],
			"rotation": {"angle": 0, "axis": "y", "origin": [-0.5, 10.25, 10]},
			"faces": {
				"north": {"uv": [1.875, 4.125, 3.75, 5.4375], "texture": "#2"},
				"east": {"uv": [8.875, 13.625, 8.9375, 14.9375], "texture": "#2"},
				"south": {"uv": [3.75, 4.375, 5.625, 5.6875], "texture": "#2"},
				"west": {"uv": [4, 13.75, 4.0625, 15.0625], "texture": "#2"},
				"up": {"uv": [15.5, 13.0625, 13.625, 13], "texture": "#2"},
				"down": {"uv": [1.875, 13.75, 0, 13.8125], "texture": "#2"}
			}
		},
		{
			"from": [0.5, 5, -0.75],
			"to": [15.5, 11.75, -0.25],
			"rotation": {"angle": 0, "axis": "y", "origin": [-0.5, 10.25, -0.5]},
			"faces": {
				"east": {"uv": [7.75, 13.875, 7.8125, 14.75], "texture": "#2"},
				"south": {"uv": [0, 6.75, 1.875, 7.625], "texture": "#2"},
				"west": {"uv": [9.5, 13.875, 9.5625, 14.75], "texture": "#2"},
				"down": {"uv": [3.75, 13.75, 1.875, 13.8125], "texture": "#2"}
			}
		},
		{
			"from": [0.505, 4.16423, -0.17786],
			"to": [15.495, 11.40423, 0.31214],
			"rotation": {"angle": 45, "axis": "x", "origin": [8, 9.1769, 7.2519]},
			"faces": {
				"east": {"uv": [3.625, 13.875, 3.6875, 14.8125], "texture": "#2"},
				"south": {"uv": [5.375, 6, 7.25, 6.9375], "texture": "#2"},
				"west": {"uv": [4.75, 13.875, 4.8125, 14.8125], "texture": "#2"},
				"up": {"uv": [15.625, 7.5625, 13.75, 7.5], "texture": "#2"},
				"down": {"uv": [15.625, 7.625, 13.75, 7.6875], "texture": "#2"}
			}
		},
		{
			"from": [15, 8.08579, 3.5],
			"to": [1, 16.58579, 4],
			"rotation": {"angle": 45, "axis": "x", "origin": [13, 15.83579, 3.75]},
			"faces": {
				"east": {"uv": [2.625, 13.875, 2.6875, 14.9375], "texture": "#2"},
				"west": {"uv": [2.75, 13.875, 2.8125, 14.9375], "texture": "#2"}
			}
		},
		{
			"from": [0.505, 10.95478, -1.43306],
			"to": [15.495, 12.19478, -0.44306],
			"rotation": {"angle": -45, "axis": "x", "origin": [8, 9.1769, 7.2519]},
			"faces": {
				"north": {"uv": [11.625, 7, 13.5, 7.1875], "texture": "#2"},
				"east": {"uv": [14.125, 9.75, 14.25, 9.9375], "texture": "#2"},
				"south": {"uv": [11.875, 8.75, 13.75, 8.9375], "texture": "#2"},
				"west": {"uv": [10, 14.125, 10.125, 14.3125], "texture": "#2"},
				"up": {"uv": [3.75, 13, 1.875, 12.875], "texture": "#2"},
				"down": {"uv": [14.75, 1.875, 12.875, 2], "texture": "#2"}
			}
		},
		{
			"from": [1.25, 8.25, 11.8],
			"to": [14.75, 15.25, 14.8],
			"rotation": {"angle": 0, "axis": "y", "origin": [0, 8.25, 11.8]},
			"faces": {
				"north": {"uv": [3.375, 6.75, 5.0625, 7.625], "texture": "#2"},
				"east": {"uv": [3.5, 1.5, 3.875, 2.375], "texture": "#2"},
				"south": {"uv": [7, 4, 8.6875, 4.875], "texture": "#2"},
				"west": {"uv": [2.25, 12, 2.625, 12.875], "texture": "#2"},
				"up": {"uv": [11.4375, 1.125, 9.75, 0.75], "texture": "#2"},
				"down": {"uv": [11.4375, 5.625, 9.75, 6], "texture": "#2"}
			}
		},
		{
			"from": [1, 7.5, 11.5],
			"to": [15, 8.5, 30],
			"rotation": {"angle": 0, "axis": "y", "origin": [0, 6.5, 12]},
			"faces": {
				"north": {"uv": [12.875, 4.875, 14.625, 5], "texture": "#2"},
				"east": {"uv": [12.25, 3.25, 14.5625, 3.375], "texture": "#2"},
				"south": {"uv": [12.875, 5, 14.625, 5.125], "texture": "#2"},
				"west": {"uv": [12.25, 3.375, 14.5625, 3.5], "texture": "#2"},
				"up": {"uv": [1.75, 2.3125, 0, 0], "texture": "#2"},
				"down": {"uv": [3.5, 0, 1.75, 2.3125], "texture": "#2"}
			}
		},
		{
			"from": [0, 7.25, 20],
			"to": [16, 8, 23],
			"rotation": {"angle": 0, "axis": "y", "origin": [-1, 6, 20.75]},
			"faces": {
				"north": {"uv": [12.75, 3.875, 14.75, 4], "texture": "#2"},
				"east": {"uv": [3.375, 8.875, 3.75, 9], "texture": "#2"},
				"south": {"uv": [12.75, 4, 14.75, 4.125], "texture": "#2"},
				"west": {"uv": [9.75, 1.125, 10.125, 1.25], "texture": "#2"},
				"up": {"uv": [11.75, 0.375, 9.75, 0], "texture": "#2"},
				"down": {"uv": [11.75, 0.375, 9.75, 0.75], "texture": "#2"}
			}
		},
		{
			"from": [0.005, 13.37112, 22.25663],
			"to": [15.995, 14.11112, 24.74663],
			"rotation": {"angle": 22.5, "axis": "x", "origin": [8, 9.1769, 7.2519]},
			"faces": {
				"north": {"uv": [12.75, 5.375, 14.75, 5.5], "texture": "#2"},
				"east": {"uv": [11.5, 6.625, 11.8125, 6.75], "texture": "#2"},
				"south": {"uv": [12.75, 5.5, 14.75, 5.625], "texture": "#2"},
				"west": {"uv": [14, 1, 14.3125, 1.125], "texture": "#2"},
				"up": {"uv": [5.375, 10.1875, 3.375, 9.875], "texture": "#2"},
				"down": {"uv": [11.875, 8.875, 9.875, 9.1875], "texture": "#2"}
			}
		},
		{
			"from": [0, 2.49494, 25.0666],
			"to": [16, 6.99494, 25.8166],
			"rotation": {"angle": -22.5, "axis": "x", "origin": [0, 5.74494, 25.4416]},
			"faces": {
				"north": {"uv": [0, 8.375, 2, 8.9375], "texture": "#2"},
				"east": {"uv": [1.75, 13.875, 1.875, 14.4375], "texture": "#2"},
				"south": {"uv": [3.75, 8.375, 5.75, 8.9375], "texture": "#2"},
				"west": {"uv": [1.875, 13.875, 2, 14.4375], "texture": "#2"},
				"up": {"uv": [14.75, 5.75, 12.75, 5.625], "texture": "#2"},
				"down": {"uv": [14.75, 5.75, 12.75, 5.875], "texture": "#2"}
			}
		},
		{
			"from": [0.005, 2.4661, 16.08423],
			"to": [15.995, 3.2061, 18.57423],
			"rotation": {"angle": -22.5, "axis": "x", "origin": [8, 9.1769, 7.2519]},
			"faces": {
				"north": {"uv": [12.75, 5.875, 14.75, 6], "texture": "#2"},
				"east": {"uv": [14, 3.125, 14.3125, 3.25], "texture": "#2"},
				"south": {"uv": [12.75, 6, 14.75, 6.125], "texture": "#2"},
				"west": {"uv": [8.375, 14, 8.6875, 14.125], "texture": "#2"},
				"up": {"uv": [11.875, 9.5625, 9.875, 9.25], "texture": "#2"},
				"down": {"uv": [11.875, 9.625, 9.875, 9.9375], "texture": "#2"}
			}
		},
		{
			"from": [0, 3.49494, 17.1834],
			"to": [16, 6.99494, 17.9334],
			"rotation": {"angle": 22.5, "axis": "x", "origin": [0, 5.74494, 17.5584]},
			"faces": {
				"north": {"uv": [0, 9, 2, 9.4375], "texture": "#2"},
				"east": {"uv": [6.5, 8.375, 6.625, 8.8125], "texture": "#2"},
				"south": {"uv": [3.375, 9, 5.375, 9.4375], "texture": "#2"},
				"west": {"uv": [6.75, 11.75, 6.875, 12.1875], "texture": "#2"},
				"up": {"uv": [14.75, 6.25, 12.75, 6.125], "texture": "#2"},
				"down": {"uv": [14.75, 6.25, 12.75, 6.375], "texture": "#2"}
			}
		},
		{
			"from": [1.25, 4.5, 27.5],
			"to": [14.75, 7.5, 29.5],
			"rotation": {"angle": 0, "axis": "y", "origin": [0.75, 5.5, 27.5]},
			"faces": {
				"north": {"uv": [9.75, 6, 11.4375, 6.375], "texture": "#2"},
				"east": {"uv": [13.875, 0.625, 14.125, 1], "texture": "#2"},
				"south": {"uv": [9.75, 6.375, 11.4375, 6.75], "texture": "#2"},
				"west": {"uv": [0.875, 13.875, 1.125, 14.25], "texture": "#2"},
				"up": {"uv": [11.8125, 2.375, 10.125, 2.125], "texture": "#2"},
				"down": {"uv": [12.3125, 7.25, 10.625, 7.5], "texture": "#2"}
			}
		},
		{
			"from": [2.5, 2.25, 11.5],
			"to": [13.5, 7.75, 24.25],
			"rotation": {"angle": 0, "axis": "y", "origin": [-1.5, 2.25, 12.25]},
			"faces": {
				"north": {"uv": [2, 8.875, 3.375, 9.5625], "texture": "#2"},
				"east": {"uv": [8.375, 8.125, 10, 8.8125], "texture": "#2"},
				"south": {"uv": [5.75, 8.875, 7.125, 9.5625], "texture": "#2"},
				"west": {"uv": [8.75, 3.625, 10.375, 4.3125], "texture": "#2"},
				"up": {"uv": [3.375, 7.125, 2, 5.5], "texture": "#2"},
				"down": {"uv": [7, 4.375, 5.625, 6], "texture": "#2"}
			}
		},
		{
			"from": [2.505, 3.06925, 23.09847],
			"to": [13.495, 8.05925, 28.33847],
			"rotation": {"angle": -22.5, "axis": "x", "origin": [8, 5.56425, 25.71847]},
			"faces": {
				"north": {"uv": [9.25, 6.875, 10.625, 7.5], "texture": "#2"},
				"east": {"uv": [10.875, 11, 11.5625, 11.625], "texture": "#2"},
				"south": {"uv": [0, 9.5, 1.375, 10.125], "texture": "#2"},
				"west": {"uv": [0, 11.125, 0.6875, 11.75], "texture": "#2"},
				"up": {"uv": [8.5, 9.5625, 7.125, 8.875], "texture": "#2"},
				"down": {"uv": [9.875, 8.875, 8.5, 9.5625], "texture": "#2"}
			}
		},
		{
			"from": [1.75, 12.5, 14.5],
			"to": [2.5, 14, 28.5],
			"rotation": {"angle": 0, "axis": "y", "origin": [2.125, 13.25, 21.5]},
			"faces": {
				"north": {"uv": [10.125, 14.125, 10.25, 14.3125], "texture": "#2"},
				"east": {"uv": [9.125, 12, 10.875, 12.1875], "texture": "#2"},
				"south": {"uv": [10.25, 14.125, 10.375, 14.3125], "texture": "#2"},
				"west": {"uv": [12, 10.5, 13.75, 10.6875], "texture": "#2"},
				"up": {"uv": [5.125, 14.625, 5, 12.875], "texture": "#2"},
				"down": {"uv": [5.25, 12.875, 5.125, 14.625], "texture": "#2"}
			}
		},
		{
			"from": [1.25, 11, 14.5],
			"to": [2.25, 12.5, 28],
			"rotation": {"angle": 22.5, "axis": "z", "origin": [1.75, 11.75, 21.25]},
			"faces": {
				"north": {"uv": [10.375, 14.125, 10.5, 14.3125], "texture": "#2"},
				"east": {"uv": [12, 11.25, 13.6875, 11.4375], "texture": "#2"},
				"south": {"uv": [10.5, 14.125, 10.625, 14.3125], "texture": "#2"},
				"west": {"uv": [12, 11.5, 13.6875, 11.6875], "texture": "#2"},
				"up": {"uv": [5.625, 14.5625, 5.5, 12.875], "texture": "#2"},
				"down": {"uv": [5.75, 12.875, 5.625, 14.5625], "texture": "#2"}
			}
		},
		{
			"from": [1.5, 9.5, 14.75],
			"to": [2.5, 11, 28.25],
			"rotation": {"angle": -22.5, "axis": "z", "origin": [2, 10.25, 21.5]},
			"faces": {
				"north": {"uv": [14.125, 10.5, 14.25, 10.6875], "texture": "#2"},
				"east": {"uv": [12, 11.75, 13.6875, 11.9375], "texture": "#2"},
				"south": {"uv": [10.625, 14.125, 10.75, 14.3125], "texture": "#2"},
				"west": {"uv": [12, 12, 13.6875, 12.1875], "texture": "#2"},
				"up": {"uv": [5.875, 14.5625, 5.75, 12.875], "texture": "#2"},
				"down": {"uv": [6, 12.875, 5.875, 14.5625], "texture": "#2"}
			}
		},
		{
			"from": [1.25, 8, 14.75],
			"to": [2.25, 9.5, 29.25],
			"rotation": {"angle": 22.5, "axis": "z", "origin": [1.75, 8.75, 22]},
			"faces": {
				"north": {"uv": [10.75, 14.125, 10.875, 14.3125], "texture": "#2"},
				"east": {"uv": [11.875, 9, 13.6875, 9.1875], "texture": "#2"},
				"south": {"uv": [14.125, 10.75, 14.25, 10.9375], "texture": "#2"},
				"west": {"uv": [11.875, 9.25, 13.6875, 9.4375], "texture": "#2"},
				"up": {"uv": [9.125, 14.5625, 9, 12.75], "texture": "#2"},
				"down": {"uv": [9.25, 12.75, 9.125, 14.5625], "texture": "#2"}
			}
		},
		{
			"from": [13.5, 12.5, 14.5],
			"to": [14.25, 14, 28.5],
			"rotation": {"angle": 0, "axis": "y", "origin": [13.875, 13.25, 21.5]},
			"faces": {
				"north": {"uv": [10.875, 14.125, 11, 14.3125], "texture": "#2"},
				"east": {"uv": [12, 10.75, 13.75, 10.9375], "texture": "#2"},
				"south": {"uv": [11, 14.125, 11.125, 14.3125], "texture": "#2"},
				"west": {"uv": [12, 11, 13.75, 11.1875], "texture": "#2"},
				"up": {"uv": [5.375, 14.625, 5.25, 12.875], "texture": "#2"},
				"down": {"uv": [5.5, 12.875, 5.375, 14.625], "texture": "#2"}
			}
		},
		{
			"from": [13.75, 11, 14.5],
			"to": [14.75, 12.5, 28],
			"rotation": {"angle": -22.5, "axis": "z", "origin": [14.25, 11.75, 21.25]},
			"faces": {
				"north": {"uv": [14.125, 11, 14.25, 11.1875], "texture": "#2"},
				"east": {"uv": [12.125, 0, 13.8125, 0.1875], "texture": "#2"},
				"south": {"uv": [14.125, 11.25, 14.25, 11.4375], "texture": "#2"},
				"west": {"uv": [12.125, 0.25, 13.8125, 0.4375], "texture": "#2"},
				"up": {"uv": [6.125, 14.5625, 6, 12.875], "texture": "#2"},
				"down": {"uv": [6.25, 12.875, 6.125, 14.5625], "texture": "#2"}
			}
		},
		{
			"from": [13.5, 9.5, 14.75],
			"to": [14.5, 11, 28.25],
			"rotation": {"angle": 22.5, "axis": "z", "origin": [14, 10.25, 21.5]},
			"faces": {
				"north": {"uv": [14.125, 11.5, 14.25, 11.6875], "texture": "#2"},
				"east": {"uv": [12.125, 0.5, 13.8125, 0.6875], "texture": "#2"},
				"south": {"uv": [11.625, 14.125, 11.75, 14.3125], "texture": "#2"},
				"west": {"uv": [12.125, 0.75, 13.8125, 0.9375], "texture": "#2"},
				"up": {"uv": [6.375, 14.5625, 6.25, 12.875], "texture": "#2"},
				"down": {"uv": [6.5, 12.875, 6.375, 14.5625], "texture": "#2"}
			}
		},
		{
			"from": [13.75, 8, 14.75],
			"to": [14.75, 9.5, 29.25],
			"rotation": {"angle": -22.5, "axis": "z", "origin": [14.25, 8.75, 22]},
			"faces": {
				"north": {"uv": [11.75, 14.125, 11.875, 14.3125], "texture": "#2"},
				"east": {"uv": [11.875, 9.5, 13.6875, 9.6875], "texture": "#2"},
				"south": {"uv": [14.125, 11.75, 14.25, 11.9375], "texture": "#2"},
				"west": {"uv": [11.875, 9.75, 13.6875, 9.9375], "texture": "#2"},
				"up": {"uv": [4.5, 14.6875, 4.375, 12.875], "texture": "#2"},
				"down": {"uv": [5, 12.875, 4.875, 14.6875], "texture": "#2"}
			}
		},
		{
			"from": [2, 17, 5.75],
			"to": [4, 17.75, 7.75],
			"rotation": {"angle": 0, "axis": "y", "origin": [-15, 15.75, 5.85]},
			"faces": {
				"north": {"uv": [11.625, 5.5, 11.875, 5.625], "texture": "#2"},
				"east": {"uv": [2.25, 11.875, 2.5, 12], "texture": "#2"},
				"south": {"uv": [14.125, 0.875, 14.375, 1], "texture": "#2"},
				"west": {"uv": [3.375, 14.125, 3.625, 14.25], "texture": "#2"},
				"up": {"uv": [4, 4.375, 3.75, 4.125], "texture": "#2"},
				"down": {"uv": [5.625, 5.75, 5.375, 6], "texture": "#2"}
			}
		},
		{
			"from": [1.75, 17.5, 5.5],
			"to": [4.25, 18.25, 8],
			"rotation": {"angle": 0, "axis": "y", "origin": [-14.75, 16.25, 5.85]},
			"faces": {
				"north": {"uv": [14, 10, 14.3125, 10.125], "texture": "#2"},
				"east": {"uv": [14, 10.125, 14.3125, 10.25], "texture": "#2"},
				"south": {"uv": [14, 10.25, 14.3125, 10.375], "texture": "#2"},
				"west": {"uv": [14, 10.375, 14.3125, 10.5], "texture": "#2"},
				"up": {"uv": [14.0625, 9.5625, 13.75, 9.25], "texture": "#2"},
				"down": {"uv": [9.9375, 13.75, 9.625, 14.0625], "texture": "#2"}
			}
		},
		{
			"from": [1.875, 18.25, 5.625],
			"to": [4.125, 20.5, 7.875],
			"rotation": {"angle": 0, "axis": "y", "origin": [-14.875, 17, 5.975]},
			"faces": {
				"north": {"uv": [13.75, 9.625, 14.0625, 9.9375], "texture": "#2"},
				"east": {"uv": [10, 13.75, 10.3125, 14.0625], "texture": "#2"},
				"south": {"uv": [10.375, 13.75, 10.6875, 14.0625], "texture": "#2"},
				"west": {"uv": [13.75, 10.5, 14.0625, 10.8125], "texture": "#2"},
				"up": {"uv": [11.0625, 14.0625, 10.75, 13.75], "texture": "#2"},
				"down": {"uv": [14.0625, 10.875, 13.75, 11.1875], "texture": "#2"}
			}
		},
		{
			"from": [12, 17, 5.75],
			"to": [14, 17.75, 7.75],
			"rotation": {"angle": 0, "axis": "y", "origin": [31, 15.75, 5.85]},
			"faces": {
				"north": {"uv": [4.5, 14.125, 4.75, 14.25], "texture": "#2"},
				"east": {"uv": [14.125, 4.5, 14.375, 4.625], "texture": "#2"},
				"south": {"uv": [14.125, 4.625, 14.375, 4.75], "texture": "#2"},
				"west": {"uv": [14.125, 5.25, 14.375, 5.375], "texture": "#2"},
				"up": {"uv": [5.375, 7, 5.125, 6.75], "texture": "#2"},
				"down": {"uv": [1, 11.125, 0.75, 11.375], "texture": "#2"}
			}
		},
		{
			"from": [11.75, 17.5, 5.5],
			"to": [14.25, 18.25, 8],
			"rotation": {"angle": 0, "axis": "y", "origin": [30.75, 16.25, 5.85]},
			"faces": {
				"north": {"uv": [14, 12.25, 14.3125, 12.375], "texture": "#2"},
				"east": {"uv": [14, 12.375, 14.3125, 12.5], "texture": "#2"},
				"south": {"uv": [14, 13.75, 14.3125, 13.875], "texture": "#2"},
				"west": {"uv": [14, 13.875, 14.3125, 14], "texture": "#2"},
				"up": {"uv": [14.0625, 11.5625, 13.75, 11.25], "texture": "#2"},
				"down": {"uv": [11.9375, 13.75, 11.625, 14.0625], "texture": "#2"}
			}
		},
		{
			"from": [11.875, 18.25, 5.625],
			"to": [14.125, 20.5, 7.875],
			"rotation": {"angle": 0, "axis": "y", "origin": [30.875, 17, 5.975]},
			"faces": {
				"north": {"uv": [13.75, 11.625, 14.0625, 11.9375], "texture": "#2"},
				"east": {"uv": [12, 13.75, 12.3125, 14.0625], "texture": "#2"},
				"south": {"uv": [12.375, 13.75, 12.6875, 14.0625], "texture": "#2"},
				"west": {"uv": [12.75, 13.75, 13.0625, 14.0625], "texture": "#2"},
				"up": {"uv": [13.4375, 14.0625, 13.125, 13.75], "texture": "#2"},
				"down": {"uv": [13.8125, 13.75, 13.5, 14.0625], "texture": "#2"}
			}
		},
		{
			"from": [2, 5, 3.75],
			"to": [6.5, 6, 8.25],
			"rotation": {"angle": 0, "axis": "y", "origin": [-12.5, 4, 3.5]},
			"faces": {
				"north": {"uv": [0, 12.75, 0.5625, 12.875], "texture": "#2"},
				"east": {"uv": [1.375, 12.75, 1.9375, 12.875], "texture": "#2"},
				"south": {"uv": [13.875, 1.125, 14.4375, 1.25], "texture": "#2"},
				"west": {"uv": [13.875, 1.25, 14.4375, 1.375], "texture": "#2"},
				"up": {"uv": [3.1875, 12.5625, 2.625, 12], "texture": "#2"},
				"down": {"uv": [12.6875, 3.5, 12.125, 4.0625], "texture": "#2"}
			}
		},
		{
			"from": [1.5, 6, 3],
			"to": [7, 8, 6],
			"rotation": {"angle": 0, "axis": "y", "origin": [0.5, 6, 3]},
			"faces": {
				"north": {"uv": [12.125, 12.875, 12.8125, 13.125], "texture": "#2"},
				"east": {"uv": [3.375, 5.5, 3.75, 5.75], "texture": "#2"},
				"south": {"uv": [12.875, 12.875, 13.5625, 13.125], "texture": "#2"},
				"west": {"uv": [1, 10.125, 1.375, 10.375], "texture": "#2"},
				"up": {"uv": [2.0625, 12.75, 1.375, 12.375], "texture": "#2"},
				"down": {"uv": [13.1875, 8.25, 12.5, 8.625], "texture": "#2"}
			}
		},
		{
			"from": [1.505, 5.37336, 6.40723],
			"to": [6.995, 7.36336, 9.89723],
			"rotation": {"angle": 22.5, "axis": "x", "origin": [8, 8.69526, 7.78884]},
			"faces": {
				"north": {"uv": [0, 13, 0.6875, 13.25], "texture": "#2"},
				"east": {"uv": [5.625, 1.25, 6.0625, 1.5], "texture": "#2"},
				"south": {"uv": [0.75, 13, 1.4375, 13.25], "texture": "#2"},
				"west": {"uv": [6.5, 13.75, 6.9375, 14], "texture": "#2"},
				"up": {"uv": [6.4375, 8.8125, 5.75, 8.375], "texture": "#2"},
				"down": {"uv": [12.9375, 7.5, 12.25, 7.9375], "texture": "#2"}
			}
		},
		{
			"from": [9.005, 5.37336, 6.40723],
			"to": [14.495, 7.36336, 9.89723],
			"rotation": {"angle": 22.5, "axis": "x", "origin": [8, 8.69526, 7.78884]},
			"faces": {
				"north": {"uv": [1.5, 13, 2.1875, 13.25], "texture": "#2"},
				"east": {"uv": [7.875, 13.75, 8.3125, 14], "texture": "#2"},
				"south": {"uv": [2.25, 13, 2.9375, 13.25], "texture": "#2"},
				"west": {"uv": [8.375, 13.75, 8.8125, 14], "texture": "#2"},
				"up": {"uv": [8.4375, 12.6875, 7.75, 12.25], "texture": "#2"},
				"down": {"uv": [9.1875, 12.25, 8.5, 12.6875], "texture": "#2"}
			}
		},
		{
			"from": [9, 6, 3],
			"to": [14.5, 8, 6],
			"rotation": {"angle": 0, "axis": "y", "origin": [15.5, 6, 3]},
			"faces": {
				"north": {"uv": [3, 13, 3.6875, 13.25], "texture": "#2"},
				"east": {"uv": [9.375, 10.25, 9.75, 10.5], "texture": "#2"},
				"south": {"uv": [13, 7.5, 13.6875, 7.75], "texture": "#2"},
				"west": {"uv": [11.625, 12.5, 12, 12.75], "texture": "#2"},
				"up": {"uv": [11.5625, 13, 10.875, 12.625], "texture": "#2"},
				"down": {"uv": [13.3125, 12.25, 12.625, 12.625], "texture": "#2"}
			}
		},
		{
			"from": [1.75, 6.75, 6.75],
			"to": [6.75, 9.75, 8.75],
			"rotation": {"angle": 0, "axis": "y", "origin": [0.5, 6.75, 6.75]},
			"faces": {
				"north": {"uv": [6.625, 7.75, 7.25, 8.125], "texture": "#2"},
				"east": {"uv": [7, 5.625, 7.25, 6], "texture": "#2"},
				"south": {"uv": [7.75, 12.75, 8.375, 13.125], "texture": "#2"},
				"west": {"uv": [7.25, 13.25, 7.5, 13.625], "texture": "#2"},
				"up": {"uv": [13.875, 1.375, 13.25, 1.125], "texture": "#2"},
				"down": {"uv": [13.875, 8.25, 13.25, 8.5], "texture": "#2"}
			}
		},
		{
			"from": [1.755, 9.27717, 6.43044],
			"to": [6.745, 12.76717, 8.42044],
			"rotation": {"angle": 22.5, "axis": "x", "origin": [8, 8.69526, 7.78884]},
			"faces": {
				"north": {"uv": [9.625, 12.25, 10.25, 12.6875], "texture": "#2"},
				"east": {"uv": [2.25, 11.375, 2.5, 11.8125], "texture": "#2"},
				"south": {"uv": [10.25, 12.25, 10.875, 12.6875], "texture": "#2"},
				"west": {"uv": [11.375, 10.5, 11.625, 10.9375], "texture": "#2"},
				"up": {"uv": [13.875, 13.375, 13.25, 13.125], "texture": "#2"},
				"down": {"uv": [14, 10, 13.375, 10.25], "texture": "#2"}
			}
		},
		{
			"from": [9.255, 9.27717, 6.43044],
			"to": [14.245, 12.76717, 8.42044],
			"rotation": {"angle": 22.5, "axis": "x", "origin": [8, 8.69526, 7.78884]},
			"faces": {
				"north": {"uv": [12, 12.25, 12.625, 12.6875], "texture": "#2"},
				"east": {"uv": [3.75, 13.75, 4, 14.1875], "texture": "#2"},
				"south": {"uv": [0.75, 12.375, 1.375, 12.8125], "texture": "#2"},
				"west": {"uv": [7, 13.75, 7.25, 14.1875], "texture": "#2"},
				"up": {"uv": [14, 10.5, 13.375, 10.25], "texture": "#2"},
				"down": {"uv": [14, 12.25, 13.375, 12.5], "texture": "#2"}
			}
		},
		{
			"from": [9.25, 6.75, 6.75],
			"to": [14.25, 9.75, 8.75],
			"rotation": {"angle": 0, "axis": "y", "origin": [15.5, 6.75, 6.75]},
			"faces": {
				"north": {"uv": [8.375, 12.75, 9, 13.125], "texture": "#2"},
				"east": {"uv": [13.875, 0, 14.125, 0.375], "texture": "#2"},
				"south": {"uv": [9.625, 12.75, 10.25, 13.125], "texture": "#2"},
				"west": {"uv": [0.25, 13.875, 0.5, 14.25], "texture": "#2"},
				"up": {"uv": [13.875, 13.625, 13.25, 13.375], "texture": "#2"},
				"down": {"uv": [14.125, 1.375, 13.5, 1.625], "texture": "#2"}
			}
		},
		{
			"from": [2, 12, 7.5],
			"to": [6.5, 14, 9.5],
			"rotation": {"angle": -22.5, "axis": "x", "origin": [0.75, 13, 8.5]},
			"faces": {
				"north": {"uv": [13.5, 1.625, 14.0625, 1.875], "texture": "#2"},
				"east": {"uv": [13.875, 8.25, 14.125, 8.5], "texture": "#2"},
				"south": {"uv": [13.5, 2.875, 14.0625, 3.125], "texture": "#2"},
				"west": {"uv": [9.25, 13.875, 9.5, 14.125], "texture": "#2"},
				"up": {"uv": [14.0625, 4.75, 13.5, 4.5], "texture": "#2"},
				"down": {"uv": [14.0625, 7, 13.5, 7.25], "texture": "#2"}
			}
		},
		{
			"from": [9.5, 12, 7.5],
			"to": [14, 14, 9.5],
			"rotation": {"angle": -22.5, "axis": "x", "origin": [15.25, 13, 8.5]},
			"faces": {
				"north": {"uv": [10.75, 13.5, 11.3125, 13.75], "texture": "#2"},
				"east": {"uv": [13.875, 13.125, 14.125, 13.375], "texture": "#2"},
				"south": {"uv": [13.625, 6.75, 14.1875, 7], "texture": "#2"},
				"west": {"uv": [13.875, 13.375, 14.125, 13.625], "texture": "#2"},
				"up": {"uv": [7.8125, 13.875, 7.25, 13.625], "texture": "#2"},
				"down": {"uv": [14.1875, 7.75, 13.625, 8], "texture": "#2"}
			}
		},
		{
			"from": [9.5, 5, 3.75],
			"to": [14, 6, 8.25],
			"rotation": {"angle": 0, "axis": "y", "origin": [28.5, 4, 3.5]},
			"faces": {
				"north": {"uv": [2, 13.875, 2.5625, 14], "texture": "#2"},
				"east": {"uv": [13.875, 2, 14.4375, 2.125], "texture": "#2"},
				"south": {"uv": [13.875, 2.125, 14.4375, 2.25], "texture": "#2"},
				"west": {"uv": [13.875, 2.25, 14.4375, 2.375], "texture": "#2"},
				"up": {"uv": [12.8125, 2.4375, 12.25, 1.875], "texture": "#2"},
				"down": {"uv": [3.8125, 12.25, 3.25, 12.8125], "texture": "#2"}
			}
		},
		{
			"from": [7.5, 16.75, 6],
			"to": [8.5, 18.75, 7],
			"rotation": {"angle": -22.5, "axis": "x", "origin": [7.5, 17.75, 6]},
			"faces": {
				"north": {"uv": [3.875, 2.125, 4, 2.375], "texture": "#2"},
				"east": {"uv": [3.25, 12, 3.375, 12.25], "texture": "#2"},
				"south": {"uv": [0.75, 14.125, 0.875, 14.375], "texture": "#2"},
				"west": {"uv": [14.125, 7, 14.25, 7.25], "texture": "#2"},
				"up": {"uv": [0.75, 12.875, 0.625, 12.75], "texture": "#2"},
				"down": {"uv": [2.125, 12.75, 2, 12.875], "texture": "#2"}
			}
		},
		{
			"from": [6.5, 17.5, 4.25],
			"to": [9.5, 20.5, 5.25],
			"rotation": {"angle": 0, "axis": "y", "origin": [-9.5, 18.5, 3.25]},
			"faces": {
				"north": {"uv": [11.5, 2.5, 11.875, 2.875], "texture": "#2"},
				"east": {"uv": [10.75, 13.125, 10.875, 13.5], "texture": "#2"},
				"south": {"uv": [13.5, 2, 13.875, 2.375], "texture": "#2"},
				"west": {"uv": [12, 13.25, 12.125, 13.625], "texture": "#2"},
				"up": {"uv": [10.375, 3.625, 10, 3.5], "texture": "#2"},
				"down": {"uv": [2.875, 10.875, 2.5, 11], "texture": "#2"}
			}
		},
		{
			"from": [7, 18, 5.25],
			"to": [9, 20, 7.25],
			"rotation": {"angle": 0, "axis": "y", "origin": [-10, 19, 4.25]},
			"faces": {
				"north": {"uv": [11.5, 0.75, 11.75, 1], "texture": "#2"},
				"east": {"uv": [7.5, 12.875, 7.75, 13.125], "texture": "#2"},
				"south": {"uv": [2.875, 13.875, 3.125, 14.125], "texture": "#2"},
				"west": {"uv": [3.125, 13.875, 3.375, 14.125], "texture": "#2"},
				"up": {"uv": [3.625, 14.125, 3.375, 13.875], "texture": "#2"},
				"down": {"uv": [4.75, 13.875, 4.5, 14.125], "texture": "#2"}
			}
		},
		{
			"name": "octagon",
			"from": [-1.745, 0.34815, -10.995],
			"to": [1.245, 3.65185, -3.005],
			"rotation": {"angle": 45, "axis": "x", "origin": [-0.25, 2, -7]},
			"faces": {
				"north": {"uv": [5.375, 9, 5.75, 9.4375], "texture": "#2"},
				"east": {"uv": [9.75, 10, 10.75, 10.4375], "texture": "#2"},
				"south": {"uv": [2.5, 10.375, 2.875, 10.8125], "texture": "#2"},
				"west": {"uv": [0, 10.125, 1, 10.5625], "texture": "#2"},
				"up": {"uv": [3.375, 12, 3, 11], "texture": "#2"},
				"down": {"uv": [3.75, 11.25, 3.375, 12.25], "texture": "#2"}
			}
		},
		{
			"name": "octagon",
			"from": [-1.75, 0.34315, -11],
			"to": [1.25, 3.65685, -3],
			"rotation": {"angle": 0, "axis": "y", "origin": [5.25, 2, -7]},
			"faces": {
				"north": {"uv": [11.375, 3.5, 11.75, 3.9375], "texture": "#2"},
				"east": {"uv": [10.125, 1.125, 11.125, 1.5625], "texture": "#2"},
				"south": {"uv": [4.5, 13, 4.875, 13.4375], "texture": "#2"},
				"west": {"uv": [10.125, 1.625, 11.125, 2.0625], "texture": "#2"},
				"up": {"uv": [4.125, 12.25, 3.75, 11.25], "texture": "#2"},
				"down": {"uv": [4.5, 11.25, 4.125, 12.25], "texture": "#2"}
			}
		},
		{
			"name": "octagon",
			"from": [-1.745, -1.995, -8.65185],
			"to": [1.245, 5.995, -5.34815],
			"rotation": {"angle": 45, "axis": "x", "origin": [-0.25, 2, -7]},
			"faces": {
				"north": {"uv": [4.5, 11.25, 4.875, 12.25], "texture": "#2"},
				"east": {"uv": [2.875, 10, 3.3125, 11], "texture": "#2"},
				"south": {"uv": [6.875, 11.25, 7.25, 12.25], "texture": "#2"},
				"west": {"uv": [3.375, 10.25, 3.8125, 11.25], "texture": "#2"},
				"up": {"uv": [9.625, 13.4375, 9.25, 13], "texture": "#2"},
				"down": {"uv": [11.25, 13, 10.875, 13.4375], "texture": "#2"}
			}
		},
		{
			"name": "octagon",
			"from": [-1.755, -2.005, -8.66185],
			"to": [1.255, 6.005, -5.33815],
			"rotation": {"angle": 0, "axis": "y", "origin": [-0.25, 2, -7]},
			"faces": {
				"north": {"uv": [7.25, 11.25, 7.625, 12.25], "texture": "#2"},
				"east": {"uv": [3.875, 10.25, 4.3125, 11.25], "texture": "#2"},
				"south": {"uv": [7.625, 11.25, 8, 12.25], "texture": "#2"},
				"west": {"uv": [4.375, 10.25, 4.8125, 11.25], "texture": "#2"},
				"up": {"uv": [11.625, 13.4375, 11.25, 13], "texture": "#2"},
				"down": {"uv": [13.5, 1.375, 13.125, 1.8125], "texture": "#2"}
			}
		},
		{
			"name": "octagon",
			"from": [14.755, 0.34815, -10.995],
			"to": [17.745, 3.65185, -3.005],
			"rotation": {"angle": 45, "axis": "x", "origin": [16.25, 2, -7]},
			"faces": {
				"north": {"uv": [7.5, 13.125, 7.875, 13.5625], "texture": "#2"},
				"east": {"uv": [4.875, 10.25, 5.875, 10.6875], "texture": "#2"},
				"south": {"uv": [7.875, 13.125, 8.25, 13.5625], "texture": "#2"},
				"west": {"uv": [5.875, 10.25, 6.875, 10.6875], "texture": "#2"},
				"up": {"uv": [8.375, 12.25, 8, 11.25], "texture": "#2"},
				"down": {"uv": [8.75, 11.25, 8.375, 12.25], "texture": "#2"}
			}
		},
		{
			"name": "octagon",
			"from": [14.75, 0.34315, -11],
			"to": [17.75, 3.65685, -3],
			"rotation": {"angle": 0, "axis": "y", "origin": [10.75, 2, -7]},
			"faces": {
				"north": {"uv": [8.25, 13.125, 8.625, 13.5625], "texture": "#2"},
				"east": {"uv": [6.875, 10.25, 7.875, 10.6875], "texture": "#2"},
				"south": {"uv": [8.625, 13.125, 9, 13.5625], "texture": "#2"},
				"west": {"uv": [7.875, 10.25, 8.875, 10.6875], "texture": "#2"},
				"up": {"uv": [9.125, 12.25, 8.75, 11.25], "texture": "#2"},
				"down": {"uv": [1.125, 11.375, 0.75, 12.375], "texture": "#2"}
			}
		},
		{
			"name": "octagon",
			"from": [14.755, -1.995, -8.65185],
			"to": [17.745, 5.995, -5.34815],
			"rotation": {"angle": 45, "axis": "x", "origin": [16.25, 2, -7]},
			"faces": {
				"north": {"uv": [1.125, 11.375, 1.5, 12.375], "texture": "#2"},
				"east": {"uv": [8.875, 10.25, 9.3125, 11.25], "texture": "#2"},
				"south": {"uv": [1.5, 11.375, 1.875, 12.375], "texture": "#2"},
				"west": {"uv": [1, 10.375, 1.4375, 11.375], "texture": "#2"},
				"up": {"uv": [10, 13.5625, 9.625, 13.125], "texture": "#2"},
				"down": {"uv": [10.375, 13.125, 10, 13.5625], "texture": "#2"}
			}
		},
		{
			"name": "octagon",
			"from": [14.745, -2.005, -8.66185],
			"to": [17.755, 6.005, -5.33815],
			"rotation": {"angle": 0, "axis": "y", "origin": [16.25, 2, -7]},
			"faces": {
				"north": {"uv": [1.875, 11.375, 2.25, 12.375], "texture": "#2"},
				"east": {"uv": [1.5, 10.375, 1.9375, 11.375], "texture": "#2"},
				"south": {"uv": [11.5, 5.625, 11.875, 6.625], "texture": "#2"},
				"west": {"uv": [2, 10.375, 2.4375, 11.375], "texture": "#2"},
				"up": {"uv": [10.75, 13.5625, 10.375, 13.125], "texture": "#2"},
				"down": {"uv": [12.5, 13.125, 12.125, 13.5625], "texture": "#2"}
			}
		},
		{
			"name": "octagon",
			"from": [-0.495, 0.34815, 17.505],
			"to": [2.495, 3.65185, 25.495],
			"rotation": {"angle": 45, "axis": "x", "origin": [1, 2, 21.5]},
			"faces": {
				"north": {"uv": [12.5, 13.125, 12.875, 13.5625], "texture": "#2"},
				"east": {"uv": [10.375, 3.5, 11.375, 3.9375], "texture": "#2"},
				"south": {"uv": [12.875, 13.125, 13.25, 13.5625], "texture": "#2"},
				"west": {"uv": [9.375, 10.5, 10.375, 10.9375], "texture": "#2"},
				"up": {"uv": [12, 11.5, 11.625, 10.5], "texture": "#2"},
				"down": {"uv": [11.25, 11.625, 10.875, 12.625], "texture": "#2"}
			}
		},
		{
			"name": "octagon",
			"from": [-0.5, 0.34315, 17.5],
			"to": [2.5, 3.65685, 25.5],
			"rotation": {"angle": 0, "axis": "y", "origin": [6.5, 2, 21.5]},
			"faces": {
				"north": {"uv": [0, 13.25, 0.375, 13.6875], "texture": "#2"},
				"east": {"uv": [10.375, 10.5, 11.375, 10.9375], "texture": "#2"},
				"south": {"uv": [0.375, 13.25, 0.75, 13.6875], "texture": "#2"},
				"west": {"uv": [0, 10.625, 1, 11.0625], "texture": "#2"},
				"up": {"uv": [11.625, 12.625, 11.25, 11.625], "texture": "#2"},
				"down": {"uv": [12, 11.5, 11.625, 12.5], "texture": "#2"}
			}
		},
		{
			"name": "octagon",
			"from": [-0.495, -1.995, 19.84815],
			"to": [2.495, 5.995, 23.15185],
			"rotation": {"angle": 45, "axis": "x", "origin": [1, 2, 21.5]},
			"faces": {
				"north": {"uv": [0, 11.75, 0.375, 12.75], "texture": "#2"},
				"east": {"uv": [4.875, 10.75, 5.3125, 11.75], "texture": "#2"},
				"south": {"uv": [11.75, 0, 12.125, 1], "texture": "#2"},
				"west": {"uv": [5.375, 10.75, 5.8125, 11.75], "texture": "#2"},
				"up": {"uv": [1.125, 13.6875, 0.75, 13.25], "texture": "#2"},
				"down": {"uv": [1.5, 13.25, 1.125, 13.6875], "texture": "#2"}
			}
		},
		{
			"name": "octagon",
			"from": [-0.505, -2.005, 19.83815],
			"to": [2.505, 6.005, 23.16185],
			"rotation": {"angle": 0, "axis": "y", "origin": [1, 2, 21.5]},
			"faces": {
				"north": {"uv": [0.375, 11.75, 0.75, 12.75], "texture": "#2"},
				"east": {"uv": [5.875, 10.75, 6.3125, 11.75], "texture": "#2"},
				"south": {"uv": [11.75, 3.5, 12.125, 4.5], "texture": "#2"},
				"west": {"uv": [6.375, 10.75, 6.8125, 11.75], "texture": "#2"},
				"up": {"uv": [1.875, 13.6875, 1.5, 13.25], "texture": "#2"},
				"down": {"uv": [2.25, 13.25, 1.875, 13.6875], "texture": "#2"}
			}
		},
		{
			"name": "octagon",
			"from": [13.505, 0.34815, 17.505],
			"to": [16.495, 3.65185, 25.495],
			"rotation": {"angle": 45, "axis": "x", "origin": [15, 2, 21.5]},
			"faces": {
				"north": {"uv": [2.25, 13.25, 2.625, 13.6875], "texture": "#2"},
				"east": {"uv": [10.625, 6.75, 11.625, 7.1875], "texture": "#2"},
				"south": {"uv": [2.625, 13.25, 3, 13.6875], "texture": "#2"},
				"west": {"uv": [10.75, 4, 11.75, 4.4375], "texture": "#2"},
				"up": {"uv": [5.25, 12.75, 4.875, 11.75], "texture": "#2"},
				"down": {"uv": [5.625, 11.75, 5.25, 12.75], "texture": "#2"}
			}
		},
		{
			"name": "octagon",
			"from": [13.5, 0.34315, 17.5],
			"to": [16.5, 3.65685, 25.5],
			"rotation": {"angle": 0, "axis": "y", "origin": [9.5, 2, 21.5]},
			"faces": {
				"north": {"uv": [3, 13.25, 3.375, 13.6875], "texture": "#2"},
				"east": {"uv": [6.875, 10.75, 7.875, 11.1875], "texture": "#2"},
				"south": {"uv": [3.375, 13.25, 3.75, 13.6875], "texture": "#2"},
				"west": {"uv": [7.875, 10.75, 8.875, 11.1875], "texture": "#2"},
				"up": {"uv": [6, 12.75, 5.625, 11.75], "texture": "#2"},
				"down": {"uv": [6.375, 11.75, 6, 12.75], "texture": "#2"}
			}
		},
		{
			"name": "octagon",
			"from": [13.505, -1.995, 19.84815],
			"to": [16.495, 5.995, 23.15185],
			"rotation": {"angle": 45, "axis": "x", "origin": [15, 2, 21.5]},
			"faces": {
				"north": {"uv": [6.375, 11.75, 6.75, 12.75], "texture": "#2"},
				"east": {"uv": [2.5, 11, 2.9375, 12], "texture": "#2"},
				"south": {"uv": [11.875, 1.875, 12.25, 2.875], "texture": "#2"},
				"west": {"uv": [9.375, 11, 9.8125, 12], "texture": "#2"},
				"up": {"uv": [4.125, 13.6875, 3.75, 13.25], "texture": "#2"},
				"down": {"uv": [6.875, 13.25, 6.5, 13.6875], "texture": "#2"}
			}
		},
		{
			"name": "octagon",
			"from": [13.495, -2.005, 19.83815],
			"to": [16.505, 6.005, 23.16185],
			"rotation": {"angle": 0, "axis": "y", "origin": [15, 2, 21.5]},
			"faces": {
				"north": {"uv": [11.875, 4.75, 12.25, 5.75], "texture": "#2"},
				"east": {"uv": [9.875, 11, 10.3125, 12], "texture": "#2"},
				"south": {"uv": [11.875, 5.75, 12.25, 6.75], "texture": "#2"},
				"west": {"uv": [10.375, 11, 10.8125, 12], "texture": "#2"},
				"up": {"uv": [7.25, 13.6875, 6.875, 13.25], "texture": "#2"},
				"down": {"uv": [12, 13.25, 11.625, 13.6875], "texture": "#2"}
			}
		},
		{
			"from": [4.46694, 8.005, -11.80366],
			"to": [8.45694, 10.995, -6.81366],
			"rotation": {"angle": -22.5, "axis": "y", "origin": [6.46194, 9.5, -9.30866]},
			"faces": {
				"north": {"uv": [6.5, 12.875, 7, 13.25], "texture": "#2"},
				"east": {"uv": [10.25, 12.75, 10.875, 13.125], "texture": "#2"},
				"south": {"uv": [7, 12.875, 7.5, 13.25], "texture": "#2"},
				"west": {"uv": [12.875, 2, 13.5, 2.375], "texture": "#2"},
				"up": {"uv": [12.75, 6, 12.25, 5.375], "texture": "#2"},
				"down": {"uv": [12.75, 6, 12.25, 6.625], "texture": "#2"}
			}
		},
		{
			"from": [6.5, 8, -9],
			"to": [9.5, 11, -3],
			"rotation": {"angle": 22.5, "axis": "x", "origin": [8, 9.5, -5.5]},
			"faces": {
				"north": {"uv": [4.5, 13.5, 4.875, 13.875], "texture": "#2"},
				"east": {"uv": [5.875, 4, 6.625, 4.375], "texture": "#2"},
				"south": {"uv": [9.25, 13.5, 9.625, 13.875], "texture": "#2"},
				"west": {"uv": [7.875, 3.625, 8.625, 4], "texture": "#2"},
				"up": {"uv": [4.875, 13, 4.5, 12.25], "texture": "#2"},
				"down": {"uv": [9.625, 12.25, 9.25, 13], "texture": "#2"}
			}
		},
		{
			"from": [7.5, 8, -12],
			"to": [11.5, 11, -7],
			"rotation": {"angle": 22.5, "axis": "y", "origin": [10, 9.5, -9.5]},
			"faces": {
				"north": {"uv": [12.875, 10, 13.375, 10.375], "texture": "#2"},
				"east": {"uv": [3.75, 12.875, 4.375, 13.25], "texture": "#2"},
				"south": {"uv": [11.625, 12.875, 12.125, 13.25], "texture": "#2"},
				"west": {"uv": [12.875, 4.5, 13.5, 4.875], "texture": "#2"},
				"up": {"uv": [7.25, 12.875, 6.75, 12.25], "texture": "#2"},
				"down": {"uv": [7.75, 12.25, 7.25, 12.875], "texture": "#2"}
			}
		},
		{
			"from": [4.25, 10.5, 0.5],
			"to": [4.75, 11, 2.5],
			"rotation": {"angle": -22.5, "axis": "x", "origin": [7.25, 10.75, 2]},
			"faces": {
				"north": {"uv": [14.25, 11.75, 14.3125, 11.8125], "texture": "#2"},
				"east": {"uv": [3.375, 14.25, 3.625, 14.3125], "texture": "#2"},
				"south": {"uv": [11.875, 14.25, 11.9375, 14.3125], "texture": "#2"},
				"west": {"uv": [3.75, 14.25, 4, 14.3125], "texture": "#2"},
				"up": {"uv": [4.5625, 14.5, 4.5, 14.25], "texture": "#2"},
				"down": {"uv": [4.6875, 14.25, 4.625, 14.5], "texture": "#2"}
			}
		},
		{
			"from": [2.25, 8.5, 2.525],
			"to": [6.75, 13, 2.525],
			"rotation": {"angle": -22.5, "axis": "x", "origin": [9.25, 10.75, 2]},
			"faces": {
				"north": {"uv": [12.8125, 4.75, 12.25, 5.3125], "texture": "#2"},
				"south": {"uv": [12.25, 4.75, 12.8125, 5.3125], "texture": "#2"}
			}
		}
	],
	"display": {
		"thirdperson": {
			"rotation": [0, 80, 180],
			"translation": [0, 0, -2],
			"scale": [0.3, 0.3, 0.255]
		},
		"firstperson": {
			"rotation": [0, 0, 0],
			"translation": [0, 2.8, 0],
			"scale": [0.7, 0.7, 0.7]
		},
		"ground": {
			"translation": [0, 0, 0],
			"scale": [1.5, 1.5, 1.28]
		},
		"gui": {
			"rotation": [0, -180, 0],
			"translation": [0, 0.3, 0],
			"scale": [0.65, 0.65, 0.65]
		},
		"head": {
			"rotation": [0, 0, 0],
			"translation": [6.5, 2, 3],
			"scale": [3.5, 3.5, 3.5]
		}
	},
	"groups": [
		0,
		1,
		{
			"name": "group",
			"origin": [-1, 6.52724, -5.54037],
			"color": 0,
			"children": [2, 3, 4, 5, 6, 7]
		},
		{
			"name": "group",
			"origin": [-2.5, 8.75, -11.75],
			"color": 0,
			"children": [8, 9, 10, 11]
		},
		12,
		{
			"name": "group",
			"origin": [-2.5, 5.5, 10.25],
			"color": 0,
			"children": [13, 14, 15]
		},
		{
			"name": "group",
			"origin": [-1, 13.97963, 1.00996],
			"color": 0,
			"children": [16, 17, 18]
		},
		{
			"name": "group",
			"origin": [-0.5, 5.75, -0.5],
			"color": 0,
			"children": [19, 20, 21, 22, 23, 24, 25, 26]
		},
		27,
		28,
		{
			"name": "group",
			"origin": [0, 5.74494, 17.5584],
			"color": 0,
			"children": [29, 30, 31, 32, 33]
		},
		34,
		{
			"name": "group",
			"origin": [-0.5, 7.23028, 29.08735],
			"color": 0,
			"children": [35, 36]
		},
		{
			"name": "group",
			"origin": [-2.5, 7.5, 15.75],
			"color": 0,
			"children": [37, 38, 39, 40, 41, 42, 43, 44]
		},
		{
			"name": "group",
			"origin": [0, 17, 5.975],
			"color": 0,
			"children": [45, 46, 47]
		},
		{
			"name": "group",
			"origin": [0, 17, 5.975],
			"color": 0,
			"children": [48, 49, 50]
		},
		51,
		{
			"name": "group",
			"origin": [0, 6.15224, 5.23463],
			"color": 0,
			"children": [52, 53, 54, 55]
		},
		{
			"name": "group",
			"origin": [0, 13.75, 6.75],
			"color": 0,
			"children": [56, 57, 58, 59]
		},
		60,
		61,
		62,
		{
			"name": "group",
			"origin": [0, 19, 4.25],
			"color": 0,
			"children": [63, 64, 65]
		},
		{
			"name": "octagon",
			"origin": [8, 8, 8],
			"color": 0,
			"children": [66, 67, 68, 69]
		},
		{
			"name": "octagon",
			"origin": [8, 8, 8],
			"color": 0,
			"children": [70, 71, 72, 73]
		},
		{
			"name": "octagon",
			"origin": [8, 8, 8],
			"color": 0,
			"children": [74, 75, 76, 77]
		},
		{
			"name": "octagon",
			"origin": [8, 8, 8],
			"color": 0,
			"children": [78, 79, 80, 81]
		},
		82,
		83,
		84,
		85,
		86
	]
}