{
	"credit": "Made with Blockbench",
	"texture_size": [64, 64],
	"textures": {
		"0": "grenades/smoke_grenade",
		"particle": "grenades/smoke_grenade"
	},
	"elements": [
		{
			"from": [4.25, -1.5, 4.25],
			"to": [11.75, -0.5, 11.75],
			"rotation": {"angle": 0, "axis": "y", "origin": [2.25, -1.5, 2.25]},
			"faces": {
				"north": {"uv": [2.5, 7.25, 4.375, 7.5], "texture": "#0"},
				"east": {"uv": [7.25, 3.5, 9.125, 3.75], "texture": "#0"},
				"south": {"uv": [7.25, 3.75, 9.125, 4], "texture": "#0"},
				"west": {"uv": [7.25, 4, 9.125, 4.25], "texture": "#0"},
				"up": {"uv": [5.375, 1.875, 3.5, 0], "texture": "#0"},
				"down": {"uv": [5.375, 2, 3.5, 3.875], "texture": "#0"}
			}
		},
		{
			"from": [4.25, 12, 4.25],
			"to": [11.75, 13, 11.75],
			"rotation": {"angle": 0, "axis": "y", "origin": [2.25, 13, 2.25]},
			"faces": {
				"north": {"uv": [2.5, 7.5, 4.375, 7.25], "texture": "#0"},
				"east": {"uv": [7.25, 3.75, 9.125, 3.5], "texture": "#0"},
				"south": {"uv": [7.25, 4, 9.125, 3.75], "texture": "#0"},
				"west": {"uv": [7.25, 4.25, 9.125, 4], "texture": "#0"},
				"up": {"uv": [5.375, 3.875, 3.5, 2], "texture": "#0"},
				"down": {"uv": [5.375, 0, 3.5, 1.875], "texture": "#0"}
			}
		},
		{
			"from": [6.25, 12.5, 6.25],
			"to": [9.75, 13.5, 9.75],
			"rotation": {"angle": 0, "axis": "y", "origin": [6.25, 12.5, 3.25]},
			"faces": {
				"north": {"uv": [7.5, 1.5, 8.375, 1.75], "texture": "#0"},
				"east": {"uv": [7.5, 1.75, 8.375, 2], "texture": "#0"},
				"south": {"uv": [2.5, 7.5, 3.375, 7.75], "texture": "#0"},
				"west": {"uv": [3.5, 7.5, 4.375, 7.75], "texture": "#0"},
				"up": {"uv": [6.125, 7.625, 5.25, 6.75], "texture": "#0"},
				"down": {"uv": [7.625, 5.5, 6.75, 6.375], "texture": "#0"}
			}
		},
		{
			"from": [4.5, -0.5, 4.5],
			"to": [11.5, 12, 11.5],
			"rotation": {"angle": 0, "axis": "y", "origin": [2.5, -2.5, 2.25]},
			"faces": {
				"north": {"uv": [1.75, 0, 3.5, 3.125], "texture": "#0"},
				"east": {"uv": [1.75, 0, 3.5, 3.125], "texture": "#0"},
				"south": {"uv": [1.75, 0, 3.5, 3.125], "texture": "#0"},
				"west": {"uv": [1.75, 0, 3.5, 3.125], "texture": "#0"},
				"up": {"uv": [7.25, 3.75, 5.5, 2], "texture": "#0"},
				"down": {"uv": [7.25, 3.75, 5.5, 5.5], "texture": "#0"}
			}
		},
		{
			"from": [7, 16.25, 5.5],
			"to": [9, 17.25, 11.5],
			"rotation": {"angle": 0, "axis": "y", "origin": [7, 15.25, 8.5]},
			"faces": {
				"north": {"uv": [7.5, 6.75, 8, 7], "texture": "#0"},
				"east": {"uv": [7.25, 5.25, 8.75, 5.5], "texture": "#0"},
				"south": {"uv": [7.5, 7, 8, 7.25], "texture": "#0"},
				"west": {"uv": [7.25, 6.5, 8.75, 6.75], "texture": "#0"},
				"up": {"uv": [6.75, 8.25, 6.25, 6.75], "texture": "#0"},
				"down": {"uv": [7.25, 6.5, 6.75, 8], "texture": "#0"}
			}
		},
		{
			"from": [7.005, 11.29202, 11.69111],
			"to": [8.995, 17.28202, 12.68111],
			"rotation": {"angle": -22.5, "axis": "x", "origin": [8, 14.28702, 12.18611]},
			"faces": {
				"north": {"uv": [0.5, 7.25, 1, 8.75], "texture": "#0"},
				"east": {"uv": [4.5, 7.25, 4.75, 8.75], "texture": "#0"},
				"south": {"uv": [1, 7.25, 1.5, 8.75], "texture": "#0"},
				"west": {"uv": [7.25, 6.75, 7.5, 8.25], "texture": "#0"},
				"up": {"uv": [8, 7.5, 7.5, 7.25], "texture": "#0"},
				"down": {"uv": [8, 7.5, 7.5, 7.75], "texture": "#0"}
			}
		},
		{
			"from": [7, 1.70672, 12.7961],
			"to": [9, 11.70672, 13.7961],
			"rotation": {"angle": 0, "axis": "y", "origin": [8, 9.70672, 13.2961]},
			"faces": {
				"north": {"uv": [4.75, 6, 5.25, 8.5], "texture": "#0"},
				"east": {"uv": [1.5, 7.25, 1.75, 9.75], "texture": "#0"},
				"south": {"uv": [0, 6.5, 0.5, 9], "texture": "#0"},
				"west": {"uv": [1.75, 7.25, 2, 9.75], "texture": "#0"},
				"up": {"uv": [8.25, 2.25, 7.75, 2], "texture": "#0"},
				"down": {"uv": [8.25, 2.25, 7.75, 2.5], "texture": "#0"}
			}
		},
		{
			"from": [7.25, 13.5, 6.25],
			"to": [8.75, 16.5, 12.25],
			"rotation": {"angle": 0, "axis": "y", "origin": [7, 13.5, 6.25]},
			"faces": {
				"north": {"uv": [7.5, 0, 7.875, 0.75], "texture": "#0"},
				"east": {"uv": [0.5, 6.5, 2, 7.25], "texture": "#0"},
				"west": {"uv": [2, 6.5, 3.5, 7.25], "texture": "#0"},
				"up": {"uv": [2.375, 8.75, 2, 7.25], "texture": "#0"},
				"down": {"uv": [7.625, 2, 7.25, 3.5], "texture": "#0"}
			}
		},
		{
			"from": [5.75, 12.35, 6],
			"to": [5.75, 16.85, 10.5],
			"rotation": {"angle": -45, "axis": "z", "origin": [5.75, 14.6, 8.25]},
			"faces": {
				"north": {"uv": [0, 0, 0, 1.125], "texture": "#0"},
				"east": {"uv": [3.5, 6, 4.625, 7.125], "texture": "#0"},
				"south": {"uv": [0, 0, 0, 1.125], "texture": "#0"},
				"west": {"uv": [3.5, 6, 4.625, 7.125], "texture": "#0"},
				"up": {"uv": [0, 1.125, 0, 0], "texture": "#0"},
				"down": {"uv": [0, 0, 0, 1.125], "texture": "#0"}
			}
		}
	],
	"display": {
		"thirdperson": {
			"rotation": [90, 0, -180],
			"translation": [0, 2, -1.2],
			"scale": [0.3, 0.3, 0.3]
		},
		"firstperson": {
			"rotation": [0, -55, 0],
			"translation": [-6, 5, 1.2],
			"scale": [0.35, 0.35, 0.35]
		},
		"ground": {
			"translation": [0, 2, 0],
			"scale": [1, 1, 1]
		},
		"gui": {
			"rotation": [30, 0, 0],
			"scale": [0.8, 0.8, 0.8]
		}
	}
}