{
	"credit": "Made with Blockbench",
	"texture_size": [64, 64],
	"textures": {
		"2": "armor/ghillie_helmet",
		"particle": "armor/ghillie_helmet"
	},
	"elements": [
		{
			"from": [3.75, 3.75, 3.75],
			"to": [12.25, 12.25, 12.25],
			"rotation": {"angle": 0, "axis": "y", "origin": [4.25, 3.75, 4.25]},
			"faces": {
				"north": {"uv": [4.5, 4.5, 6.625, 6.625], "texture": "#2"},
				"east": {"uv": [0, 5.5, 2.125, 7.625], "texture": "#2"},
				"south": {"uv": [2.25, 5.5, 4.375, 7.625], "texture": "#2"},
				"west": {"uv": [4.5, 6.75, 6.625, 8.875], "texture": "#2"},
				"up": {"uv": [8.875, 6.625, 6.75, 4.5], "texture": "#2"},
				"down": {"uv": [8.875, 6.75, 6.75, 8.875], "texture": "#2"}
			}
		},
		{
			"from": [1.80554, 2.75, 6.82753],
			"to": [1.80554, 13.25, 15.32753],
			"rotation": {"angle": -22.5, "axis": "y", "origin": [8, 8, 10.67649]},
			"faces": {
				"north": {"uv": [0, 0, 0, 2.625], "texture": "#2"},
				"east": {"uv": [0, 0, 2.125, 2.625], "texture": "#2"},
				"south": {"uv": [0, 0, 0, 2.625], "texture": "#2"},
				"west": {"uv": [2.25, 0, 4.375, 2.625], "texture": "#2"},
				"up": {"uv": [0, 2.125, 0, 0], "texture": "#2"},
				"down": {"uv": [0, 0, 0, 2.125], "texture": "#2"}
			}
		},
		{
			"from": [14.19446, 2.75, 6.82753],
			"to": [14.19446, 13.25, 15.32753],
			"rotation": {"angle": 22.5, "axis": "y", "origin": [8, 8, 10.67649]},
			"faces": {
				"north": {"uv": [0, 0, 0, 2.625], "texture": "#2"},
				"east": {"uv": [0, 2.75, 2.125, 5.375], "texture": "#2"},
				"south": {"uv": [0, 0, 0, 2.625], "texture": "#2"},
				"west": {"uv": [2.25, 2.75, 4.375, 5.375], "texture": "#2"},
				"up": {"uv": [0, 2.125, 0, 0], "texture": "#2"},
				"down": {"uv": [0, 0, 0, 2.125], "texture": "#2"}
			}
		},
		{
			"from": [2.75, 14.19446, 6.82753],
			"to": [13.25, 14.19446, 15.32753],
			"rotation": {"angle": -22.5, "axis": "x", "origin": [8, 8, 10.67649]},
			"faces": {
				"north": {"uv": [0, 0, 2.625, 0], "texture": "#2"},
				"east": {"uv": [0, 0, 2.125, 0], "texture": "#2"},
				"south": {"uv": [0, 0, 2.625, 0], "texture": "#2"},
				"west": {"uv": [0, 0, 2.125, 0], "texture": "#2"},
				"up": {"uv": [7.125, 2.125, 4.5, 0], "texture": "#2"},
				"down": {"uv": [7.125, 2.25, 4.5, 4.375], "texture": "#2"}
			}
		}
	],
	"display": {
		"thirdperson": {
			"rotation": [0,  0, 180],
			"translation": [0, 1.2, -2.8],
			"scale": [0.45, 0.45, 0.45]
		},
		"firstperson": {
			"rotation": [0, 0, 0],
			"translation": [-6, 5, 1.2],
			"scale": [0.55, 0.55, 0.55]
		},
		"ground": {
			"translation": [0, 2, 0],
			"scale": [1.5, 1.5, 1.5]
		},
		"gui": {
			"rotation": [30, 0, 0],
			"scale": [1.25, 1.25, 1.25]
		},
		"head": {
			"scale": [1.9, 1.9, 1.9]
		}
	}
}