{
	"credit": "Made with Blockbench",
	"texture_size": [64, 64],
	"textures": {
		"1": "armor/ballistic_helmet"
	},
	"elements": [
		{
			"from": [3, 3.5, 6.5],
			"to": [13, 12.5, 12.5],
			"rotation": {"angle": 0, "axis": "y", "origin": [4.5, 3.5, 4.15]},
			"faces": {
				"north": {"uv": [0, 0, 2.5, 2.25], "texture": "#1"},
				"east": {"uv": [2, 6, 3.5, 8.25], "texture": "#1"},
				"south": {"uv": [0, 2.25, 2.5, 4.5], "texture": "#1"},
				"west": {"uv": [6.5, 0, 8, 2.25], "texture": "#1"},
				"up": {"uv": [4.5, 6, 2, 4.5], "texture": "#1"},
				"down": {"uv": [7, 2.25, 4.5, 3.75], "texture": "#1"}
			}
		},
		{
			"from": [4.25, 4.25, 5.25],
			"to": [11.75, 13.25, 13.25],
			"rotation": {"angle": 0, "axis": "y", "origin": [4.25, 3.5, 4.15]},
			"faces": {
				"north": {"uv": [0, 4.5, 1.875, 6.75], "texture": "#1"},
				"east": {"uv": [2.5, 0, 4.5, 2.25], "texture": "#1"},
				"south": {"uv": [4.5, 0, 6.375, 2.25], "texture": "#1"},
				"west": {"uv": [2.5, 2.25, 4.5, 4.5], "texture": "#1"},
				"up": {"uv": [6.375, 5.75, 4.5, 3.75], "texture": "#1"},
				"down": {"uv": [6.375, 5.75, 4.5, 7.75], "texture": "#1"}
			}
		},
		{
			"from": [4.02917, 8.30553, 5.75],
			"to": [6.02917, 13.30553, 12.75],
			"rotation": {"angle": 22.5, "axis": "z", "origin": [5.27917, 8.80553, 9.25]},
			"faces": {
				"north": {"uv": [2.75, 8.25, 3.25, 9.5], "texture": "#1"},
				"east": {"uv": [6.5, 3.75, 8.25, 5], "texture": "#1"},
				"south": {"uv": [8.25, 4.75, 8.75, 6], "texture": "#1"},
				"west": {"uv": [6.5, 5, 8.25, 6.25], "texture": "#1"},
				"up": {"uv": [4, 7.75, 3.5, 6], "texture": "#1"},
				"down": {"uv": [4.5, 6, 4, 7.75], "texture": "#1"}
			}
		},
		{
			"from": [9.97083, 8.30553, 5.75],
			"to": [11.97083, 13.30553, 12.75],
			"rotation": {"angle": -22.5, "axis": "z", "origin": [10.72083, 8.80553, 9.25]},
			"faces": {
				"north": {"uv": [8.25, 6, 8.75, 7.25], "texture": "#1"},
				"east": {"uv": [6.5, 6.25, 8.25, 7.5], "texture": "#1"},
				"south": {"uv": [3.25, 8.5, 3.75, 9.75], "texture": "#1"},
				"west": {"uv": [0, 6.75, 1.75, 8], "texture": "#1"},
				"up": {"uv": [6.25, 9.5, 5.75, 7.75], "texture": "#1"},
				"down": {"uv": [0.5, 8, 0, 9.75], "texture": "#1"}
			}
		},
		{
			"from": [3.5, 9.5, 3.5],
			"to": [12.5, 12.5, 6.5],
			"rotation": {"angle": 0, "axis": "y", "origin": [8, 11, 4.5]},
			"faces": {
				"north": {"uv": [3.5, 7.75, 5.75, 8.5], "texture": "#1"},
				"east": {"uv": [3.75, 8.5, 4.5, 9.25], "texture": "#1"},
				"south": {"uv": [8, 0, 10.25, 0.75], "texture": "#1"},
				"west": {"uv": [4.5, 8.5, 5.25, 9.25], "texture": "#1"},
				"up": {"uv": [10.25, 1.5, 8, 0.75], "texture": "#1"},
				"down": {"uv": [10.25, 1.5, 8, 2.25], "texture": "#1"}
			}
		},
		{
			"from": [3.505, 8.77821, 3.6588],
			"to": [12.495, 10.26821, 7.1488],
			"rotation": {"angle": 22.5, "axis": "x", "origin": [8, 9.52321, 5.4038]},
			"faces": {
				"north": {"uv": [7, 3.25, 9.25, 3.625], "texture": "#1"},
				"east": {"uv": [8.75, 5.5, 9.625, 5.875], "texture": "#1"},
				"south": {"uv": [0.5, 8.25, 2.75, 8.625], "texture": "#1"},
				"west": {"uv": [8.75, 6, 9.625, 6.375], "texture": "#1"},
				"up": {"uv": [9.25, 3.125, 7, 2.25], "texture": "#1"},
				"down": {"uv": [8.75, 7.5, 6.5, 8.375], "texture": "#1"}
			}
		},
		{
			"from": [11.75, 3.46139, 3.51724],
			"to": [12.75, 4.96139, 9.51724],
			"rotation": {"angle": -22.5, "axis": "x", "origin": [8, 4.27851, 4.92978]},
			"faces": {
				"north": {"uv": [6.25, 7.75, 6.5, 8.125], "texture": "#1"},
				"east": {"uv": [6.25, 8.5, 7.75, 8.875], "texture": "#1"},
				"south": {"uv": [2.25, 8.75, 2.5, 9.125], "texture": "#1"},
				"west": {"uv": [7.75, 8.5, 9.25, 8.875], "texture": "#1"},
				"up": {"uv": [2, 8.25, 1.75, 6.75], "texture": "#1"},
				"down": {"uv": [5.5, 8.5, 5.25, 10], "texture": "#1"}
			}
		},
		{
			"from": [3.25, 3.46139, 3.51724],
			"to": [4.25, 4.96139, 9.51724],
			"rotation": {"angle": -22.5, "axis": "x", "origin": [8, 4.27851, 4.92978]},
			"faces": {
				"north": {"uv": [2.5, 8.75, 2.75, 9.125], "texture": "#1"},
				"east": {"uv": [0.5, 8.75, 2, 9.125], "texture": "#1"},
				"south": {"uv": [8.75, 6.5, 9, 6.875], "texture": "#1"},
				"west": {"uv": [8.75, 4.75, 10.25, 5.125], "texture": "#1"},
				"up": {"uv": [5.75, 10, 5.5, 8.5], "texture": "#1"},
				"down": {"uv": [2.25, 8.75, 2, 10.25], "texture": "#1"}
			}
		},
		{
			"from": [3.75, 2.98303, 2.93746],
			"to": [12.25, 4.48303, 3.93746],
			"rotation": {"angle": 0, "axis": "y", "origin": [8, 3.73303, 3.43746]},
			"faces": {
				"north": {"uv": [8.25, 3.75, 10.375, 4.125], "texture": "#1"},
				"east": {"uv": [8.75, 7.5, 9, 7.875], "texture": "#1"},
				"south": {"uv": [8.25, 4.25, 10.375, 4.625], "texture": "#1"},
				"west": {"uv": [8.75, 8, 9, 8.375], "texture": "#1"},
				"up": {"uv": [10.375, 7.5, 8.25, 7.25], "texture": "#1"},
				"down": {"uv": [10.875, 5.25, 8.75, 5.5], "texture": "#1"}
			}
		}
	],
	"display": {
		"thirdperson": {
			"rotation": [0,  0, 180],
			"translation": [0, 1.2, -2.8],
			"scale": [0.45, 0.45, 0.45]
		},
		"firstperson": {
			"rotation": [0, 0, 0],
			"translation": [-6, 5, 1.2],
			"scale": [0.55, 0.55, 0.55]
		},
		"ground": {
			"translation": [0, 2, 0],
			"scale": [1.5, 1.5, 1.5]
		},
		"gui": {
			"rotation": [30, 0, 0],
			"scale": [1.35, 1.35, 1.35]
		},
		"head": {
			"scale": [1.8, 1.8, 1.8]
		}
	}
}