{
	"credit": "Made with Blockbench",
	"texture_size": [64, 64],
	"textures": {
		"1": "grenades/grenade"
	},
	"elements": [
		{
			"from": [3, 0, 3],
			"to": [13, 10, 13],
			"rotation": {"angle": 0, "axis": "y", "origin": [1, 0, -1]},
			"faces": {
				"north": {"uv": [2.5, 2.5, 5, 5], "texture": "#1"},
				"east": {"uv": [0, 2.5, 2.5, 5], "texture": "#1"},
				"south": {"uv": [2.5, 2.5, 5, 5], "texture": "#1"},
				"west": {"uv": [2.5, 2.5, 5, 5], "texture": "#1"},
				"up": {"uv": [2.5, 7.5, 0, 5], "texture": "#1"},
				"down": {"uv": [2.5, 7.5, 0, 5], "texture": "#1"}
			}
		},
		{
			"from": [6, 10, 6],
			"to": [10, 11, 10],
			"rotation": {"angle": 0, "axis": "y", "origin": [6, 0, 0]},
			"faces": {
				"north": {"uv": [8, 2.25, 9, 2.5], "texture": "#1"},
				"east": {"uv": [2.5, 8, 3.5, 8.25], "texture": "#1"},
				"south": {"uv": [8, 3.5, 9, 3.75], "texture": "#1"},
				"west": {"uv": [8, 3.75, 9, 4], "texture": "#1"},
				"up": {"uv": [8, 4.5, 7, 3.5], "texture": "#1"},
				"down": {"uv": [7.75, 7, 6.75, 8], "texture": "#1"}
			}
		},
		{
			"from": [5.75, 11, 5.75],
			"to": [10.25, 12, 10.25],
			"rotation": {"angle": 0, "axis": "y", "origin": [5.75, 0, 0]},
			"faces": {
				"north": {"uv": [7.75, 6, 8.875, 6.25], "texture": "#1"},
				"east": {"uv": [8, 1.5, 9.125, 1.75], "texture": "#1"},
				"south": {"uv": [8, 1.75, 9.125, 2], "texture": "#1"},
				"west": {"uv": [8, 2, 9.125, 2.25], "texture": "#1"},
				"up": {"uv": [7.125, 5.625, 6, 4.5], "texture": "#1"},
				"down": {"uv": [7.125, 5.75, 6, 6.875], "texture": "#1"}
			}
		},
		{
			"from": [6.5, 15.5, 5.25],
			"to": [9.5, 16.5, 11.75],
			"rotation": {"angle": 0, "axis": "y", "origin": [7, 0, 0]},
			"faces": {
				"north": {"uv": [8, 4, 8.75, 4.25], "texture": "#1"},
				"east": {"uv": [7.75, 5.5, 9.375, 5.75], "texture": "#1"},
				"south": {"uv": [8, 4.25, 8.75, 4.5], "texture": "#1"},
				"west": {"uv": [7.75, 5.75, 9.375, 6], "texture": "#1"},
				"up": {"uv": [4.5, 8.625, 3.75, 7], "texture": "#1"},
				"down": {"uv": [6.75, 7, 6, 8.625], "texture": "#1"}
			}
		},
		{
			"from": [6.505, 6.21329, 12.80215],
			"to": [9.495, 16.70329, 13.79215],
			"rotation": {"angle": -22.5, "axis": "x", "origin": [8, 11.45829, 13.29715]},
			"faces": {
				"north": {"uv": [4.5, 5, 5.25, 7.625], "texture": "#1"},
				"east": {"uv": [5.75, 7.25, 6, 9.875], "texture": "#1"},
				"south": {"uv": [5.25, 4.5, 6, 7.125], "texture": "#1"},
				"west": {"uv": [1.25, 7.5, 1.5, 10.125], "texture": "#1"},
				"up": {"uv": [7.5, 8.25, 6.75, 8], "texture": "#1"},
				"down": {"uv": [8.75, 7, 8, 7.25], "texture": "#1"}
			}
		},
		{
			"from": [7, -0.20074, 14.76818],
			"to": [9, 6.79926, 15.76818],
			"rotation": {"angle": 0, "axis": "y", "origin": [9, 3.79926, 15.26818]},
			"faces": {
				"north": {"uv": [7.25, 4.5, 7.75, 6.25], "texture": "#1"},
				"east": {"uv": [5, 7.75, 5.25, 9.5], "texture": "#1"},
				"south": {"uv": [5.25, 7.25, 5.75, 9], "texture": "#1"},
				"west": {"uv": [7.75, 7, 8, 8.75], "texture": "#1"},
				"up": {"uv": [8.5, 7.5, 8, 7.25], "texture": "#1"},
				"down": {"uv": [8.5, 7.5, 8, 7.75], "texture": "#1"}
			}
		},
		{
			"from": [7, 12, 6.25],
			"to": [9, 16, 11.25],
			"rotation": {"angle": 0, "axis": "y", "origin": [7, 0, 0]},
			"faces": {
				"north": {"uv": [4.5, 7.75, 5, 8.75], "texture": "#1"},
				"east": {"uv": [2.5, 7, 3.75, 8], "texture": "#1"},
				"south": {"uv": [7.75, 4.5, 8.25, 5.5], "texture": "#1"},
				"west": {"uv": [7, 2.5, 8.25, 3.5], "texture": "#1"},
				"up": {"uv": [8, 1.25, 7.5, 0], "texture": "#1"},
				"down": {"uv": [8, 1.25, 7.5, 2.5], "texture": "#1"}
			}
		},
		{
			"from": [7.005, 11.59079, 9.58343],
			"to": [8.995, 14.08079, 14.57343],
			"rotation": {"angle": 45, "axis": "x", "origin": [8, 12.83579, 12.07843]},
			"faces": {
				"north": {"uv": [8, 0, 8.5, 0.625], "texture": "#1"},
				"east": {"uv": [7.25, 6.25, 8.5, 6.875], "texture": "#1"},
				"south": {"uv": [8, 0.75, 8.5, 1.375], "texture": "#1"},
				"west": {"uv": [0, 7.5, 1.25, 8.125], "texture": "#1"},
				"down": {"uv": [2.5, 7.5, 2, 8.75], "texture": "#1"}
			}
		},
		{
			"from": [1.25, 11, 8],
			"to": [1.25, 19, 16],
			"rotation": {"angle": -45, "axis": "z", "origin": [0, 10, 12]},
			"faces": {
				"north": {"uv": [0, 0, 0, 2], "texture": "#1"},
				"east": {"uv": [2.5, 5, 4.5, 7], "texture": "#1"},
				"south": {"uv": [0, 0, 0, 2], "texture": "#1"},
				"west": {"uv": [5, 2.5, 7, 4.5], "texture": "#1"},
				"up": {"uv": [0, 2, 0, 0], "texture": "#1"},
				"down": {"uv": [0, 0, 0, 2], "texture": "#1"}
			}
		}
	],
	"display": {
		"thirdperson": {
			"rotation": [90, 0, -180],
			"translation": [0, 2.2, -1.2],
			"scale": [0.3, 0.3, 0.3]
		},
		"firstperson": {
			"rotation": [0, -55, 0],
			"translation": [-6, 5, 1.2],
			"scale": [0.35, 0.35, 0.35]
		},
		"ground": {
			"translation": [0, 2, 0],
			"scale": [1, 1, 1]
		},
		"gui": {
			"rotation": [30, 0, 0],
			"scale": [0.8, 0.8, 0.8]
		}
	}
}