{
	"credit": "Made with Blockbench",
	"texture_size": [64, 64],
	"textures": {
		"1": "heals/medkit",
		"particle": "heals/medkit"
	},
	"elements": [
		{
			"from": [1.5, 4, 5],
			"to": [14.5, 12, 11],
			"rotation": {"angle": 0, "axis": "y", "origin": [1.5, 4, 5]},
			"faces": {
				"north": {"uv": [0, 0, 3.25, 2], "texture": "#1"},
				"east": {"uv": [2.75, 4.75, 4.25, 6.75], "texture": "#1"},
				"south": {"uv": [0, 2, 3.25, 4], "texture": "#1"},
				"west": {"uv": [4.25, 4.75, 5.75, 6.75], "texture": "#1"},
				"up": {"uv": [6.5, 1.5, 3.25, 0], "texture": "#1"},
				"down": {"uv": [6.5, 1.5, 3.25, 3], "texture": "#1"}
			}
		},
		{
			"from": [2.5, 3.5, 3.75],
			"to": [13.5, 10, 6.75],
			"rotation": {"angle": -22.5, "axis": "x", "origin": [11.5, 7.5, 2.75]},
			"faces": {
				"north": {"uv": [3.25, 3, 6, 4.625], "texture": "#1"},
				"east": {"uv": [5.75, 6.25, 6.5, 7.875], "texture": "#1"},
				"west": {"uv": [0, 6.5, 0.75, 8.125], "texture": "#1"},
				"up": {"uv": [2.75, 6.5, 0, 5.75], "texture": "#1"}
			}
		},
		{
			"from": [2.5, 3.5, 9.25],
			"to": [13.5, 10, 12.25],
			"rotation": {"angle": 22.5, "axis": "x", "origin": [11.5, 7.5, 13.25]},
			"faces": {
				"east": {"uv": [6.5, 0, 7.25, 1.625], "texture": "#1"},
				"south": {"uv": [0, 4, 2.75, 5.625], "texture": "#1"},
				"west": {"uv": [0.75, 6.5, 1.5, 8.125], "texture": "#1"},
				"up": {"uv": [8.5, 5.5, 5.75, 4.75], "texture": "#1"}
			}
		},
		{
			"from": [10.5, 11.75, 7],
			"to": [12.5, 12.75, 9],
			"rotation": {"angle": 0, "axis": "y", "origin": [10.5, 11.75, 7]},
			"faces": {
				"north": {"uv": [2.75, 4.5, 3.25, 4.75], "texture": "#1"},
				"east": {"uv": [6.5, 1.75, 7, 2], "texture": "#1"},
				"south": {"uv": [2, 6.5, 2.5, 6.75], "texture": "#1"},
				"west": {"uv": [6.5, 2, 7, 2.25], "texture": "#1"},
				"up": {"uv": [3.25, 4.5, 2.75, 4], "texture": "#1"},
				"down": {"uv": [6.5, 3.75, 6, 4.25], "texture": "#1"}
			}
		},
		{
			"from": [3.5, 11.75, 7],
			"to": [5.5, 12.75, 9],
			"rotation": {"angle": 0, "axis": "y", "origin": [5.5, 11.75, 7]},
			"faces": {
				"north": {"uv": [6.5, 2.25, 7, 2.5], "texture": "#1"},
				"east": {"uv": [6.5, 2.5, 7, 2.75], "texture": "#1"},
				"south": {"uv": [6.5, 2.75, 7, 3], "texture": "#1"},
				"west": {"uv": [6.5, 3.75, 7, 4], "texture": "#1"},
				"up": {"uv": [6.5, 4.75, 6, 4.25], "texture": "#1"},
				"down": {"uv": [2, 6.5, 1.5, 7], "texture": "#1"}
			}
		},
		{
			"from": [3.5, 12.75, 8],
			"to": [12.5, 15.75, 8],
			"rotation": {"angle": 22.5, "axis": "x", "origin": [5.5, 12.75, 8]},
			"faces": {
				"north": {"uv": [5.75, 5.5, 8, 6.25], "texture": "#1"},
				"south": {"uv": [6, 3, 8.25, 3.75], "texture": "#1"}
			}
		}
	],
	"display": {
		"thirdperson": {
			"rotation": [0, 90, -180],
			"translation": [0, 2.5, -0.5],
			"scale": [0.45, 0.45, 0.45]
		},
		"firstperson": {
			"rotation": [0, -55, 0],
			"translation": [-6, 5, 1.2],
			"scale": [0.5, 0.5, 0.5]
		},
		"ground": {
			"translation": [0, 2, 0],
			"scale": [1.5, 1.5, 1.5]
		},
		"gui": {
			"rotation": [30, 0, 0],
			"scale": [1.2, 1.2, 1.2]
		}
	}
}