{
	"credit": "Made with Blockbench",
	"texture_size": [64, 64],
	"textures": {
		"0": "heals/painkiller",
		"particle": "healspainkiller"
	},
	"elements": [
		{
			"from": [4, 0, 4],
			"to": [12, 14, 12],
			"rotation": {"angle": 0, "axis": "y", "origin": [2, 0, 2]},
			"faces": {
				"north": {"uv": [0, 0, 2, 3.5], "texture": "#0"},
				"east": {"uv": [2, 0, 4, 3.5], "texture": "#0"},
				"south": {"uv": [2, 0, 0, 3.5], "texture": "#0"},
				"west": {"uv": [2, 3.5, 4, 7], "texture": "#0"},
				"up": {"uv": [6, 7, 4, 5], "texture": "#0"},
				"down": {"uv": [8, 5, 6, 7], "texture": "#0"}
			}
		},
		{
			"from": [3, 14, 3],
			"to": [13, 18, 13],
			"rotation": {"angle": 0, "axis": "y", "origin": [2, 15, 2]},
			"faces": {
				"north": {"uv": [6.5, 0, 9, 1], "texture": "#0"},
				"east": {"uv": [6.5, 1, 9, 2], "texture": "#0"},
				"south": {"uv": [6.5, 2, 9, 3], "texture": "#0"},
				"west": {"uv": [6.5, 3, 9, 4], "texture": "#0"},
				"up": {"uv": [6.5, 2.5, 4, 0], "texture": "#0"},
				"down": {"uv": [6.5, 2.5, 4, 5], "texture": "#0"}
			}
		}
	],
	"display": {
		"thirdperson": {
			"rotation": [90, 0, -180],
			"translation": [0, 1.7, -1.2],
			"scale": [0.2, 0.2, 0.2]
		},
		"firstperson": {
			"rotation": [0, -55, 0],
			"translation": [-6, 4.5, 1.2],
			"scale": [0.25, 0.25, 0.25]
		},
		"ground": {
			"translation": [0, 2, 0],
			"scale": [1, 1, 1]
		},
		"gui": {
			"rotation": [30, 0, 0],
			"scale": [0.8, 0.8, 0.8]
		}
	}
}