{
	"credit": "Made with Blockbench",
	"texture_size": [32, 32],
	"textures": {
		"0": "ammo/pistol_cartridge",
		"particle": "ammo/pistol_cartridge"
	},
	"elements": [
		{
			"from": [6.5, 0, 5.15172],
			"to": [9.5, 16, 10.65172],
			"rotation": {"angle": 0, "axis": "y", "origin": [6.5, 0, 5.15172]},
			"faces": {
				"north": {"uv": [6, 0, 7.5, 8], "texture": "#0"},
				"east": {"uv": [0, 0, 2.75, 8], "texture": "#0"},
				"south": {"uv": [7.5, 0, 9, 8], "texture": "#0"},
				"west": {"uv": [3, 0, 5.75, 8], "texture": "#0"},
				"up": {"uv": [1.5, 10.75, 0, 8], "texture": "#0"},
				"down": {"uv": [3, 8, 1.5, 10.75], "texture": "#0"}
			}
		},
		{
			"from": [6.505, -0.80962, 2.3803],
			"to": [9.495, 1.68038, 7.8703],
			"rotation": {"angle": -22.5, "axis": "x", "origin": [8, 7.82168, 8]},
			"faces": {
				"north": {"uv": [10.5, 1.5, 12, 2.75], "texture": "#0"},
				"east": {"uv": [6, 8, 8.75, 9.25], "texture": "#0"},
				"south": {"uv": [10.5, 3, 12, 4.25], "texture": "#0"},
				"west": {"uv": [9, 0, 11.75, 1.25], "texture": "#0"},
				"up": {"uv": [4.5, 10.75, 3, 8], "texture": "#0"},
				"down": {"uv": [6, 8, 4.5, 10.75], "texture": "#0"}
			}
		},
		{
			"from": [6.505, 14.47246, 8.50324],
			"to": [9.495, 16.46246, 11.99324],
			"rotation": {"angle": -22.5, "axis": "x", "origin": [8, 7.82168, 8]},
			"faces": {
				"north": {"uv": [10.5, 6.5, 12, 7.5], "texture": "#0"},
				"east": {"uv": [10.5, 4.5, 12.25, 5.5], "texture": "#0"},
				"south": {"uv": [10.5, 7.5, 12, 8.5], "texture": "#0"},
				"west": {"uv": [10.5, 5.5, 12.25, 6.5], "texture": "#0"},
				"up": {"uv": [10.5, 3.25, 9, 1.5], "texture": "#0"},
				"down": {"uv": [10.5, 3.5, 9, 5.25], "texture": "#0"}
			}
		},
		{
			"from": [6.505, 13.26735, 4.7187],
			"to": [9.495, 16.38723, 7.31516],
			"rotation": {"angle": 22.5, "axis": "x", "origin": [8, 7.82168, 8]},
			"faces": {
				"north": {"uv": [9, 5.5, 10.5, 7], "texture": "#0"},
				"east": {"uv": [9, 8.5, 10.25, 10], "texture": "#0"},
				"south": {"uv": [9, 7, 10.5, 8.5], "texture": "#0"},
				"west": {"uv": [6, 9.5, 7.25, 11], "texture": "#0"},
				"up": {"uv": [9, 10.75, 7.5, 9.5], "texture": "#0"},
				"down": {"uv": [10.5, 10, 9, 11.25], "texture": "#0"}
			}
		},
		{
			"from": [7.5, 16, 5.65172],
			"to": [8.5, 17.5, 10.15172],
			"rotation": {"angle": 0, "axis": "y", "origin": [7.5, 16, 5.15172]},
			"faces": {
				"north": {"uv": [0, 11.75, 0.5, 12.5], "texture": "#0"},
				"east": {"uv": [0.5, 14, 2.75, 14.75], "texture": "#0"},
				"south": {"uv": [2.75, 14, 3.25, 14.75], "texture": "#0"},
				"west": {"uv": [0.5, 11.75, 2.75, 12.5], "texture": "#0"},
				"up": {"uv": [2.75, 11.75, 3.25, 14], "texture": "#0"},
				"down": {"uv": [0, 12.5, 0.5, 14.75], "texture": "#0"}
			}
		}
	],
	"display": {
		"thirdperson": {
			"rotation": [90, 0, -180],
			"translation": [0, 1.7, -1.2],
			"scale": [0.25, 0.25, 0.25]
		},
		"firstperson": {
			"rotation": [0, -55, 0],
			"translation": [-6, 4.5, 1.2],
			"scale": [0.5, 0.5, 0.5]
		},
		"ground": {
			"translation": [0, 2, 0]
		},
		"gui": {
			"scale": [1.2, 1.2, 1.2]
		}
	}
}