{
	"credit": "Made with Blockbench",
	"texture_size": [32, 32],
	"textures": {
		"1": "ammo/cr_61_magazine"
	},
	"elements": [
		{
			"from": [6.245, 6.195, 4.92046],
			"to": [9.755, 14.205, 9.93046],
			"rotation": {"angle": 0, "axis": "y", "origin": [8, 10.2, 7.42546]},
			"faces": {
				"north": {"uv": [5, 6, 6.75, 10], "texture": "#1"},
				"east": {"uv": [0, 0, 2.5, 4], "texture": "#1"},
				"south": {"uv": [7, 6, 8.75, 10], "texture": "#1"},
				"west": {"uv": [2.5, 0, 5, 4], "texture": "#1"},
				"up": {"uv": [11.25, 2.5, 9.5, 0], "texture": "#1"},
				"down": {"uv": [5.75, 10, 4, 12.5], "texture": "#1"}
			}
		},
		{
			"from": [6.25, -1.55102, 9.64983],
			"to": [9.75, 5.44898, 14.64983],
			"rotation": {"angle": -22.5, "axis": "x", "origin": [6.25, -6.05102, 5.39983]},
			"faces": {
				"north": {"uv": [0, 7.5, 1.75, 11], "texture": "#1"},
				"east": {"uv": [0, 4, 2.5, 7.5], "texture": "#1"},
				"south": {"uv": [7.5, 0, 9.25, 3.5], "texture": "#1"},
				"west": {"uv": [2.5, 4, 5, 7.5], "texture": "#1"},
				"up": {"uv": [7.75, 12.5, 6, 10], "texture": "#1"},
				"down": {"uv": [3.75, 10.5, 2, 13], "texture": "#1"}
			}
		},
		{
			"from": [6.25, 16.16895, 3.5269],
			"to": [9.75, 22.16895, 8.5269],
			"rotation": {"angle": 22.5, "axis": "x", "origin": [6.25, 11.66895, -0.7231]},
			"faces": {
				"north": {"uv": [2, 7.5, 3.75, 10.5], "texture": "#1"},
				"east": {"uv": [5, 0, 7.5, 3], "texture": "#1"},
				"south": {"uv": [9, 3.5, 10.75, 6.5], "texture": "#1"},
				"west": {"uv": [5, 3, 7.5, 6], "texture": "#1"},
				"up": {"uv": [10.75, 9, 9, 6.5], "texture": "#1"},
				"down": {"uv": [10.75, 9, 9, 11.5], "texture": "#1"}
			}
		},
		{
			"from": [7.25, 18.20486, 7.64096],
			"to": [7.75, 18.70486, 11.64096],
			"rotation": {"angle": 22.5, "axis": "x", "origin": [7.75, 18.82986, 10.84096]},
			"faces": {
				"north": {"uv": [9.5, 6.75, 9.75, 7], "rotation": 90, "texture": "#1"},
				"east": {"uv": [9.5, 6.75, 9.75, 8.75], "rotation": 90, "texture": "#1"},
				"south": {"uv": [9.5, 8.5, 9.75, 8.75], "rotation": 90, "texture": "#1"},
				"west": {"uv": [9.5, 8.75, 9.75, 6.75], "rotation": 90, "texture": "#1"},
				"up": {"uv": [9.5, 6.75, 9.75, 8.75], "texture": "#1"},
				"down": {"uv": [9.5, 8.75, 9.75, 6.75], "texture": "#1"}
			}
		},
		{
			"from": [8.25, 18.84487, 6.82343],
			"to": [8.75, 19.34487, 10.82343],
			"rotation": {"angle": 22.5, "axis": "x", "origin": [8, 17.09487, 8.82343]},
			"faces": {
				"north": {"uv": [9.5, 8.75, 9.75, 8.5], "rotation": 90, "texture": "#1"},
				"east": {"uv": [9.5, 8.75, 9.75, 6.75], "rotation": 90, "texture": "#1"},
				"south": {"uv": [9.5, 7, 9.75, 6.75], "rotation": 90, "texture": "#1"},
				"west": {"uv": [9.5, 6.75, 9.75, 8.75], "rotation": 90, "texture": "#1"},
				"up": {"uv": [9.5, 8.75, 9.75, 6.75], "texture": "#1"},
				"down": {"uv": [9.5, 6.75, 9.75, 8.75], "texture": "#1"}
			}
		}
	],
	"display": {
		"thirdperson": {
			"rotation": [90, 0, -180],
			"translation": [0, 1.7, -1.2],
			"scale": [0.25, 0.25, 0.25]
		},
		"firstperson": {
			"rotation": [0, -55, 0],
			"translation": [-6, 4.5, 1.2],
			"scale": [0.5, 0.5, 0.5]
		},
		"ground": {
			"translation": [0, 2, 0]
		},
		"gui": {
			"rotation": [180, 0, 10],
			"translation": [0, 0.8, 0],
			"scale": [1.2, 1.2, 1.2]
		}
	}
}