{
	"credit": "Made with Blockbench",
	"texture_size": [64, 64],
	"textures": {
		"1": "weapons/ak47_golden"
	},
	"elements": [
		{
			"from": [7.625, 9.875, -14.5],
			"to": [8.375, 10.625, -4.5],
			"rotation": {"angle": 45, "axis": "z", "origin": [8, 10.1875, -8.725]},
			"faces": {
				"north": {"uv": [4.25, 7, 4.5, 7.25], "texture": "#1"},
				"east": {"uv": [6.25, 5, 8.75, 5.25], "texture": "#1"},
				"south": {"uv": [7, 6.5, 7.25, 6.75], "texture": "#1"},
				"west": {"uv": [6.25, 5.25, 8.75, 5.5], "texture": "#1"},
				"up": {"uv": [6.5, 8, 6.25, 5.5], "texture": "#1"},
				"down": {"uv": [1.75, 6.5, 1.5, 9], "texture": "#1"}
			}
		},
		{
			"from": [7.25, 9.375, -4.75],
			"to": [8.75, 10.875, -3.75],
			"rotation": {"angle": 45, "axis": "z", "origin": [8, 10.1875, -8.725]},
			"faces": {
				"north": {"uv": [9.25, 7.5, 9.625, 7.875], "texture": "#1"},
				"east": {"uv": [4.25, 6.5, 4.5, 6.875], "texture": "#1"},
				"south": {"uv": [7.75, 9.25, 8.125, 9.625], "texture": "#1"},
				"west": {"uv": [0.5, 7.25, 0.75, 7.625], "texture": "#1"},
				"up": {"uv": [9.875, 2.5, 9.5, 2.25], "texture": "#1"},
				"down": {"uv": [2.875, 9.5, 2.5, 9.75], "texture": "#1"}
			}
		},
		{
			"from": [7.375, 9.525, -9.4],
			"to": [8.625, 10.775, -7.4],
			"rotation": {"angle": 45, "axis": "z", "origin": [8, 10.1875, -8.725]},
			"faces": {
				"north": {"uv": [6.75, 9, 7.125, 9.375], "texture": "#1"},
				"east": {"uv": [8.75, 7.5, 9.25, 7.875], "texture": "#1"},
				"south": {"uv": [9.25, 6, 9.625, 6.375], "texture": "#1"},
				"west": {"uv": [8, 8.75, 8.5, 9.125], "texture": "#1"},
				"up": {"uv": [9.125, 8.5, 8.75, 8], "texture": "#1"},
				"down": {"uv": [8.875, 8.75, 8.5, 9.25], "texture": "#1"}
			}
		},
		{
			"from": [7.375, 9.525, -13.7],
			"to": [8.625, 10.775, -12.7],
			"rotation": {"angle": 45, "axis": "z", "origin": [8, 10.1875, -8.725]},
			"faces": {
				"north": {"uv": [9.25, 7, 9.625, 7.375], "texture": "#1"},
				"east": {"uv": [4.5, 5, 4.75, 5.375], "texture": "#1"},
				"south": {"uv": [7.25, 9.25, 7.625, 9.625], "texture": "#1"},
				"west": {"uv": [2.75, 6.5, 3, 6.875], "texture": "#1"},
				"up": {"uv": [9.875, 2, 9.5, 1.75], "texture": "#1"},
				"down": {"uv": [9.875, 2, 9.5, 2.25], "texture": "#1"}
			}
		},
		{
			"from": [6.5, 9.25, -3.75],
			"to": [9.5, 12.25, 1.75],
			"rotation": {"angle": 0, "axis": "y", "origin": [7.5, 0, 0]},
			"faces": {
				"north": {"uv": [5.5, 6.75, 6.25, 7.5], "texture": "#1"},
				"east": {"uv": [4.75, 4.75, 6.125, 5.5], "texture": "#1"},
				"south": {"uv": [6.5, 6.75, 7.25, 7.5], "texture": "#1"},
				"west": {"uv": [0, 5.25, 1.375, 6], "texture": "#1"},
				"up": {"uv": [4.5, 6.375, 3.75, 5], "texture": "#1"},
				"down": {"uv": [6.25, 3.25, 5.5, 4.625], "texture": "#1"}
			}
		},
		{
			"from": [6.5, 9, 1.75],
			"to": [9.5, 10.75, 4.25],
			"rotation": {"angle": 0, "axis": "y", "origin": [7, 0, 0]},
			"faces": {
				"north": {"uv": [7.75, 5.5, 8.5, 6], "texture": "#1"},
				"east": {"uv": [8, 3.25, 8.625, 3.75], "texture": "#1"},
				"south": {"uv": [7.75, 6, 8.5, 6.5], "texture": "#1"},
				"west": {"uv": [8, 3.75, 8.625, 4.25], "texture": "#1"},
				"up": {"uv": [8, 7.625, 7.25, 7], "texture": "#1"},
				"down": {"uv": [5.75, 7.5, 5, 8.125], "texture": "#1"}
			}
		},
		{
			"from": [6.505, 8.7619, 1.70665],
			"to": [9.495, 9.5019, 4.19665],
			"rotation": {"angle": 22.5, "axis": "x", "origin": [8, 9.1319, 2.95165]},
			"faces": {
				"north": {"uv": [8.75, 1.5, 9.5, 1.75], "texture": "#1"},
				"east": {"uv": [9, 4.75, 9.625, 5], "texture": "#1"},
				"south": {"uv": [8.75, 8.5, 9.5, 8.75], "texture": "#1"},
				"west": {"uv": [6, 9, 6.625, 9.25], "texture": "#1"},
				"up": {"uv": [7.25, 8.125, 6.5, 7.5], "texture": "#1"},
				"down": {"uv": [8.5, 0, 7.75, 0.625], "texture": "#1"}
			}
		},
		{
			"from": [6.5, 9, -1.75],
			"to": [9.5, 9.25, 1.75],
			"rotation": {"angle": 0, "axis": "y", "origin": [7, 0, 0]},
			"faces": {
				"north": {"uv": [9.5, 2.5, 10.25, 2.625], "texture": "#1"},
				"east": {"uv": [9.5, 1, 10.375, 1.125], "texture": "#1"},
				"south": {"uv": [9.5, 2.75, 10.25, 2.875], "texture": "#1"},
				"west": {"uv": [9.5, 1.25, 10.375, 1.375], "texture": "#1"},
				"up": {"uv": [1.5, 6.875, 0.75, 6], "texture": "#1"},
				"down": {"uv": [3.75, 6, 3, 6.875], "texture": "#1"}
			}
		},
		{
			"from": [7.5, 11, -8],
			"to": [8.5, 12, -3],
			"rotation": {"angle": 0, "axis": "y", "origin": [6.5, 10, -7]},
			"faces": {
				"north": {"uv": [6.25, 8, 6.5, 8.25], "texture": "#1"},
				"east": {"uv": [8, 7, 9.25, 7.25], "texture": "#1"},
				"south": {"uv": [8, 7.5, 8.25, 7.75], "texture": "#1"},
				"west": {"uv": [8, 7.25, 9.25, 7.5], "texture": "#1"},
				"up": {"uv": [3.25, 4.5, 3, 3.25], "texture": "#1"},
				"down": {"uv": [1.5, 7, 1.25, 8.25], "texture": "#1"}
			}
		},
		{
			"from": [7, 9.9, 4],
			"to": [9, 11.4, 16.75],
			"rotation": {"angle": 0, "axis": "y", "origin": [7.25, 9.15, 4.75]},
			"faces": {
				"north": {"uv": [9, 0, 9.5, 0.375], "texture": "#1"},
				"east": {"uv": [4.75, 2.25, 7.875, 2.625], "texture": "#1"},
				"south": {"uv": [9, 1.75, 9.5, 2.125], "texture": "#1"},
				"west": {"uv": [4.75, 2.75, 7.875, 3.125], "texture": "#1"},
				"up": {"uv": [3.75, 4.375, 3.25, 1.25], "texture": "#1"},
				"down": {"uv": [2, 3.25, 1.5, 6.375], "texture": "#1"}
			}
		},
		{
			"from": [6.75, 10.5, 1.75],
			"to": [9.25, 12.5, 5.25],
			"rotation": {"angle": 0, "axis": "y", "origin": [7, 10.5, 1.75]},
			"faces": {
				"north": {"uv": [0.5, 8.25, 1.125, 8.75], "texture": "#1"},
				"east": {"uv": [7.75, 0.75, 8.625, 1.25], "texture": "#1"},
				"south": {"uv": [1.75, 8.25, 2.375, 8.75], "texture": "#1"},
				"west": {"uv": [7.75, 1.25, 8.625, 1.75], "texture": "#1"},
				"up": {"uv": [7.625, 2.125, 7, 1.25], "texture": "#1"},
				"down": {"uv": [7.625, 5.5, 7, 6.375], "texture": "#1"}
			}
		},
		{
			"from": [6.75, 8.75, 3.5],
			"to": [9.25, 10.25, 16.5],
			"rotation": {"angle": 0, "axis": "y", "origin": [6.5, 8.25, 3.5]},
			"faces": {
				"north": {"uv": [8.5, 6, 9.125, 6.375], "texture": "#1"},
				"east": {"uv": [4.5, 0, 7.75, 0.375], "texture": "#1"},
				"south": {"uv": [0, 8.75, 0.625, 9.125], "texture": "#1"},
				"west": {"uv": [4.5, 0.5, 7.75, 0.875], "texture": "#1"},
				"up": {"uv": [0.625, 5.25, 0, 2], "texture": "#1"},
				"down": {"uv": [1.375, 2, 0.75, 5.25], "texture": "#1"}
			}
		},
		{
			"from": [6.755, 8.505, 8.505],
			"to": [9.245, 8.995, 13.495],
			"rotation": {"angle": 0, "axis": "y", "origin": [8, 8.75, 11]},
			"faces": {
				"north": {"uv": [3.25, 9.5, 3.875, 9.625], "texture": "#1"},
				"east": {"uv": [9, 8.75, 10.25, 8.875], "texture": "#1"},
				"south": {"uv": [9.5, 3.5, 10.125, 3.625], "texture": "#1"},
				"west": {"uv": [9, 9, 10.25, 9.125], "texture": "#1"},
				"up": {"uv": [6.125, 6.75, 5.5, 5.5], "texture": "#1"},
				"down": {"uv": [0.625, 6, 0, 7.25], "texture": "#1"}
			}
		},
		{
			"from": [6.75, 8.25, 13.5],
			"to": [9.25, 8.75, 16.75],
			"rotation": {"angle": 0, "axis": "y", "origin": [6.5, 7.75, 8.75]},
			"faces": {
				"north": {"uv": [9.5, 3.75, 10.125, 3.875], "texture": "#1"},
				"east": {"uv": [1.5, 9.5, 2.375, 9.625], "texture": "#1"},
				"south": {"uv": [4, 9.5, 4.625, 9.625], "texture": "#1"},
				"west": {"uv": [9.5, 1.5, 10.375, 1.625], "texture": "#1"},
				"up": {"uv": [7.875, 4.125, 7.25, 3.25], "texture": "#1"},
				"down": {"uv": [4.875, 7.25, 4.25, 8.125], "texture": "#1"}
			}
		},
		{
			"from": [6.755, 8.49444, 15.55127],
			"to": [9.245, 9.73444, 17.04127],
			"rotation": {"angle": 22.5, "axis": "x", "origin": [8, 9.11444, 16.29627]},
			"faces": {
				"north": {"uv": [8.75, 0.5, 9.375, 0.875], "texture": "#1"},
				"east": {"uv": [9.25, 8, 9.625, 8.375], "texture": "#1"},
				"south": {"uv": [0.75, 8.75, 1.375, 9.125], "texture": "#1"},
				"west": {"uv": [8.25, 9.25, 8.625, 9.625], "texture": "#1"},
				"up": {"uv": [9.375, 1.375, 8.75, 1], "texture": "#1"},
				"down": {"uv": [2.375, 8.75, 1.75, 9.125], "texture": "#1"}
			}
		},
		{
			"from": [6.75, 9.40485, 16.5],
			"to": [9.25, 10.25, 17.22835],
			"rotation": {"angle": 0, "axis": "y", "origin": [7.5, 10.90485, 16.97835]},
			"faces": {
				"north": {"uv": [0, 9.25, 0.625, 9.5], "texture": "#1"},
				"east": {"uv": [3, 8.25, 3.25, 8.5], "texture": "#1"},
				"south": {"uv": [0.75, 9.25, 1.375, 9.5], "texture": "#1"},
				"west": {"uv": [8.5, 0.5, 8.75, 0.75], "texture": "#1"},
				"up": {"uv": [2.125, 9.5, 1.5, 9.25], "texture": "#1"},
				"down": {"uv": [6.625, 9.25, 6, 9.5], "texture": "#1"}
			}
		},
		{
			"from": [7.005, 9.90484, 15.384],
			"to": [8.995, 11.14484, 16.874],
			"rotation": {"angle": -22.5, "axis": "x", "origin": [8, 10.95065, 16.18567]},
			"faces": {
				"north": {"uv": [8.75, 3.25, 9.375, 3.625], "texture": "#1"},
				"east": {"uv": [8.75, 9.25, 9.125, 9.625], "texture": "#1"},
				"south": {"uv": [8.75, 3.75, 9.375, 4.125], "texture": "#1"},
				"west": {"uv": [9.25, 9.25, 9.625, 9.625], "texture": "#1"},
				"up": {"uv": [9.375, 4.625, 8.75, 4.25], "texture": "#1"},
				"down": {"uv": [9.375, 5, 8.75, 5.375], "texture": "#1"}
			}
		},
		{
			"from": [7.25, 11.25, 5.25],
			"to": [8.75, 12.25, 16.25],
			"rotation": {"angle": 0, "axis": "y", "origin": [7, 10.25, 6.25]},
			"faces": {
				"north": {"uv": [0.5, 9.5, 1, 9.75], "texture": "#1"},
				"east": {"uv": [4.5, 1, 7.25, 1.25], "texture": "#1"},
				"south": {"uv": [9.5, 0.5, 10, 0.75], "texture": "#1"},
				"west": {"uv": [6.25, 4.75, 9, 5], "texture": "#1"},
				"up": {"uv": [4.25, 5, 3.75, 2.25], "texture": "#1"},
				"down": {"uv": [4.75, 2.25, 4.25, 5], "texture": "#1"}
			}
		},
		{
			"from": [7.255, 10.63147, 15.74734],
			"to": [8.745, 12.12147, 16.73734],
			"rotation": {"angle": -22.5, "axis": "x", "origin": [8, 10.95065, 16.18567]},
			"faces": {
				"north": {"uv": [9, 2.25, 9.5, 2.625], "texture": "#1"},
				"east": {"uv": [0.5, 7.75, 0.75, 8.125], "texture": "#1"},
				"south": {"uv": [2.5, 9, 3, 9.375], "texture": "#1"},
				"west": {"uv": [2.5, 7.75, 2.75, 8.125], "texture": "#1"},
				"up": {"uv": [10, 1, 9.5, 0.75], "texture": "#1"},
				"down": {"uv": [1.5, 9.5, 1, 9.75], "texture": "#1"}
			}
		},
		{
			"from": [7, 6.25, 13.4],
			"to": [9, 8.25, 16.4],
			"rotation": {"angle": 0, "axis": "y", "origin": [7, 6.25, 14.4]},
			"faces": {
				"north": {"uv": [8.25, 4.25, 8.75, 4.75], "texture": "#1"},
				"east": {"uv": [1.75, 7.75, 2.5, 8.25], "texture": "#1"},
				"south": {"uv": [8.25, 6.5, 8.75, 7], "texture": "#1"},
				"west": {"uv": [7.75, 1.75, 8.5, 2.25], "texture": "#1"},
				"up": {"uv": [3.25, 2, 2.75, 1.25], "texture": "#1"}
			}
		},
		{
			"from": [7.005, 3.52455, 14.65329],
			"to": [8.995, 8.01455, 16.64329],
			"rotation": {"angle": -22.5, "axis": "x", "origin": [8, 5.76955, 15.64829]},
			"faces": {
				"north": {"uv": [1.75, 6.5, 2.25, 7.625], "texture": "#1"},
				"east": {"uv": [2.25, 6.5, 2.75, 7.625], "texture": "#1"},
				"south": {"uv": [3.75, 6.5, 4.25, 7.625], "texture": "#1"},
				"west": {"uv": [6.5, 5.5, 7, 6.625], "texture": "#1"},
				"up": {"uv": [8.75, 8.75, 8.25, 8.25], "texture": "#1"},
				"down": {"uv": [9, 0, 8.5, 0.5], "texture": "#1"}
			}
		},
		{
			"from": [7, 5.94919, 13.43962],
			"to": [9, 6.44919, 14.43962],
			"rotation": {"angle": 22.5, "axis": "x", "origin": [7, 6.69919, 16.68962]},
			"faces": {
				"north": {"uv": [9.5, 4, 10, 4.125], "texture": "#1"},
				"east": {"uv": [9.5, 4.5, 9.75, 4.625], "texture": "#1"},
				"south": {"uv": [9.5, 4.25, 10, 4.375], "texture": "#1"},
				"west": {"uv": [4.75, 9.5, 5, 9.625], "texture": "#1"},
				"up": {"uv": [7.75, 1.25, 7.25, 1], "texture": "#1"},
				"down": {"uv": [5.5, 7.25, 5, 7.5], "texture": "#1"}
			}
		},
		{
			"from": [7, 3.0735, 15.4332],
			"to": [9, 4.0735, 17.4332],
			"rotation": {"angle": 0, "axis": "y", "origin": [7, 0.8235, 16.1832]},
			"faces": {
				"north": {"uv": [7.25, 8.5, 7.75, 8.75], "texture": "#1"},
				"east": {"uv": [0, 9.5, 0.5, 9.75], "texture": "#1"},
				"south": {"uv": [9.5, 0, 10, 0.25], "texture": "#1"},
				"west": {"uv": [9.5, 0.25, 10, 0.5], "texture": "#1"},
				"up": {"uv": [9, 2.25, 8.5, 1.75], "texture": "#1"},
				"down": {"uv": [9, 2.25, 8.5, 2.75], "texture": "#1"}
			}
		},
		{
			"from": [7.5, 7, 10],
			"to": [8.5, 8.5, 11],
			"rotation": {"angle": 0, "axis": "y", "origin": [7.5, 6.5, 10]},
			"faces": {
				"north": {"uv": [1.25, 8.25, 1.5, 8.625], "texture": "#1"},
				"east": {"uv": [4, 8.5, 4.25, 8.875], "texture": "#1"},
				"south": {"uv": [3, 9.5, 3.25, 9.875], "texture": "#1"},
				"west": {"uv": [9.5, 3, 9.75, 3.375], "texture": "#1"},
				"up": {"uv": [1.75, 9.25, 1.5, 9], "texture": "#1"},
				"down": {"uv": [2.5, 9.25, 2.25, 9.5], "texture": "#1"}
			}
		},
		{
			"from": [6.995, 8.245, 16.245],
			"to": [9.005, 10.255, 17.755],
			"rotation": {"angle": 0, "axis": "y", "origin": [8, 9.25, 17]},
			"faces": {
				"north": {"uv": [8.5, 2.75, 9, 3.25], "texture": "#1"},
				"east": {"uv": [9, 2.75, 9.375, 3.25], "texture": "#1"},
				"south": {"uv": [3, 8.5, 3.5, 9], "texture": "#1"},
				"west": {"uv": [3, 9, 3.375, 9.5], "texture": "#1"},
				"up": {"uv": [4, 9.375, 3.5, 9], "texture": "#1"},
				"down": {"uv": [4.5, 9, 4, 9.375], "texture": "#1"}
			}
		},
		{
			"from": [6.992, 5.92635, 16.88357],
			"to": [9.008, 7.94235, 29.39957],
			"rotation": {"angle": 22.5, "axis": "x", "origin": [8, 6.93435, 23.14157]},
			"faces": {
				"north": {"uv": [3.5, 8.5, 4, 9], "texture": "#1"},
				"east": {"uv": [3.75, 1.25, 6.875, 1.75], "texture": "#1"},
				"south": {"uv": [8.5, 5.5, 9, 6], "texture": "#1"},
				"west": {"uv": [3.75, 1.75, 6.875, 2.25], "texture": "#1"},
				"up": {"uv": [2.5, 6.375, 2, 3.25], "texture": "#1"},
				"down": {"uv": [3, 3.25, 2.5, 6.375], "texture": "#1"}
			}
		},
		{
			"from": [7, 5.46646, 22.29849],
			"to": [9, 9.96646, 29.29849],
			"rotation": {"angle": 0, "axis": "y", "origin": [8, 6.46646, 17.79849]},
			"faces": {
				"east": {"uv": [1.5, 2, 3.25, 3.125], "texture": "#1"},
				"south": {"uv": [2.75, 7, 3.25, 8.125], "texture": "#1"},
				"west": {"uv": [2.75, 0, 4.5, 1.125], "texture": "#1"},
				"up": {"uv": [5, 7.25, 4.5, 5.5], "texture": "#1"}
			}
		},
		{
			"from": [7.005, 8.30674, 20.60683],
			"to": [8.995, 9.79674, 23.09683],
			"rotation": {"angle": -22.5, "axis": "x", "origin": [8, 7.86477, 22.28611]},
			"faces": {
				"north": {"uv": [4.5, 9, 5, 9.375], "texture": "#1"},
				"east": {"uv": [8.75, 6.5, 9.375, 6.875], "texture": "#1"},
				"south": {"uv": [5, 9, 5.5, 9.375], "texture": "#1"},
				"west": {"uv": [7.25, 8.75, 7.875, 9.125], "texture": "#1"},
				"up": {"uv": [3, 8.875, 2.5, 8.25], "texture": "#1"},
				"down": {"uv": [4.75, 8.25, 4.25, 8.875], "texture": "#1"}
			}
		},
		{
			"from": [7.245, 0.28306, 2.68634],
			"to": [8.755, 3.29306, 4.69634],
			"rotation": {"angle": -22.5, "axis": "x", "origin": [8, 1.78806, 3.69134]},
			"faces": {
				"north": {"uv": [4.75, 8.25, 5.125, 9], "texture": "#1"},
				"east": {"uv": [3.75, 7.75, 4.25, 8.5], "texture": "#1"},
				"south": {"uv": [5.25, 8.25, 5.625, 9], "texture": "#1"},
				"west": {"uv": [7.25, 7.75, 7.75, 8.5], "texture": "#1"},
				"up": {"uv": [5.875, 9.5, 5.5, 9], "texture": "#1"},
				"down": {"uv": [9.375, 5.5, 9, 6], "texture": "#1"}
			}
		},
		{
			"from": [7.25, 0.90624, 3.48214],
			"to": [8.75, 3.90624, 7.48214],
			"rotation": {"angle": -45, "axis": "x", "origin": [8, 2.90624, 4.48214]},
			"faces": {
				"north": {"uv": [5.75, 8.25, 6.125, 9], "texture": "#1"},
				"east": {"uv": [6.25, 3.25, 7.25, 4], "texture": "#1"},
				"south": {"uv": [6.25, 8.25, 6.625, 9], "texture": "#1"},
				"west": {"uv": [6.25, 4, 7.25, 4.75], "texture": "#1"},
				"up": {"uv": [8.125, 8.75, 7.75, 7.75], "texture": "#1"},
				"down": {"uv": [8.375, 2.25, 8, 3.25], "texture": "#1"}
			}
		},
		{
			"from": [7.255, 3.96402, 6.28491],
			"to": [8.745, 9.95402, 9.27491],
			"rotation": {"angle": 22.5, "axis": "x", "origin": [8, 6.95902, 7.77991]},
			"faces": {
				"north": {"uv": [3.25, 7, 3.625, 8.5], "texture": "#1"},
				"east": {"uv": [3, 4.5, 3.75, 6], "texture": "#1"},
				"south": {"uv": [0, 7.25, 0.375, 8.75], "texture": "#1"},
				"west": {"uv": [4.75, 3.25, 5.5, 4.75], "texture": "#1"},
				"up": {"uv": [7.125, 9, 6.75, 8.25], "texture": "#1"},
				"down": {"uv": [8.625, 7.5, 8.25, 8.25], "texture": "#1"}
			}
		},
		{
			"from": [8, 6.5, 9.5],
			"to": [8, 8.5, 13.5],
			"rotation": {"angle": 0, "axis": "y", "origin": [6, 6.5, 9.5]},
			"faces": {
				"north": {"uv": [0, 0, 0, 0.5], "texture": "#1"},
				"east": {"uv": [7.25, 4.25, 8.25, 4.75], "texture": "#1"},
				"south": {"uv": [0, 0, 0, 0.5], "texture": "#1"},
				"west": {"uv": [7.25, 6.5, 8.25, 7], "texture": "#1"},
				"up": {"uv": [0, 1, 0, 0], "texture": "#1"},
				"down": {"uv": [0, 0, 0, 1], "texture": "#1"}
			}
		},
		{
			"from": [8, 9, -14.25],
			"to": [8, 13, -3.25],
			"rotation": {"angle": 0, "axis": "y", "origin": [6, 11, -14.25]},
			"faces": {
				"east": {"uv": [0, 0, 2.75, 1], "texture": "#1"},
				"west": {"uv": [0, 1, 2.75, 2], "texture": "#1"}
			}
		}
	],
	"display": {
		"thirdperson": {
			"rotation": [90, 0, -180],
			"translation": [0, 2.8, -1.5],
			"scale": [0.6, 0.6, 0.6]
		},
		"firstperson": {
			"rotation": [0, -55, 0],
			"translation": [-6, 5.3, 1],
			"scale": [0.7, 0.7, 0.7]
		},
		"ground": {
			"translation": [0, 2, 0],
			"scale": [1.5, 1.5, 1.5]
		},
		"gui": {
			"rotation": [40, 225, 0],
			"scale": [0.9, 1, 0.9]
		}
	},
	"groups": [
		0,
		1,
		2,
		3,
		4,
		5,
		6,
		7,
		8,
		9,
		10,
		11,
		12,
		13,
		14,
		15,
		16,
		17,
		18,
		{
			"name": "group",
			"origin": [7, 0.8235, 16.1832],
			"color": 0,
			"children": [19, 20, 21, 22]
		},
		23,
		24,
		25,
		26,
		27,
		28,
		29,
		30,
		31,
		32
	]
}