{
	"credit": "Made with Blockbench",
	"texture_size": [64, 64],
	"textures": {
		"1": "weapons/spas_12_golden"
	},
	"elements": [
		{
			"from": [7.25, 8.5, -13],
			"to": [8.75, 10, -10.5],
			"rotation": {"angle": 0, "axis": "y", "origin": [6.75, 8, -11.5]},
			"faces": {
				"north": {"uv": [8.25, 6.5, 8.625, 6.875], "texture": "#1"},
				"east": {"uv": [3, 7.75, 3.625, 8.125], "texture": "#1"},
				"south": {"uv": [7, 8.25, 7.375, 8.625], "texture": "#1"},
				"west": {"uv": [7.75, 3.25, 8.375, 3.625], "texture": "#1"},
				"up": {"uv": [4.125, 8.375, 3.75, 7.75], "texture": "#1"},
				"down": {"uv": [5.375, 7.75, 5, 8.375], "texture": "#1"}
			}
		},
		{
			"from": [7.5, 8.75, -10.5],
			"to": [8.5, 9.75, -2],
			"rotation": {"angle": 0, "axis": "y", "origin": [6.5, 8, -9]},
			"faces": {
				"north": {"uv": [5.25, 0.75, 5.5, 1], "texture": "#1"},
				"east": {"uv": [5.5, 1.75, 7.625, 2], "texture": "#1"},
				"south": {"uv": [1.25, 5.75, 1.5, 6], "texture": "#1"},
				"west": {"uv": [6.25, 1, 8.375, 1.25], "texture": "#1"},
				"up": {"uv": [3, 8.125, 2.75, 6], "texture": "#1"},
				"down": {"uv": [1, 6.25, 0.75, 8.375], "texture": "#1"}
			}
		},
		{
			"from": [7.5, 7.25, -12.5],
			"to": [8.5, 8.25, -2],
			"rotation": {"angle": 0, "axis": "y", "origin": [6.5, 6.5, -11]},
			"faces": {
				"north": {"uv": [6, 6.25, 6.25, 6.5], "texture": "#1"},
				"east": {"uv": [5.5, 1.25, 8.125, 1.5], "texture": "#1"},
				"south": {"uv": [3.75, 6.5, 4, 6.75], "texture": "#1"},
				"west": {"uv": [5.5, 1.5, 8.125, 1.75], "texture": "#1"},
				"up": {"uv": [4.75, 8.125, 4.5, 5.5], "texture": "#1"},
				"down": {"uv": [5, 5.5, 4.75, 8.125], "texture": "#1"}
			}
		},
		{
			"from": [7.25, 7, -5.5],
			"to": [8.75, 8.5, -4.75],
			"rotation": {"angle": 0, "axis": "y", "origin": [6.75, 6.5, -11]},
			"faces": {
				"north": {"uv": [8.25, 8, 8.625, 8.375], "texture": "#1"},
				"east": {"uv": [3.75, 1, 4, 1.375], "texture": "#1"},
				"south": {"uv": [8.5, 0, 8.875, 0.375], "texture": "#1"},
				"west": {"uv": [1, 6.25, 1.25, 6.625], "texture": "#1"},
				"up": {"uv": [5.375, 5.75, 5, 5.5], "texture": "#1"},
				"down": {"uv": [6.625, 4, 6.25, 4.25], "texture": "#1"}
			}
		},
		{
			"from": [7.25, 7, -4.5],
			"to": [8.75, 8.5, -4],
			"rotation": {"angle": 0, "axis": "y", "origin": [6.75, 6.5, -10]},
			"faces": {
				"north": {"uv": [8.5, 0.5, 8.875, 0.875], "texture": "#1"},
				"east": {"uv": [2.5, 7.5, 2.625, 7.875], "texture": "#1"},
				"south": {"uv": [1.75, 8.5, 2.125, 8.875], "texture": "#1"},
				"west": {"uv": [4.25, 7.75, 4.375, 8.125], "texture": "#1"},
				"up": {"uv": [8.875, 3.875, 8.5, 3.75], "texture": "#1"},
				"down": {"uv": [4.875, 8.5, 4.5, 8.625], "texture": "#1"}
			}
		},
		{
			"from": [7.25, 7, -3.75],
			"to": [8.75, 8.5, -3.25],
			"rotation": {"angle": 0, "axis": "y", "origin": [6.75, 6.5, -9.25]},
			"faces": {
				"north": {"uv": [8.5, 1.75, 8.875, 2.125], "texture": "#1"},
				"east": {"uv": [7.5, 8.25, 7.625, 8.625], "texture": "#1"},
				"south": {"uv": [2.25, 8.5, 2.625, 8.875], "texture": "#1"},
				"west": {"uv": [0.75, 8.5, 0.875, 8.875], "texture": "#1"},
				"up": {"uv": [5.375, 8.625, 5, 8.5], "texture": "#1"},
				"down": {"uv": [5.875, 8.5, 5.5, 8.625], "texture": "#1"}
			}
		},
		{
			"from": [6.5, 6.75, -1],
			"to": [9.5, 9.75, 11],
			"rotation": {"angle": 0, "axis": "y", "origin": [7, 7.75, 0]},
			"faces": {
				"north": {"uv": [4.5, 0, 5.25, 0.75], "texture": "#1"},
				"east": {"uv": [0, 0, 3, 0.75], "texture": "#1"},
				"south": {"uv": [1.25, 6, 2, 6.75], "texture": "#1"},
				"west": {"uv": [0, 0.75, 3, 1.5], "texture": "#1"},
				"up": {"uv": [0.75, 4.5, 0, 1.5], "texture": "#1"},
				"down": {"uv": [1.5, 1.5, 0.75, 4.5], "texture": "#1"}
			}
		},
		{
			"from": [6.505, 8.55839, 7.77144],
			"to": [9.495, 9.54839, 10.76144],
			"rotation": {"angle": 22.5, "axis": "x", "origin": [8, 7.5646, 3.83642]},
			"faces": {
				"north": {"uv": [4.5, 0.75, 5.25, 1], "texture": "#1"},
				"east": {"uv": [7, 0.75, 7.75, 1], "texture": "#1"},
				"south": {"uv": [7.75, 3.75, 8.5, 4], "texture": "#1"},
				"west": {"uv": [7.75, 6, 8.5, 6.25], "texture": "#1"},
				"up": {"uv": [2.75, 6.75, 2, 6], "texture": "#1"},
				"down": {"uv": [6.75, 4.25, 6, 5], "texture": "#1"}
			}
		},
		{
			"from": [6.508, 7.758, -2.492],
			"to": [9.492, 8.742, -1.008],
			"rotation": {"angle": 0, "axis": "y", "origin": [8, 7.5646, 3.83642]},
			"faces": {
				"north": {"uv": [7.75, 7.75, 8.5, 8], "texture": "#1"},
				"east": {"uv": [7, 6.25, 7.375, 6.5], "texture": "#1"},
				"south": {"uv": [1, 8, 1.75, 8.25], "texture": "#1"},
				"west": {"uv": [8.25, 7, 8.625, 7.25], "texture": "#1"},
				"up": {"uv": [8, 7.625, 7.25, 7.25], "texture": "#1"},
				"down": {"uv": [1.75, 7.5, 1, 7.875], "texture": "#1"}
			}
		},
		{
			"from": [6.5, 6.5, -3],
			"to": [9.5, 7.75, -1],
			"rotation": {"angle": 0, "axis": "y", "origin": [7, 7.5, -2.5]},
			"faces": {
				"north": {"uv": [1.75, 7.5, 2.5, 7.875], "texture": "#1"},
				"east": {"uv": [1.75, 8, 2.25, 8.375], "texture": "#1"},
				"south": {"uv": [7.5, 4, 8.25, 4.375], "texture": "#1"},
				"west": {"uv": [2.25, 8, 2.75, 8.375], "texture": "#1"},
				"up": {"uv": [3.75, 1.5, 3, 1], "texture": "#1"},
				"down": {"uv": [7.75, 3.5, 7, 4], "texture": "#1"}
			}
		},
		{
			"from": [6.505, 4.64007, -0.6978],
			"to": [9.495, 5.88007, 1.2922],
			"rotation": {"angle": 22.5, "axis": "x", "origin": [8, 7.5646, 3.83642]},
			"faces": {
				"north": {"uv": [7.5, 4.5, 8.25, 4.875], "texture": "#1"},
				"east": {"uv": [8, 7.25, 8.5, 7.625], "texture": "#1"},
				"south": {"uv": [7.5, 5, 8.25, 5.375], "texture": "#1"},
				"west": {"uv": [7.75, 8, 8.25, 8.375], "texture": "#1"},
				"up": {"uv": [3.75, 7.75, 3, 7.25], "texture": "#1"},
				"down": {"uv": [5.75, 7.25, 5, 7.75], "texture": "#1"}
			}
		},
		{
			"from": [6.503, 5.83278, 0.3724],
			"to": [9.497, 7.07678, 2.8664],
			"rotation": {"angle": 0, "axis": "y", "origin": [8, 7.5646, 3.83642]},
			"faces": {
				"north": {"uv": [7.5, 6.25, 8.25, 6.625], "texture": "#1"},
				"east": {"uv": [5.5, 7.75, 6.125, 8.125], "texture": "#1"},
				"south": {"uv": [7.5, 6.75, 8.25, 7.125], "texture": "#1"},
				"west": {"uv": [7.75, 5.5, 8.375, 5.875], "texture": "#1"},
				"up": {"uv": [7, 6.375, 6.25, 5.75], "texture": "#1"},
				"down": {"uv": [3.75, 6.5, 3, 7.125], "texture": "#1"}
			}
		},
		{
			"from": [6.505, 6.3369, 2.28413],
			"to": [9.495, 7.5769, 4.77413],
			"rotation": {"angle": -22.5, "axis": "x", "origin": [8, 7.5646, 3.83642]},
			"faces": {
				"north": {"uv": [0, 7.75, 0.75, 8.125], "texture": "#1"},
				"east": {"uv": [6.25, 7.75, 6.875, 8.125], "texture": "#1"},
				"south": {"uv": [7.75, 0, 8.5, 0.375], "texture": "#1"},
				"west": {"uv": [7, 7.75, 7.625, 8.125], "texture": "#1"},
				"up": {"uv": [6.75, 7.125, 6, 6.5], "texture": "#1"},
				"down": {"uv": [1.75, 6.75, 1, 7.375], "texture": "#1"}
			}
		},
		{
			"from": [6.505, 9.93947, -1.79053],
			"to": [9.495, 11.42947, 0.19947],
			"rotation": {"angle": -22.5, "axis": "x", "origin": [8, 7.5646, 3.83642]},
			"faces": {
				"north": {"uv": [7.75, 0.5, 8.5, 0.875], "texture": "#1"},
				"east": {"uv": [0, 8.25, 0.5, 8.625], "texture": "#1"},
				"south": {"uv": [7.75, 1.75, 8.5, 2.125], "texture": "#1"},
				"west": {"uv": [1, 8.25, 1.5, 8.625], "texture": "#1"},
				"up": {"uv": [6.5, 7.75, 5.75, 7.25], "texture": "#1"},
				"down": {"uv": [7.25, 7.25, 6.5, 7.75], "texture": "#1"}
			}
		},
		{
			"from": [7, 6.75, 9.25],
			"to": [9, 10.75, 14.75],
			"rotation": {"angle": 0, "axis": "y", "origin": [7, 6.75, 12.75]},
			"faces": {
				"north": {"uv": [5, 6.25, 5.5, 7.25], "texture": "#1"},
				"east": {"uv": [3, 0, 4.375, 1], "texture": "#1"},
				"south": {"uv": [5.5, 6.25, 6, 7.25], "texture": "#1"},
				"west": {"uv": [4, 1, 5.375, 2], "texture": "#1"},
				"up": {"uv": [4.5, 6.875, 4, 5.5], "texture": "#1"},
				"down": {"uv": [6, 4.25, 5.5, 5.625], "texture": "#1"}
			}
		},
		{
			"from": [7, 9, -2.5],
			"to": [9, 10.25, 9.25],
			"rotation": {"angle": 0, "axis": "y", "origin": [7, 6.75, 1]},
			"faces": {
				"north": {"uv": [8.25, 1.25, 8.75, 1.625], "texture": "#1"},
				"east": {"uv": [4, 2, 7, 2.375], "texture": "#1"},
				"south": {"uv": [8.25, 2.25, 8.75, 2.625], "texture": "#1"},
				"west": {"uv": [4, 2.5, 7, 2.875], "texture": "#1"},
				"up": {"uv": [3.5, 6.5, 3, 3.5], "texture": "#1"},
				"down": {"uv": [4, 3.5, 3.5, 6.5], "texture": "#1"}
			}
		},
		{
			"from": [7.005, 9.21772, 7.81079],
			"to": [8.995, 10.45772, 9.55079],
			"rotation": {"angle": -22.5, "axis": "x", "origin": [8, 9.83772, 8.68079]},
			"faces": {
				"north": {"uv": [2.75, 8.25, 3.25, 8.625], "texture": "#1"},
				"east": {"uv": [8.25, 2.75, 8.75, 3.125], "texture": "#1"},
				"south": {"uv": [3.25, 8.25, 3.75, 8.625], "texture": "#1"},
				"west": {"uv": [8.25, 4, 8.75, 4.375], "texture": "#1"},
				"up": {"uv": [8.25, 2.75, 7.75, 2.25], "texture": "#1"},
				"down": {"uv": [8.25, 2.75, 7.75, 3.25], "texture": "#1"}
			}
		},
		{
			"from": [6.75, 7, 14.5],
			"to": [9.25, 10.5, 24.5],
			"rotation": {"angle": 0, "axis": "y", "origin": [6.5, 7.25, 14.5]},
			"faces": {
				"north": {"uv": [6.25, 0, 6.875, 0.875], "texture": "#1"},
				"east": {"uv": [1.5, 1.5, 4, 2.375], "texture": "#1"},
				"south": {"uv": [6.25, 3, 6.875, 3.875], "texture": "#1"},
				"west": {"uv": [1.5, 2.5, 4, 3.375], "texture": "#1"},
				"up": {"uv": [2.125, 6, 1.5, 3.5], "texture": "#1"},
				"down": {"uv": [2.875, 3.5, 2.25, 6], "texture": "#1"}
			}
		},
		{
			"from": [6.755, 8.25239, 23.26128],
			"to": [9.245, 10.74239, 24.25128],
			"rotation": {"angle": 22.5, "axis": "x", "origin": [6.5, 7.49739, 23.25628]},
			"faces": {
				"north": {"uv": [3.75, 7, 4.375, 7.625], "texture": "#1"},
				"east": {"uv": [5.25, 0, 5.5, 0.625], "texture": "#1"},
				"south": {"uv": [7, 5.5, 7.625, 6.125], "texture": "#1"},
				"west": {"uv": [2.5, 6.75, 2.75, 7.375], "texture": "#1"},
				"up": {"uv": [6.875, 8.5, 6.25, 8.25], "texture": "#1"},
				"down": {"uv": [8.875, 6.25, 8.25, 6.5], "texture": "#1"}
			}
		},
		{
			"from": [6.5, 5, 25],
			"to": [9.5, 10, 27.5],
			"rotation": {"angle": 22.5, "axis": "x", "origin": [7.5, 9, 26]},
			"faces": {
				"north": {"uv": [4, 3, 4.75, 4.25], "texture": "#1"},
				"east": {"uv": [4.75, 3, 5.375, 4.25], "texture": "#1"},
				"south": {"uv": [4, 4.25, 4.75, 5.5], "texture": "#1"},
				"west": {"uv": [4.75, 4.25, 5.375, 5.5], "texture": "#1"},
				"up": {"uv": [2.5, 7.375, 1.75, 6.75], "texture": "#1"},
				"down": {"uv": [7.5, 4, 6.75, 4.625], "texture": "#1"}
			}
		},
		{
			"from": [6.505, 6.85485, 26.7735],
			"to": [9.495, 9.34485, 27.7635],
			"rotation": {"angle": 0, "axis": "y", "origin": [8, 5.99631, 26.72809]},
			"faces": {
				"north": {"uv": [6.75, 4.75, 7.5, 5.375], "texture": "#1"},
				"east": {"uv": [0.5, 8.25, 0.75, 8.875], "texture": "#1"},
				"south": {"uv": [6.75, 6.5, 7.5, 7.125], "texture": "#1"},
				"west": {"uv": [1.5, 8.25, 1.75, 8.875], "texture": "#1"},
				"up": {"uv": [5, 8.5, 4.25, 8.25], "texture": "#1"},
				"down": {"uv": [9, 4.5, 8.25, 4.75], "texture": "#1"}
			}
		},
		{
			"from": [6.505, 6.39174, 25.52095],
			"to": [9.495, 6.88174, 28.01095],
			"rotation": {"angle": -22.5, "axis": "x", "origin": [8, 5.99631, 26.72809]},
			"faces": {
				"north": {"uv": [8.5, 1, 9.25, 1.125], "texture": "#1"},
				"east": {"uv": [8.5, 3.5, 9.125, 3.625], "texture": "#1"},
				"south": {"uv": [8.5, 3.25, 9.25, 3.375], "texture": "#1"},
				"west": {"uv": [3.75, 8.5, 4.375, 8.625], "texture": "#1"},
				"up": {"uv": [0.75, 7.625, 0, 7], "texture": "#1"},
				"down": {"uv": [7.75, 0, 7, 0.625], "texture": "#1"}
			}
		},
		{
			"from": [6.495, 2.0047, 24.16883],
			"to": [9.505, 6.5147, 26.67883],
			"rotation": {"angle": -22.5, "axis": "x", "origin": [8, 5.99631, 26.72809]},
			"faces": {
				"north": {"uv": [0, 4.5, 0.75, 5.625], "texture": "#1"},
				"east": {"uv": [5.5, 0, 6.125, 1.125], "texture": "#1"},
				"south": {"uv": [0.75, 4.5, 1.5, 5.625], "texture": "#1"},
				"west": {"uv": [5.5, 3, 6.125, 4.125], "texture": "#1"},
				"up": {"uv": [7.75, 2.625, 7, 2], "texture": "#1"},
				"down": {"uv": [7.75, 2.75, 7, 3.375], "texture": "#1"}
			}
		},
		{
			"from": [6.5, 1.2924, 25.20357],
			"to": [9.5, 2.2924, 28.20357],
			"rotation": {"angle": 0, "axis": "y", "origin": [7.5, 1.2924, 29.70357]},
			"faces": {
				"north": {"uv": [8.25, 4.75, 9, 5], "texture": "#1"},
				"east": {"uv": [8.25, 5, 9, 5.25], "texture": "#1"},
				"south": {"uv": [8.25, 5.25, 9, 5.5], "texture": "#1"},
				"west": {"uv": [5.5, 8.25, 6.25, 8.5], "texture": "#1"},
				"up": {"uv": [6.75, 5.75, 6, 5], "texture": "#1"},
				"down": {"uv": [0.75, 6.25, 0, 7], "texture": "#1"}
			}
		},
		{
			"from": [8, 5, 19.5],
			"to": [8, 7, 24.5],
			"rotation": {"angle": 0, "axis": "y", "origin": [8, 5, 19.5]},
			"faces": {
				"north": {"uv": [0, 0, 0, 0.5], "texture": "#1"},
				"east": {"uv": [0, 5.75, 1.25, 6.25], "texture": "#1"},
				"south": {"uv": [0, 0, 0, 0.5], "texture": "#1"},
				"west": {"uv": [5, 5.75, 6.25, 6.25], "texture": "#1"},
				"up": {"uv": [0, 1.25, 0, 0], "texture": "#1"},
				"down": {"uv": [0, 0, 0, 1.25], "texture": "#1"}
			}
		}
	],
	"display": {
		"thirdperson": {
			"rotation": [90, 0, -180],
			"translation": [0, 5.5, -2],
			"scale": [0.6, 0.75, 0.6]
		},
		"firstperson": {
			"rotation": [0, -50, 0],
			"translation": [-6, 5.5, 1],
			"scale": [0.8, 0.95, 0.8]
		},
		"ground": {
			"translation": [0, 2, 0],
			"scale": [1.5, 1.5, 1.5]
		},
		"gui": {
			"translation": [0, 1, 0],
			"rotation": [40, 225, 0],
			"scale": [0.8, 1, 0.8]
		}
	},
	"groups": [
		{
			"name": "group",
			"origin": [0, 6.5, -9.25],
			"color": 0,
			"children": [0, 1, 2, 3, 4, 5]
		},
		{
			"name": "group",
			"origin": [7, 8.90538, -1.73254],
			"color": 0,
			"children": [6, 7, 8, 9, 10, 11, 12, 13]
		},
		{
			"name": "group",
			"origin": [7, 4.35928, 2.96739],
			"color": 0,
			"children": [14, 15, 16]
		},
		{
			"name": "group",
			"origin": [6.5, 7.49739, 23.25628],
			"color": 0,
			"children": [17, 18]
		},
		{
			"name": "group",
			"origin": [7.5, 1.2924, 29.70357],
			"color": 0,
			"children": [19, 20, 21, 22, 23]
		},
		24
	]
}