{
	"credit": "Made with Blockbench",
	"texture_size": [64, 64],
	"textures": {
		"0": "weapons/fn_p90_golden",
		"particle": "weapons/fn_p90_golden"
	},
	"elements": [
		{
			"from": [7.25, 7.5, -12.75],
			"to": [8.75, 9, -8.25],
			"rotation": {"angle": 45, "axis": "z", "origin": [8, 8.25, -10.5]},
			"faces": {
				"north": {"uv": [12.75, 12.25, 13.125, 12.625], "texture": "#0"},
				"east": {"uv": [11, 6.75, 12.125, 7.125], "texture": "#0"},
				"south": {"uv": [12.75, 12.75, 13.125, 13.125], "texture": "#0"},
				"west": {"uv": [11, 7.25, 12.125, 7.625], "texture": "#0"},
				"up": {"uv": [9.875, 12.125, 9.5, 11], "texture": "#0"},
				"down": {"uv": [11.625, 8, 11.25, 9.125], "texture": "#0"}
			}
		},
		{
			"from": [7, 7.4, -4.25],
			"to": [9, 8.4, 2.75],
			"rotation": {"angle": 0, "axis": "y", "origin": [7, 0, 0]},
			"faces": {
				"north": {"uv": [13, 1.5, 13.5, 1.75], "texture": "#0"},
				"east": {"uv": [10.5, 7.75, 12.25, 8], "texture": "#0"},
				"south": {"uv": [1.75, 13, 2.25, 13.25], "texture": "#0"},
				"west": {"uv": [10.75, 6.5, 12.5, 6.75], "texture": "#0"},
				"up": {"uv": [3, 10.25, 2.5, 8.5], "texture": "#0"},
				"down": {"uv": [3.5, 9, 3, 10.75], "texture": "#0"}
			}
		},
		{
			"from": [6.5, 7, 2.75],
			"to": [9.5, 8.5, 28.25],
			"rotation": {"angle": 0, "axis": "y", "origin": [6.5, 0, 0]},
			"faces": {
				"north": {"uv": [12, 3.5, 12.75, 3.875], "texture": "#0"},
				"east": {"uv": [3, 3, 9.375, 3.375], "texture": "#0"},
				"south": {"uv": [12, 4, 12.75, 4.375], "texture": "#0"},
				"west": {"uv": [3, 3.5, 9.375, 3.875], "texture": "#0"},
				"up": {"uv": [0.75, 6.375, 0, 0], "texture": "#0"},
				"down": {"uv": [1.5, 0, 0.75, 6.375], "texture": "#0"}
			}
		},
		{
			"from": [6.5, 8.5, 5.5],
			"to": [9.5, 9.5, 28.5],
			"rotation": {"angle": 0, "axis": "y", "origin": [6.5, 0, 0]},
			"faces": {
				"north": {"uv": [9.75, 6.75, 10.5, 7], "texture": "#0"},
				"east": {"uv": [6.75, 2, 12.5, 2.25], "texture": "#0"},
				"south": {"uv": [12.5, 5, 13.25, 5.25], "texture": "#0"},
				"west": {"uv": [6.75, 2.25, 12.5, 2.5], "texture": "#0"},
				"up": {"uv": [2.25, 5.75, 1.5, 0], "texture": "#0"},
				"down": {"uv": [3, 0, 2.25, 5.75], "texture": "#0"}
			}
		},
		{
			"from": [6.505, 7.97467, 5.12112],
			"to": [9.495, 8.96467, 6.11112],
			"rotation": {"angle": -45, "axis": "x", "origin": [8, 8.46967, 5.61612]},
			"faces": {
				"north": {"uv": [12.5, 6.5, 13.25, 6.75], "texture": "#0"},
				"east": {"uv": [11.25, 3.25, 11.5, 3.5], "texture": "#0"},
				"south": {"uv": [0, 12.75, 0.75, 13], "texture": "#0"},
				"west": {"uv": [3.25, 11.5, 3.5, 11.75], "texture": "#0"},
				"up": {"uv": [13.5, 0.25, 12.75, 0], "texture": "#0"},
				"down": {"uv": [13.5, 0.25, 12.75, 0.5], "texture": "#0"}
			}
		},
		{
			"from": [6.5, 9.5, 16],
			"to": [9.5, 11.5, 28.5],
			"rotation": {"angle": 0, "axis": "y", "origin": [6.5, 0, 0]},
			"faces": {
				"north": {"uv": [11.5, 5.5, 12.25, 6], "texture": "#0"},
				"east": {"uv": [5.75, 2.5, 8.875, 3], "texture": "#0"},
				"south": {"uv": [6, 11.5, 6.75, 12], "texture": "#0"},
				"west": {"uv": [6.5, 6.5, 9.625, 7], "texture": "#0"},
				"up": {"uv": [3.75, 7.125, 3, 4], "texture": "#0"},
				"down": {"uv": [4.5, 4, 3.75, 7.125], "texture": "#0"}
			}
		},
		{
			"from": [6.25, 1.75, 28],
			"to": [9.75, 11.75, 29],
			"rotation": {"angle": 0, "axis": "y", "origin": [7.25, 0, 0]},
			"faces": {
				"north": {"uv": [5.5, 5, 6.375, 7.5], "texture": "#0"},
				"east": {"uv": [4.25, 9, 4.5, 11.5], "texture": "#0"},
				"south": {"uv": [5.75, 0, 6.625, 2.5], "texture": "#0"},
				"west": {"uv": [2.5, 10.25, 2.75, 12.75], "texture": "#0"},
				"up": {"uv": [13.125, 11, 12.25, 10.75], "texture": "#0"},
				"down": {"uv": [13.125, 12, 12.25, 12.25], "texture": "#0"}
			}
		},
		{
			"from": [6.75, 7.75, 2.5],
			"to": [9.25, 9.75, 5.5],
			"rotation": {"angle": 0, "axis": "y", "origin": [7, 0, 0]},
			"faces": {
				"north": {"uv": [11.75, 11, 12.375, 11.5], "texture": "#0"},
				"east": {"uv": [11.25, 0, 12, 0.5], "texture": "#0"},
				"south": {"uv": [11.75, 11.5, 12.375, 12], "texture": "#0"},
				"west": {"uv": [11.25, 0.5, 12, 1], "texture": "#0"},
				"up": {"uv": [3.375, 11.5, 2.75, 10.75], "texture": "#0"},
				"down": {"uv": [6.625, 10.75, 6, 11.5], "texture": "#0"}
			}
		},
		{
			"from": [6.75, 1.85, 17.75],
			"to": [9.25, 7.35, 28.25],
			"rotation": {"angle": 0, "axis": "y", "origin": [7, 0, 0]},
			"faces": {
				"north": {"uv": [8.75, 5, 9.375, 6.375], "texture": "#0"},
				"east": {"uv": [3, 0, 5.625, 1.375], "texture": "#0"},
				"south": {"uv": [3.5, 9, 4.125, 10.375], "texture": "#0"},
				"west": {"uv": [3, 1.5, 5.625, 2.875], "texture": "#0"},
				"up": {"uv": [2.125, 8.375, 1.5, 5.75], "texture": "#0"},
				"down": {"uv": [2.875, 5.75, 2.25, 8.375], "texture": "#0"}
			}
		},
		{
			"from": [7.005, 3.77758, 2.29486],
			"to": [8.995, 6.76758, 6.53486],
			"rotation": {"angle": 22.5, "axis": "x", "origin": [8, 5.23308, 8.60867]},
			"faces": {
				"north": {"uv": [11.25, 2.5, 11.75, 3.25], "texture": "#0"},
				"east": {"uv": [9, 8.5, 10.125, 9.25], "texture": "#0"},
				"south": {"uv": [11.25, 9.25, 11.75, 10], "texture": "#0"},
				"west": {"uv": [9, 9.25, 10.125, 10], "texture": "#0"},
				"up": {"uv": [0.5, 11.625, 0, 10.5], "texture": "#0"},
				"down": {"uv": [1, 10.5, 0.5, 11.625], "texture": "#0"}
			}
		},
		{
			"from": [7, 3.53024, 2.87491],
			"to": [9, 6.53024, 6.62491],
			"rotation": {"angle": 0, "axis": "y", "origin": [8, 6.78024, 5.12491]},
			"faces": {
				"north": {"uv": [11.25, 10, 11.75, 10.75], "texture": "#0"},
				"east": {"uv": [9.75, 6, 10.75, 6.75], "texture": "#0"},
				"south": {"uv": [10.75, 11.25, 11.25, 12], "texture": "#0"},
				"west": {"uv": [6, 10, 7, 10.75], "texture": "#0"},
				"up": {"uv": [11, 5, 10.5, 4], "texture": "#0"},
				"down": {"uv": [11, 5, 10.5, 6], "texture": "#0"}
			}
		},
		{
			"from": [7, 6.7, 6.75],
			"to": [9, 7.2, 11.25],
			"rotation": {"angle": 0, "axis": "y", "origin": [8, 6.5, 5]},
			"faces": {
				"north": {"uv": [13, 4.75, 13.5, 4.875], "texture": "#0"},
				"east": {"uv": [1.25, 12.75, 2.375, 12.875], "texture": "#0"},
				"south": {"uv": [13, 5.25, 13.5, 5.375], "texture": "#0"},
				"west": {"uv": [12.75, 1.75, 13.875, 1.875], "texture": "#0"},
				"up": {"uv": [1.5, 11.625, 1, 10.5], "texture": "#0"},
				"down": {"uv": [2, 10.5, 1.5, 11.625], "texture": "#0"}
			}
		},
		{
			"from": [6.995, -1.79397, 4.90553],
			"to": [9.005, 1.71603, 8.41553],
			"rotation": {"angle": 45, "axis": "x", "origin": [8, 3.32785, 10.31357]},
			"faces": {
				"north": {"uv": [10.75, 10.25, 11.25, 11.125], "texture": "#0"},
				"east": {"uv": [1.5, 9.5, 2.375, 10.375], "texture": "#0"},
				"south": {"uv": [11, 3.5, 11.5, 4.375], "texture": "#0"},
				"west": {"uv": [9.5, 5, 10.375, 5.875], "texture": "#0"},
				"up": {"uv": [5, 11.875, 4.5, 11], "texture": "#0"},
				"down": {"uv": [11.5, 4.5, 11, 5.375], "texture": "#0"}
			}
		},
		{
			"from": [7, 0.94335, 6.16293],
			"to": [9, 4.44335, 10.16293],
			"rotation": {"angle": 22.5, "axis": "x", "origin": [8, 3.04335, 6.03793]},
			"faces": {
				"north": {"uv": [5, 11, 5.5, 11.875], "texture": "#0"},
				"east": {"uv": [1.5, 8.5, 2.5, 9.375], "texture": "#0"},
				"west": {"uv": [8, 8.5, 9, 9.375], "texture": "#0"},
				"up": {"uv": [6, 11.5, 5.5, 10.5], "texture": "#0"},
				"down": {"uv": [11, 6.75, 10.5, 7.75], "texture": "#0"}
			}
		},
		{
			"from": [6.995, -0.09768, 8.11642],
			"to": [9.005, 2.91232, 12.62642],
			"rotation": {"angle": 0, "axis": "y", "origin": [8, 3.32785, 10.31357]},
			"faces": {
				"north": {"uv": [11.25, 10.75, 11.75, 11.5], "texture": "#0"},
				"east": {"uv": [9.5, 2.5, 10.625, 3.25], "texture": "#0"},
				"south": {"uv": [2.75, 11.5, 3.25, 12.25], "texture": "#0"},
				"west": {"uv": [9.5, 3.25, 10.625, 4], "texture": "#0"},
				"up": {"uv": [2.5, 11.625, 2, 10.5], "texture": "#0"},
				"down": {"uv": [4, 10.5, 3.5, 11.625], "texture": "#0"}
			}
		},
		{
			"from": [7, -1.26768, 10.62142],
			"to": [9, 1.73232, 19.12142],
			"rotation": {"angle": -22.5, "axis": "x", "origin": [8, 2.00732, 7.99642]},
			"faces": {
				"north": {"uv": [11.5, 3.25, 12, 4], "texture": "#0"},
				"east": {"uv": [6.5, 5, 8.625, 5.75], "texture": "#0"},
				"south": {"uv": [11.5, 4, 12, 4.75], "texture": "#0"},
				"west": {"uv": [6.5, 5.75, 8.625, 6.5], "texture": "#0"},
				"up": {"uv": [6.5, 9.625, 6, 7.5], "texture": "#0"},
				"down": {"uv": [8, 8, 7.5, 10.125], "texture": "#0"}
			}
		},
		{
			"from": [7.005, 4.44857, 12.30747],
			"to": [8.995, 5.93857, 13.29747],
			"rotation": {"angle": 22.5, "axis": "x", "origin": [8, 5.23308, 8.60867]},
			"faces": {
				"north": {"uv": [12.25, 12.25, 12.75, 12.625], "texture": "#0"},
				"east": {"uv": [4.25, 11.5, 4.5, 11.875], "texture": "#0"},
				"south": {"uv": [12.5, 2, 13, 2.375], "texture": "#0"},
				"west": {"uv": [6.75, 12.75, 7, 13.125], "texture": "#0"},
				"up": {"uv": [6.5, 10, 6, 9.75], "texture": "#0"},
				"down": {"uv": [1.75, 13, 1.25, 13.25], "texture": "#0"}
			}
		},
		{
			"from": [6.995, 3.24338, 12.27236],
			"to": [9.005, 7.25338, 18.28236],
			"rotation": {"angle": 0, "axis": "y", "origin": [8, 3.32785, 10.31357]},
			"faces": {
				"north": {"uv": [8, 10.5, 8.5, 11.5], "texture": "#0"},
				"east": {"uv": [0, 6.5, 1.5, 7.5], "texture": "#0"},
				"south": {"uv": [8.5, 10.5, 9, 11.5], "texture": "#0"},
				"west": {"uv": [6.75, 0, 8.25, 1], "texture": "#0"},
				"up": {"uv": [7.5, 11.5, 7, 10], "texture": "#0"},
				"down": {"uv": [9.5, 10, 9, 11.5], "texture": "#0"}
			}
		},
		{
			"from": [7.005, 7.96438, 8.56832],
			"to": [8.995, 9.45438, 11.55832],
			"rotation": {"angle": 45, "axis": "x", "origin": [8, 5.23308, 8.60867]},
			"faces": {
				"north": {"uv": [3.75, 12.5, 4.25, 12.875], "texture": "#0"},
				"east": {"uv": [12, 1, 12.75, 1.375], "texture": "#0"},
				"south": {"uv": [12.5, 4.5, 13, 4.875], "texture": "#0"},
				"west": {"uv": [12, 3, 12.75, 3.375], "texture": "#0"},
				"up": {"uv": [12, 5.5, 11.5, 4.75], "texture": "#0"},
				"down": {"uv": [6, 11.5, 5.5, 12.25], "texture": "#0"}
			}
		},
		{
			"from": [7.25, 6.6, -9],
			"to": [8.75, 7.6, 3],
			"rotation": {"angle": 0, "axis": "y", "origin": [6.75, 0, 0]},
			"faces": {
				"north": {"uv": [13, 2.25, 13.375, 2.5], "texture": "#0"},
				"east": {"uv": [9.75, 1.5, 12.75, 1.75], "texture": "#0"},
				"south": {"uv": [2.75, 13, 3.125, 13.25], "texture": "#0"},
				"west": {"uv": [9.75, 1.75, 12.75, 2], "texture": "#0"},
				"up": {"uv": [0.375, 10.5, 0, 7.5], "texture": "#0"},
				"down": {"uv": [0.875, 7.5, 0.5, 10.5], "texture": "#0"}
			}
		},
		{
			"from": [7.25, 3.1, -9],
			"to": [8.75, 6.6, -7.5],
			"rotation": {"angle": 0, "axis": "y", "origin": [6.75, 0, 0]},
			"faces": {
				"north": {"uv": [11.25, 11.5, 11.625, 12.375], "texture": "#0"},
				"east": {"uv": [0, 11.75, 0.375, 12.625], "texture": "#0"},
				"south": {"uv": [0.5, 11.75, 0.875, 12.625], "texture": "#0"},
				"west": {"uv": [1, 11.75, 1.375, 12.625], "texture": "#0"},
				"up": {"uv": [13.125, 2.875, 12.75, 2.5], "texture": "#0"},
				"down": {"uv": [13.125, 3, 12.75, 3.375], "texture": "#0"}
			}
		},
		{
			"from": [7.25, 5.1, -7.5],
			"to": [8.75, 6.6, -2.5],
			"rotation": {"angle": 0, "axis": "y", "origin": [6.75, 0, 0]},
			"faces": {
				"north": {"uv": [3.25, 12.75, 3.625, 13.125], "texture": "#0"},
				"east": {"uv": [8.25, 0.5, 9.5, 0.875], "texture": "#0"},
				"south": {"uv": [12.75, 3.5, 13.125, 3.875], "texture": "#0"},
				"west": {"uv": [10.75, 1, 12, 1.375], "texture": "#0"},
				"up": {"uv": [11.125, 10.25, 10.75, 9], "texture": "#0"},
				"down": {"uv": [10.625, 10.75, 10.25, 12], "texture": "#0"}
			}
		},
		{
			"from": [7.255, 5.20414, -1.83516],
			"to": [8.745, 6.69414, 0.65484],
			"rotation": {"angle": -45, "axis": "x", "origin": [8, 4.04242, -1.98975]},
			"faces": {
				"north": {"uv": [12.75, 4, 13.125, 4.375], "texture": "#0"},
				"east": {"uv": [4.75, 12, 5.375, 12.375], "texture": "#0"},
				"south": {"uv": [4.25, 12.75, 4.625, 13.125], "texture": "#0"},
				"west": {"uv": [6, 12, 6.625, 12.375], "texture": "#0"},
				"up": {"uv": [7.875, 12.625, 7.5, 12], "texture": "#0"},
				"down": {"uv": [12.125, 12, 11.75, 12.625], "texture": "#0"}
			}
		},
		{
			"from": [7.245, 3.095, -5.005],
			"to": [8.755, 5.105, -2.495],
			"rotation": {"angle": 0, "axis": "y", "origin": [8, 4.04242, -1.98975]},
			"faces": {
				"north": {"uv": [4.75, 12.5, 5.125, 13], "texture": "#0"},
				"east": {"uv": [12, 0, 12.625, 0.5], "texture": "#0"},
				"south": {"uv": [6, 12.5, 6.375, 13], "texture": "#0"},
				"west": {"uv": [12, 0.5, 12.625, 1], "texture": "#0"},
				"up": {"uv": [3.125, 12.875, 2.75, 12.25], "texture": "#0"},
				"down": {"uv": [5.875, 12.25, 5.5, 12.875], "texture": "#0"}
			}
		},
		{
			"from": [7.25, 2.15447, -4.71247],
			"to": [8.75, 3.65447, -2.21247],
			"rotation": {"angle": -22.5, "axis": "x", "origin": [7.75, 2.65447, -3.46247]},
			"faces": {
				"north": {"uv": [12.75, 7.25, 13.125, 7.625], "texture": "#0"},
				"east": {"uv": [12.25, 5.5, 12.875, 5.875], "texture": "#0"},
				"south": {"uv": [7.5, 12.75, 7.875, 13.125], "texture": "#0"},
				"west": {"uv": [12.25, 6.75, 12.875, 7.125], "texture": "#0"},
				"up": {"uv": [7.375, 12.875, 7, 12.25], "texture": "#0"},
				"down": {"uv": [12.625, 7.25, 12.25, 7.875], "texture": "#0"}
			}
		},
		{
			"from": [7.258, 1.16247, -2.70447],
			"to": [8.742, 3.64647, -1.72047],
			"rotation": {"angle": -45, "axis": "x", "origin": [7.75, 2.65447, -3.46247]},
			"faces": {
				"north": {"uv": [8, 12.25, 8.375, 12.875], "texture": "#0"},
				"east": {"uv": [6.5, 12.5, 6.75, 13.125], "texture": "#0"},
				"south": {"uv": [12.25, 8, 12.625, 8.625], "texture": "#0"},
				"west": {"uv": [12.75, 1, 13, 1.625], "texture": "#0"},
				"up": {"uv": [4.125, 13.25, 3.75, 13], "texture": "#0"},
				"down": {"uv": [13.375, 4.5, 13, 4.75], "texture": "#0"}
			}
		},
		{
			"from": [7.255, 1.32274, -4.25676],
			"to": [8.745, 2.81274, -1.76676],
			"rotation": {"angle": -45, "axis": "x", "origin": [8, 2.06774, -3.01176]},
			"faces": {
				"north": {"uv": [12.75, 7.75, 13.125, 8.125], "texture": "#0"},
				"east": {"uv": [8.5, 12.25, 9.125, 12.625], "texture": "#0"},
				"south": {"uv": [12.75, 8.25, 13.125, 8.625], "texture": "#0"},
				"west": {"uv": [12.25, 8.75, 12.875, 9.125], "texture": "#0"},
				"up": {"uv": [9.625, 12.875, 9.25, 12.25], "texture": "#0"},
				"down": {"uv": [12.625, 9.25, 12.25, 9.875], "texture": "#0"}
			}
		},
		{
			"from": [7.25, 0.17569, -2.96308],
			"to": [8.75, 2.67569, -1.46308],
			"rotation": {"angle": 22.5, "axis": "x", "origin": [7.75, 1.42569, -1.96308]},
			"faces": {
				"north": {"uv": [9.75, 12.25, 10.125, 12.875], "texture": "#0"},
				"east": {"uv": [12.25, 10, 12.625, 10.625], "texture": "#0"},
				"south": {"uv": [10.25, 12.25, 10.625, 12.875], "texture": "#0"},
				"west": {"uv": [10.75, 12.25, 11.125, 12.875], "texture": "#0"},
				"up": {"uv": [8.875, 13.125, 8.5, 12.75], "texture": "#0"},
				"down": {"uv": [13.125, 9.25, 12.75, 9.625], "texture": "#0"}
			}
		},
		{
			"from": [7.245, 0.0745, -1.9845],
			"to": [8.755, 3.3345, 1.5255],
			"rotation": {"angle": 0, "axis": "y", "origin": [8, 4.04242, -1.98975]},
			"faces": {
				"north": {"uv": [1.5, 11.75, 1.875, 12.625], "texture": "#0"},
				"east": {"uv": [8, 9.5, 8.875, 10.375], "texture": "#0"},
				"south": {"uv": [2, 11.75, 2.375, 12.625], "texture": "#0"},
				"west": {"uv": [9.75, 0.5, 10.625, 1.375], "texture": "#0"},
				"up": {"uv": [3.625, 12.625, 3.25, 11.75], "texture": "#0"},
				"down": {"uv": [12.125, 8, 11.75, 8.875], "texture": "#0"}
			}
		},
		{
			"from": [7.255, 2.59706, -1.15127],
			"to": [8.745, 4.08706, 0.83873],
			"rotation": {"angle": -45, "axis": "x", "origin": [8, 3.34206, -0.15627]},
			"faces": {
				"north": {"uv": [12.75, 9.75, 13.125, 10.125], "texture": "#0"},
				"east": {"uv": [12.5, 6, 13, 6.375], "texture": "#0"},
				"south": {"uv": [12.75, 10.25, 13.125, 10.625], "texture": "#0"},
				"west": {"uv": [12.5, 11, 13, 11.375], "texture": "#0"},
				"up": {"uv": [11.625, 13, 11.25, 12.5], "texture": "#0"},
				"down": {"uv": [12.875, 11.5, 12.5, 12], "texture": "#0"}
			}
		},
		{
			"from": [7.25, 3.0795, 0.0205],
			"to": [8.75, 4.5795, 3.5205],
			"rotation": {"angle": 0, "axis": "y", "origin": [7.75, 3.8295, 1.7705]},
			"faces": {
				"north": {"uv": [11.75, 12.75, 12.125, 13.125], "texture": "#0"},
				"east": {"uv": [11.5, 6, 12.375, 6.375], "texture": "#0"},
				"south": {"uv": [12.25, 12.75, 12.625, 13.125], "texture": "#0"},
				"west": {"uv": [11.75, 2.5, 12.625, 2.875], "texture": "#0"},
				"up": {"uv": [12.125, 9.875, 11.75, 9], "texture": "#0"},
				"down": {"uv": [12.125, 10, 11.75, 10.875], "texture": "#0"}
			}
		},
		{
			"from": [7.5, 4, 1],
			"to": [8.5, 7, 3],
			"rotation": {"angle": 0, "axis": "y", "origin": [6.5, 0, 0.25]},
			"faces": {
				"north": {"uv": [3.75, 11.75, 4, 12.5], "texture": "#0"},
				"east": {"uv": [7, 11.5, 7.5, 12.25], "texture": "#0"},
				"south": {"uv": [5.25, 12.5, 5.5, 13.25], "texture": "#0"},
				"west": {"uv": [8, 11.5, 8.5, 12.25], "texture": "#0"},
				"up": {"uv": [9.75, 1, 9.5, 0.5], "texture": "#0"},
				"down": {"uv": [9.75, 6, 9.5, 6.5], "texture": "#0"}
			}
		},
		{
			"from": [7.505, 5.81566, 0.44434],
			"to": [8.495, 7.30566, 1.43434],
			"rotation": {"angle": -45, "axis": "x", "origin": [8, 6.56066, 0.93934]},
			"faces": {
				"north": {"uv": [9, 12.75, 9.25, 13.125], "texture": "#0"},
				"east": {"uv": [0.5, 13, 0.75, 13.375], "texture": "#0"},
				"south": {"uv": [4.75, 13, 5, 13.375], "texture": "#0"},
				"west": {"uv": [5, 13, 5.25, 13.375], "texture": "#0"},
				"up": {"uv": [12, 3.25, 11.75, 3], "texture": "#0"},
				"down": {"uv": [11.25, 12, 11, 12.25], "texture": "#0"}
			}
		},
		{
			"from": [7, 7.5, -9],
			"to": [9, 9.5, 3],
			"rotation": {"angle": -45, "axis": "z", "origin": [8, 8.5, -3]},
			"faces": {
				"north": {"uv": [9, 2.5, 9.5, 3], "texture": "#0"},
				"east": {"uv": [6.75, 1, 9.75, 1.5], "texture": "#0"},
				"south": {"uv": [10.25, 0, 10.75, 0.5], "texture": "#0"},
				"west": {"uv": [6.75, 1.5, 9.75, 2], "texture": "#0"},
				"up": {"uv": [7, 10, 6.5, 7], "texture": "#0"},
				"down": {"uv": [7.5, 7, 7, 10], "texture": "#0"}
			}
		},
		{
			"from": [7.25, 12.75, -8.5],
			"to": [8.75, 14.75, 3],
			"rotation": {"angle": 0, "axis": "y", "origin": [7, 0, 0]},
			"faces": {
				"north": {"uv": [12.75, 0.5, 13.125, 1], "texture": "#0"},
				"east": {"uv": [7.5, 7, 10.375, 7.5], "texture": "#0"},
				"south": {"uv": [0.75, 12.75, 1.125, 13.25], "texture": "#0"},
				"west": {"uv": [7.5, 7.5, 10.375, 8], "texture": "#0"},
				"up": {"uv": [1.375, 10.375, 1, 7.5], "texture": "#0"},
				"down": {"uv": [5.875, 7.5, 5.5, 10.375], "texture": "#0"}
			}
		},
		{
			"from": [7.255, 7.38219, 1.6554],
			"to": [8.745, 13.87219, 4.6454],
			"rotation": {"angle": -22.5, "axis": "x", "origin": [8, 12.17529, 1.16201]},
			"faces": {
				"north": {"uv": [7.5, 10.25, 7.875, 11.875], "texture": "#0"},
				"east": {"uv": [3, 7.25, 3.75, 8.875], "texture": "#0"},
				"south": {"uv": [10.25, 9, 10.625, 10.625], "texture": "#0"},
				"west": {"uv": [3.75, 7.25, 4.5, 8.875], "texture": "#0"},
				"up": {"uv": [4.625, 12.75, 4.25, 12], "texture": "#0"},
				"down": {"uv": [12.375, 4.5, 12, 5.25], "texture": "#0"}
			}
		},
		{
			"from": [7.125, 9, -8.75],
			"to": [8.875, 12.75, -5.75],
			"rotation": {"angle": 0, "axis": "y", "origin": [7.125, 0, 0]},
			"faces": {
				"north": {"uv": [10.75, 0, 11.25, 1], "texture": "#0"},
				"east": {"uv": [9.5, 10, 10.25, 11], "texture": "#0"},
				"south": {"uv": [10.75, 2.5, 11.25, 3.5], "texture": "#0"},
				"west": {"uv": [10.25, 8, 11, 9], "texture": "#0"},
				"up": {"uv": [9, 12.25, 8.5, 11.5], "texture": "#0"},
				"down": {"uv": [9.5, 11.5, 9, 12.25], "texture": "#0"}
			}
		},
		{
			"from": [7.5, 14.5, -6.75],
			"to": [8.5, 16.5, 0.75],
			"rotation": {"angle": 0, "axis": "y", "origin": [7, 0, 0]},
			"faces": {
				"north": {"uv": [10, 8, 10.25, 8.5], "texture": "#0"},
				"east": {"uv": [8, 8, 9.875, 8.5], "texture": "#0"},
				"south": {"uv": [2.75, 10.25, 3, 10.75], "texture": "#0"},
				"west": {"uv": [8.25, 0, 10.125, 0.5], "texture": "#0"},
				"up": {"uv": [4.25, 12.375, 4, 10.5], "texture": "#0"},
				"down": {"uv": [7, 10.75, 6.75, 12.625], "texture": "#0"}
			}
		},
		{
			"from": [7.25, 9.75, -6.75],
			"to": [8.75, 11.25, 16.75],
			"rotation": {"angle": 45, "axis": "z", "origin": [8, 10.5, 5]},
			"faces": {
				"north": {"uv": [0, 13, 0.375, 13.375], "texture": "#0"},
				"east": {"uv": [4.5, 4, 10.375, 4.375], "texture": "#0"},
				"south": {"uv": [13, 1, 13.375, 1.375], "texture": "#0"},
				"west": {"uv": [4.5, 4.5, 10.375, 4.875], "texture": "#0"},
				"up": {"uv": [4.875, 10.875, 4.5, 5], "texture": "#0"},
				"down": {"uv": [5.375, 5, 5, 10.875], "texture": "#0"}
			}
		},
		{
			"from": [7.5, 12, -6],
			"to": [8.5, 13, -2],
			"rotation": {"angle": 0, "axis": "y", "origin": [6.5, 0, 0]},
			"faces": {
				"north": {"uv": [2.5, 12.75, 2.75, 13], "texture": "#0"},
				"east": {"uv": [12, 5.25, 13, 5.5], "texture": "#0"},
				"south": {"uv": [5.5, 13, 5.75, 13.25], "texture": "#0"},
				"west": {"uv": [10, 12, 11, 12.25], "texture": "#0"},
				"up": {"uv": [11.25, 9, 11, 8], "texture": "#0"},
				"down": {"uv": [10.25, 11, 10, 12], "texture": "#0"}
			}
		},
		{
			"from": [7.505, 13.22839, -1.82138],
			"to": [8.495, 14.21839, 0.16862],
			"rotation": {"angle": -22.5, "axis": "x", "origin": [8, 12.17529, 1.16201]},
			"faces": {
				"north": {"uv": [13, 5.5, 13.25, 5.75], "texture": "#0"},
				"east": {"uv": [13, 2, 13.5, 2.25], "texture": "#0"},
				"south": {"uv": [5.75, 13, 6, 13.25], "texture": "#0"},
				"west": {"uv": [2.25, 13, 2.75, 13.25], "texture": "#0"},
				"up": {"uv": [11, 4, 10.75, 3.5], "texture": "#0"},
				"down": {"uv": [11, 6, 10.75, 6.5], "texture": "#0"}
			}
		}
	],
	"display": {
		"thirdperson": {
			"rotation": [90, 0, -180],
			"translation": [0, 0.5, -2.2],
			"scale": [0.4, 0.45, 0.4]
		},
		"firstperson": {
			"rotation": [0, -55, 0],
			"translation": [-6, 5.8, 1.1],
			"scale": [0.5, 0.5, 0.5]
		},
		"ground": {
			"translation": [0, 2, 0],
			"scale": [1.5, 1.5, 1.5]
		},
		"gui": {
			"rotation": [40, 225, 0],
			"translation": [0, 1, 0],
			"scale": [0.7, 0.7, 0.7]
		}
	},
	"groups": [
		0,
		1,
		2,
		3,
		4,
		5,
		6,
		{
			"name": "group",
			"origin": [7, 0, 0],
			"color": 0,
			"children": [7, 8]
		},
		{
			"name": "group",
			"origin": [8, 5.24838, 15.27736],
			"color": 0,
			"children": [9, 10, 11, 12, 13, 14, 15, 16, 17, 18]
		},
		{
			"name": "group",
			"origin": [7.75, 3.8295, 1.7705],
			"color": 0,
			"children": [19, 20, 21, 22, 23, 24, 25, 26, 27, 28, 29, 30]
		},
		31,
		32,
		33,
		34,
		35,
		36,
		37,
		38,
		39,
		40
	]
}