{
	"credit": "Made with Blockbench",
	"texture_size": [64, 64],
	"textures": {
		"1": "weapons/barrett_50_golden"
	},
	"elements": [
		{
			"from": [9.714, 8.45793, -8.99179],
			"to": [10.714, 9.45793, -2.49179],
			"rotation": {"angle": 45, "axis": "z", "origin": [8, 6.74394, 8]},
			"faces": {
				"north": {"uv": [1, 9.5, 1.25, 9.75], "texture": "#1"},
				"east": {"uv": [6.25, 5, 7.875, 5.25], "texture": "#1"},
				"south": {"uv": [3, 9.75, 3.25, 10], "texture": "#1"},
				"west": {"uv": [6.25, 5.25, 7.875, 5.5], "texture": "#1"},
				"up": {"uv": [1.5, 8.375, 1.25, 6.75], "texture": "#1"},
				"down": {"uv": [2.75, 6.75, 2.5, 8.375], "texture": "#1"}
			}
		},
		{
			"from": [9.464, 8.20793, -12.49179],
			"to": [10.964, 9.70793, -8.99179],
			"rotation": {"angle": 45, "axis": "z", "origin": [8, 6.74394, 8]},
			"faces": {
				"north": {"uv": [1.25, 9.25, 1.625, 9.625], "texture": "#1"},
				"east": {"uv": [7.25, 2.75, 8.125, 3.125], "texture": "#1"},
				"south": {"uv": [9.25, 2.25, 9.625, 2.625], "texture": "#1"},
				"west": {"uv": [6, 7.25, 6.875, 7.625], "texture": "#1"},
				"up": {"uv": [4.625, 8.125, 4.25, 7.25], "texture": "#1"},
				"down": {"uv": [1.875, 7.5, 1.5, 8.375], "texture": "#1"}
			}
		},
		{
			"from": [6.875, 9.5, -3.74179],
			"to": [9.125, 10.75, 8.25821],
			"rotation": {"angle": 0, "axis": "y", "origin": [8, 6.74394, 8]},
			"faces": {
				"north": {"uv": [8, 5, 8.625, 5.375], "texture": "#1"},
				"east": {"uv": [5, 1, 8, 1.375], "texture": "#1"},
				"south": {"uv": [8.25, 0, 8.875, 0.375], "texture": "#1"},
				"west": {"uv": [5, 1.5, 8, 1.875], "texture": "#1"},
				"up": {"uv": [4.125, 3, 3.5, 0], "texture": "#1"},
				"down": {"uv": [4.125, 3, 3.5, 6], "texture": "#1"}
			}
		},
		{
			"from": [6.875, 10.25, 8.25821],
			"to": [9.125, 10.75, 26.25821],
			"rotation": {"angle": 0, "axis": "y", "origin": [8, 6.74394, 8]},
			"faces": {
				"north": {"uv": [9.75, 2.5, 10.375, 2.625], "texture": "#1"},
				"east": {"uv": [5.5, 3.75, 10, 3.875], "texture": "#1"},
				"south": {"uv": [9.75, 2.75, 10.375, 2.875], "texture": "#1"},
				"west": {"uv": [5.5, 4, 10, 4.125], "texture": "#1"},
				"up": {"uv": [0.625, 4.5, 0, 0], "texture": "#1"},
				"down": {"uv": [1.375, 0, 0.75, 4.5], "texture": "#1"}
			}
		},
		{
			"from": [6.875, 9.5, 16.25821],
			"to": [9.125, 10.25, 26.25821],
			"rotation": {"angle": 0, "axis": "y", "origin": [8, 6.74394, 8]},
			"faces": {
				"north": {"uv": [9, 1.75, 9.625, 2], "texture": "#1"},
				"east": {"uv": [5.5, 2.25, 8, 2.5], "texture": "#1"},
				"south": {"uv": [4.75, 9, 5.375, 9.25], "texture": "#1"},
				"west": {"uv": [5.5, 2.5, 8, 2.75], "texture": "#1"},
				"up": {"uv": [4.875, 2.5, 4.25, 0], "texture": "#1"},
				"down": {"uv": [4.875, 2.5, 4.25, 5], "texture": "#1"}
			}
		},
		{
			"from": [6.875, 10, 14.25821],
			"to": [9.125, 10.25, 16.25821],
			"rotation": {"angle": 0, "axis": "y", "origin": [8, 6.74394, 8]},
			"faces": {
				"north": {"uv": [9.75, 3, 10.375, 3.125], "texture": "#1"},
				"east": {"uv": [9.75, 3.5, 10.25, 3.625], "texture": "#1"},
				"south": {"uv": [9.75, 3.25, 10.375, 3.375], "texture": "#1"},
				"west": {"uv": [3.75, 9.75, 4.25, 9.875], "texture": "#1"},
				"up": {"uv": [3.375, 8, 2.75, 7.5], "texture": "#1"},
				"down": {"uv": [5.375, 7.5, 4.75, 8], "texture": "#1"}
			}
		},
		{
			"from": [7.25, 9, -3.49179],
			"to": [8.75, 9.5, 26.00821],
			"rotation": {"angle": 0, "axis": "y", "origin": [8, 6.74394, 8]},
			"faces": {
				"north": {"uv": [0, 10, 0.375, 10.125], "texture": "#1"},
				"east": {"uv": [5, 4.25, 12.375, 4.375], "texture": "#1"},
				"south": {"uv": [10, 0, 10.375, 0.125], "texture": "#1"},
				"west": {"uv": [5, 4.5, 12.375, 4.625], "texture": "#1"},
				"up": {"uv": [1.875, 7.375, 1.5, 0], "texture": "#1"},
				"down": {"uv": [2.375, 0, 2, 7.375], "texture": "#1"}
			}
		},
		{
			"from": [7, 1.96599, 20.8063],
			"to": [9, 4.96599, 21.5563],
			"rotation": {"angle": -22.5, "axis": "x", "origin": [8, 6.74394, 8]},
			"faces": {
				"north": {"uv": [5.5, 7, 6, 7.75], "texture": "#1"},
				"east": {"uv": [8, 8.5, 8.25, 9.25], "texture": "#1"},
				"south": {"uv": [7, 6.25, 7.5, 7], "texture": "#1"},
				"west": {"uv": [2, 8.75, 2.25, 9.5], "texture": "#1"},
				"up": {"uv": [9.75, 1.75, 9.25, 1.5], "texture": "#1"},
				"down": {"uv": [9.75, 8.75, 9.25, 9], "texture": "#1"}
			}
		},
		{
			"from": [7.005, 6.96773, 21.76085],
			"to": [8.995, 7.70773, 23.00085],
			"rotation": {"angle": 22.5, "axis": "x", "origin": [8, 7.33773, 22.38085]},
			"faces": {
				"north": {"uv": [9, 9.25, 9.5, 9.5], "texture": "#1"},
				"east": {"uv": [0.5, 9.75, 0.875, 10], "texture": "#1"},
				"south": {"uv": [9.25, 9, 9.75, 9.25], "texture": "#1"},
				"west": {"uv": [1, 9.75, 1.375, 10], "texture": "#1"},
				"up": {"uv": [9.25, 2.625, 8.75, 2.25], "texture": "#1"},
				"down": {"uv": [9.25, 2.75, 8.75, 3.125], "texture": "#1"}
			}
		},
		{
			"from": [7, 6.7521, 22.81477],
			"to": [9, 7.5021, 26.06477],
			"rotation": {"angle": 0, "axis": "y", "origin": [8, 6.74394, 8]},
			"faces": {
				"north": {"uv": [0, 9.5, 0.5, 9.75], "texture": "#1"},
				"east": {"uv": [6.25, 5.5, 7.125, 5.75], "texture": "#1"},
				"south": {"uv": [9.5, 0, 10, 0.25], "texture": "#1"},
				"west": {"uv": [7.25, 5.5, 8.125, 5.75], "texture": "#1"},
				"up": {"uv": [7.25, 0.875, 6.75, 0], "texture": "#1"},
				"down": {"uv": [1, 6.75, 0.5, 7.625], "texture": "#1"}
			}
		},
		{
			"from": [7.5, -3.60478, 17.29733],
			"to": [8.5, -2.85478, 18.54733],
			"rotation": {"angle": -45, "axis": "x", "origin": [7.5, 6.74394, 8]},
			"faces": {
				"north": {"uv": [5.25, 9.75, 5.5, 10], "texture": "#1"},
				"east": {"uv": [9.75, 1.5, 10.125, 1.75], "texture": "#1"},
				"south": {"uv": [9.75, 5.25, 10, 5.5], "texture": "#1"},
				"west": {"uv": [9.75, 1.75, 10.125, 2], "texture": "#1"},
				"up": {"uv": [8.5, 3.125, 8.25, 2.75], "texture": "#1"},
				"down": {"uv": [5.5, 9.25, 5.25, 9.625], "texture": "#1"}
			}
		},
		{
			"from": [7.125, 8, 14.00821],
			"to": [8.875, 9, 16.75821],
			"rotation": {"angle": 0, "axis": "y", "origin": [8, 6.74394, 8]},
			"faces": {
				"north": {"uv": [9.5, 0.25, 10, 0.5], "texture": "#1"},
				"east": {"uv": [5.75, 9, 6.375, 9.25], "texture": "#1"},
				"south": {"uv": [0.5, 9.5, 1, 9.75], "texture": "#1"},
				"west": {"uv": [9, 7.75, 9.625, 8], "texture": "#1"},
				"up": {"uv": [8.25, 0.625, 7.75, 0], "texture": "#1"},
				"down": {"uv": [6.25, 7.75, 5.75, 8.375], "texture": "#1"}
			}
		},
		{
			"from": [7.12, 1.43412, 15.07616],
			"to": [8.88, 2.44412, 17.83616],
			"rotation": {"angle": -45, "axis": "x", "origin": [8, 6.74394, 8]},
			"faces": {
				"north": {"uv": [9.5, 1, 10, 1.25], "texture": "#1"},
				"east": {"uv": [7.25, 0.75, 8, 1], "texture": "#1"},
				"south": {"uv": [2, 9.5, 2.5, 9.75], "texture": "#1"},
				"west": {"uv": [8.75, 6.5, 9.5, 6.75], "texture": "#1"},
				"up": {"uv": [7.5, 7.75, 7, 7], "texture": "#1"},
				"down": {"uv": [0.5, 7.25, 0, 8], "texture": "#1"}
			}
		},
		{
			"from": [6.75, 6.5, 25.75821],
			"to": [9.25, 10.5, 26.75821],
			"rotation": {"angle": 0, "axis": "y", "origin": [8, 6.74394, 8]},
			"faces": {
				"north": {"uv": [5.5, 2.75, 6.125, 3.75], "texture": "#1"},
				"east": {"uv": [1.25, 4.5, 1.5, 5.5], "texture": "#1"},
				"south": {"uv": [4.75, 5.75, 5.375, 6.75], "texture": "#1"},
				"west": {"uv": [7.25, 7.75, 7.5, 8.75], "texture": "#1"},
				"up": {"uv": [9.625, 8.25, 9, 8], "texture": "#1"},
				"down": {"uv": [9.625, 8.25, 9, 8.5], "texture": "#1"}
			}
		},
		{
			"from": [6.755, 7.90881, 26.24679],
			"to": [9.245, 10.39881, 27.23679],
			"rotation": {"angle": 22.5, "axis": "x", "origin": [8, 9.15381, 26.74179]},
			"faces": {
				"north": {"uv": [2.75, 6.75, 3.375, 7.375], "texture": "#1"},
				"east": {"uv": [6.5, 9, 6.75, 9.625], "texture": "#1"},
				"south": {"uv": [4.75, 6.75, 5.375, 7.375], "texture": "#1"},
				"west": {"uv": [9.25, 0.5, 9.5, 1.125], "texture": "#1"},
				"up": {"uv": [9.625, 8.75, 9, 8.5], "texture": "#1"},
				"down": {"uv": [9.875, 1.25, 9.25, 1.5], "texture": "#1"}
			}
		},
		{
			"from": [7.125, 9.4, 8.00821],
			"to": [8.875, 10.4, 17.00821],
			"rotation": {"angle": 0, "axis": "y", "origin": [8, 6.74394, 8]},
			"faces": {
				"north": {"uv": [9.5, 0.5, 10, 0.75], "texture": "#1"},
				"east": {"uv": [6, 5.75, 8.25, 6], "texture": "#1"},
				"south": {"uv": [9.5, 0.75, 10, 1], "texture": "#1"},
				"west": {"uv": [6, 6, 8.25, 6.25], "texture": "#1"},
				"up": {"uv": [5.5, 4.25, 5, 2], "texture": "#1"},
				"down": {"uv": [4.75, 5, 4.25, 7.25], "texture": "#1"}
			}
		},
		{
			"from": [7, 6.5, 12.50821],
			"to": [9, 9, 14.00821],
			"rotation": {"angle": 0, "axis": "y", "origin": [8, 6.74394, 8]},
			"faces": {
				"north": {"uv": [6.25, 7.75, 6.75, 8.375], "texture": "#1"},
				"east": {"uv": [8.25, 6.25, 8.625, 6.875], "texture": "#1"},
				"south": {"uv": [7.75, 6.25, 8.25, 6.875], "texture": "#1"},
				"west": {"uv": [8.25, 7, 8.625, 7.625], "texture": "#1"},
				"up": {"uv": [9.25, 3.625, 8.75, 3.25], "texture": "#1"},
				"down": {"uv": [9.25, 5, 8.75, 5.375], "texture": "#1"}
			}
		},
		{
			"from": [6.995, 7.50006, 7.4504],
			"to": [9.005, 10.01006, 13.2104],
			"rotation": {"angle": 22.5, "axis": "x", "origin": [8, 8.75506, 10.3304]},
			"faces": {
				"east": {"uv": [4.75, 5, 6.125, 5.625], "texture": "#1"},
				"south": {"uv": [6.75, 7.75, 7.25, 8.375], "texture": "#1"},
				"west": {"uv": [0, 5.5, 1.375, 6.125], "texture": "#1"},
				"up": {"uv": [3, 6.625, 2.5, 5.25], "texture": "#1"},
				"down": {"uv": [3.5, 5.25, 3, 6.625], "texture": "#1"}
			}
		},
		{
			"from": [7, 8.12711, 8.73793],
			"to": [9, 9.62711, 9.23793],
			"rotation": {"angle": -22.5, "axis": "x", "origin": [8, 6.74394, 8]},
			"faces": {
				"north": {"uv": [8.75, 5.5, 9.25, 5.875], "texture": "#1"},
				"east": {"uv": [10, 0.25, 10.125, 0.625], "texture": "#1"},
				"south": {"uv": [8.75, 6, 9.25, 6.375], "texture": "#1"},
				"west": {"uv": [0.5, 10, 0.625, 10.375], "texture": "#1"},
				"up": {"uv": [6, 9.875, 5.5, 9.75], "texture": "#1"},
				"down": {"uv": [10.25, 5.5, 9.75, 5.625], "texture": "#1"}
			}
		},
		{
			"from": [7.125, 4.25, 8.50821],
			"to": [8.875, 8.25, 13.50821],
			"rotation": {"angle": 0, "axis": "y", "origin": [8, 6.74394, 8]},
			"faces": {
				"north": {"uv": [0, 6.25, 0.5, 7.25], "texture": "#1"},
				"east": {"uv": [0, 4.5, 1.25, 5.5], "texture": "#1"},
				"south": {"uv": [6.25, 0, 6.75, 1], "texture": "#1"},
				"west": {"uv": [5, 0, 6.25, 1], "texture": "#1"},
				"up": {"uv": [6, 7, 5.5, 5.75], "texture": "#1"},
				"down": {"uv": [4, 6, 3.5, 7.25], "texture": "#1"}
			}
		},
		{
			"from": [7.25, 1.16642, 15.24739],
			"to": [8.75, 4.16642, 16.24739],
			"rotation": {"angle": -22.5, "axis": "x", "origin": [8.5, 6.74394, 8]},
			"faces": {
				"north": {"uv": [7.75, 7, 8.125, 7.75], "texture": "#1"},
				"east": {"uv": [1.25, 8.5, 1.5, 9.25], "texture": "#1"},
				"south": {"uv": [7.75, 7.75, 8.125, 8.5], "texture": "#1"},
				"west": {"uv": [1.5, 8.5, 1.75, 9.25], "texture": "#1"},
				"up": {"uv": [3.375, 9.75, 3, 9.5], "texture": "#1"},
				"down": {"uv": [4.125, 9.5, 3.75, 9.75], "texture": "#1"}
			}
		},
		{
			"from": [7.245, 6.995, 15.50321],
			"to": [8.755, 8.005, 16.76321],
			"rotation": {"angle": 0, "axis": "y", "origin": [8, 7.5, 16.13321]},
			"faces": {
				"north": {"uv": [4.25, 9.5, 4.625, 9.75], "texture": "#1"},
				"east": {"uv": [3.25, 9.75, 3.5, 10], "texture": "#1"},
				"south": {"uv": [9.5, 6.5, 9.875, 6.75], "texture": "#1"},
				"west": {"uv": [4.25, 9.75, 4.5, 10], "texture": "#1"},
				"up": {"uv": [9.375, 9.75, 9, 9.5], "texture": "#1"},
				"down": {"uv": [9.875, 9.25, 9.5, 9.5], "texture": "#1"}
			}
		},
		{
			"from": [7.255, 4.77618, 16.81708],
			"to": [8.745, 7.01618, 17.80708],
			"rotation": {"angle": -45, "axis": "x", "origin": [8, 5.89618, 17.31208]},
			"faces": {
				"north": {"uv": [4.25, 8.25, 4.625, 8.875], "texture": "#1"},
				"east": {"uv": [2.25, 8.75, 2.5, 9.375], "texture": "#1"},
				"south": {"uv": [8.25, 5.5, 8.625, 6.125], "texture": "#1"},
				"west": {"uv": [5.5, 9, 5.75, 9.625], "texture": "#1"},
				"up": {"uv": [9.875, 9.75, 9.5, 9.5], "texture": "#1"},
				"down": {"uv": [0.375, 9.75, 0, 10], "texture": "#1"}
			}
		},
		{
			"from": [7, 6.5, 14.00821],
			"to": [9, 8, 15.50821],
			"rotation": {"angle": 0, "axis": "y", "origin": [8, 6.74394, 8]},
			"faces": {
				"north": {"uv": [8.75, 6.75, 9.25, 7.125], "texture": "#1"},
				"east": {"uv": [9.25, 5.5, 9.625, 5.875], "texture": "#1"},
				"south": {"uv": [7.25, 8.75, 7.75, 9.125], "texture": "#1"},
				"west": {"uv": [5.75, 9.25, 6.125, 9.625], "texture": "#1"},
				"up": {"uv": [9.25, 7.625, 8.75, 7.25], "texture": "#1"},
				"down": {"uv": [8.75, 8.75, 8.25, 9.125], "texture": "#1"}
			}
		},
		{
			"from": [7.875, 7.5, 3.25821],
			"to": [8.125, 9, 3.50821],
			"rotation": {"angle": 0, "axis": "y", "origin": [8, 6.74394, 8]},
			"faces": {
				"north": {"uv": [0.75, 10, 0.875, 10.375], "texture": "#1"},
				"east": {"uv": [10, 0.75, 10.125, 1.125], "texture": "#1"},
				"south": {"uv": [1, 10, 1.125, 10.375], "texture": "#1"},
				"west": {"uv": [1.25, 10, 1.375, 10.375], "texture": "#1"},
				"up": {"uv": [4.875, 10.125, 4.75, 10], "texture": "#1"},
				"down": {"uv": [5.125, 10, 5, 10.125], "texture": "#1"}
			}
		},
		{
			"from": [7.875, 7.5, 3.50821],
			"to": [8.125, 7.75, 4.50821],
			"rotation": {"angle": 0, "axis": "y", "origin": [8, 6.74394, 8]},
			"faces": {
				"north": {"uv": [10, 5, 10.125, 5.125], "texture": "#1"},
				"east": {"uv": [3.25, 10, 3.5, 10.125], "texture": "#1"},
				"south": {"uv": [5.25, 10, 5.375, 10.125], "texture": "#1"},
				"west": {"uv": [3.5, 10, 3.75, 10.125], "texture": "#1"},
				"up": {"uv": [3.875, 10.25, 3.75, 10], "texture": "#1"},
				"down": {"uv": [10.125, 3.75, 10, 4], "texture": "#1"}
			}
		},
		{
			"from": [7.5, 7.1, 4.00821],
			"to": [8.5, 8.1, 7.50821],
			"rotation": {"angle": 0, "axis": "y", "origin": [8, 6.74394, 8]},
			"faces": {
				"north": {"uv": [9.75, 5.75, 10, 6], "texture": "#1"},
				"east": {"uv": [8, 1.75, 8.875, 2], "texture": "#1"},
				"south": {"uv": [6, 9.75, 6.25, 10], "texture": "#1"},
				"west": {"uv": [8.25, 0.5, 9.125, 0.75], "texture": "#1"},
				"up": {"uv": [4, 8.875, 3.75, 8], "texture": "#1"},
				"down": {"uv": [5.5, 8, 5.25, 8.875], "texture": "#1"}
			}
		},
		{
			"from": [7.125, 10.75, -3.49179],
			"to": [8.875, 11.25, 16.75821],
			"rotation": {"angle": 0, "axis": "y", "origin": [8, 6.74394, 8]},
			"faces": {
				"north": {"uv": [9.75, 6, 10.25, 6.125], "texture": "#1"},
				"east": {"uv": [5, 4.75, 10.125, 4.875], "texture": "#1"},
				"south": {"uv": [6.25, 9.75, 6.75, 9.875], "texture": "#1"},
				"west": {"uv": [5.5, 2, 10.625, 2.125], "texture": "#1"},
				"up": {"uv": [3, 5.125, 2.5, 0], "texture": "#1"},
				"down": {"uv": [3.5, 0, 3, 5.125], "texture": "#1"}
			}
		},
		{
			"from": [5.87828, 1.57932, -0.49179],
			"to": [7.37828, 1.82932, 1.00821],
			"rotation": {"angle": -22.5, "axis": "z", "origin": [8, 6.74394, 8]},
			"faces": {
				"north": {"uv": [8.25, 9.75, 8.625, 9.875], "texture": "#1"},
				"east": {"uv": [9.75, 8.25, 10.125, 8.375], "texture": "#1"},
				"south": {"uv": [9.75, 8.5, 10.125, 8.625], "texture": "#1"},
				"west": {"uv": [8.75, 9.75, 9.125, 9.875], "texture": "#1"},
				"up": {"uv": [9.625, 3.125, 9.25, 2.75], "texture": "#1"},
				"down": {"uv": [9.625, 3.25, 9.25, 3.625], "texture": "#1"}
			}
		},
		{
			"from": [6.37828, 1.82932, 0.00821],
			"to": [6.87828, 8.07932, 0.50821],
			"rotation": {"angle": -22.5, "axis": "z", "origin": [8, 6.74394, 8]},
			"faces": {
				"north": {"uv": [1.75, 8.5, 1.875, 10], "texture": "#1"},
				"east": {"uv": [8.5, 2.25, 8.625, 3.75], "texture": "#1"},
				"south": {"uv": [2.5, 8.5, 2.625, 10], "texture": "#1"},
				"west": {"uv": [2.75, 8.5, 2.875, 10], "texture": "#1"},
				"up": {"uv": [4.125, 10.125, 4, 10], "texture": "#1"},
				"down": {"uv": [10.125, 4, 10, 4.125], "texture": "#1"}
			}
		},
		{
			"from": [6.12828, 2.32932, -0.24179],
			"to": [7.12828, 7.07932, 0.75821],
			"rotation": {"angle": -22.5, "axis": "z", "origin": [8, 6.74394, 8]},
			"faces": {
				"north": {"uv": [2, 7.5, 2.25, 8.75], "texture": "#1"},
				"east": {"uv": [2.25, 7.5, 2.5, 8.75], "texture": "#1"},
				"south": {"uv": [7.5, 6.25, 7.75, 7.5], "texture": "#1"},
				"west": {"uv": [7.5, 7.5, 7.75, 8.75], "texture": "#1"},
				"up": {"uv": [4.75, 10, 4.5, 9.75], "texture": "#1"},
				"down": {"uv": [5, 9.75, 4.75, 10], "texture": "#1"}
			}
		},
		{
			"from": [5.75328, 7.57932, -0.74179],
			"to": [7.50328, 9.32932, 1.25821],
			"rotation": {"angle": -22.5, "axis": "z", "origin": [8, 6.74394, 8]},
			"faces": {
				"north": {"uv": [3, 8.5, 3.5, 8.875], "texture": "#1"},
				"east": {"uv": [4.75, 8.5, 5.25, 8.875], "texture": "#1"},
				"south": {"uv": [5.75, 8.5, 6.25, 8.875], "texture": "#1"},
				"west": {"uv": [6.25, 8.5, 6.75, 8.875], "texture": "#1"},
				"up": {"uv": [0.5, 8.5, 0, 8], "texture": "#1"},
				"down": {"uv": [8.5, 2.25, 8, 2.75], "texture": "#1"}
			}
		},
		{
			"from": [8.62172, 1.57932, -0.49179],
			"to": [10.12172, 1.82932, 1.00821],
			"rotation": {"angle": 22.5, "axis": "z", "origin": [8, 6.74394, 8]},
			"faces": {
				"north": {"uv": [9.75, 8.75, 10.125, 8.875], "texture": "#1"},
				"east": {"uv": [9.75, 9, 10.125, 9.125], "texture": "#1"},
				"south": {"uv": [9.25, 9.75, 9.625, 9.875], "texture": "#1"},
				"west": {"uv": [9.75, 9.75, 10.125, 9.875], "texture": "#1"},
				"up": {"uv": [5.125, 9.625, 4.75, 9.25], "texture": "#1"},
				"down": {"uv": [9.625, 5, 9.25, 5.375], "texture": "#1"}
			}
		},
		{
			"from": [9.12172, 1.82932, 0.00821],
			"to": [9.62172, 8.07932, 0.50821],
			"rotation": {"angle": 22.5, "axis": "z", "origin": [8, 6.74394, 8]},
			"faces": {
				"north": {"uv": [3.5, 8.5, 3.625, 10], "texture": "#1"},
				"east": {"uv": [6.75, 8.5, 6.875, 10], "texture": "#1"},
				"south": {"uv": [7, 8.5, 7.125, 10], "texture": "#1"},
				"west": {"uv": [7.75, 8.5, 7.875, 10], "texture": "#1"},
				"up": {"uv": [4.375, 10.125, 4.25, 10], "texture": "#1"},
				"down": {"uv": [4.625, 10, 4.5, 10.125], "texture": "#1"}
			}
		},
		{
			"from": [8.87172, 2.32932, -0.24179],
			"to": [9.87172, 7.07932, 0.75821],
			"rotation": {"angle": 22.5, "axis": "z", "origin": [8, 6.74394, 8]},
			"faces": {
				"north": {"uv": [0.5, 7.75, 0.75, 9], "texture": "#1"},
				"east": {"uv": [0.75, 7.75, 1, 9], "texture": "#1"},
				"south": {"uv": [4, 7.75, 4.25, 9], "texture": "#1"},
				"west": {"uv": [5.5, 7.75, 5.75, 9], "texture": "#1"},
				"up": {"uv": [5.25, 10, 5, 9.75], "texture": "#1"},
				"down": {"uv": [10, 5, 9.75, 5.25], "texture": "#1"}
			}
		},
		{
			"from": [8.49672, 7.57932, -0.74179],
			"to": [10.24672, 9.32932, 1.25821],
			"rotation": {"angle": 22.5, "axis": "z", "origin": [8, 6.74394, 8]},
			"faces": {
				"north": {"uv": [8.5, 7.75, 9, 8.125], "texture": "#1"},
				"east": {"uv": [8.5, 8.25, 9, 8.625], "texture": "#1"},
				"south": {"uv": [8.75, 0.75, 9.25, 1.125], "texture": "#1"},
				"west": {"uv": [8.75, 1.25, 9.25, 1.625], "texture": "#1"},
				"up": {"uv": [3.25, 8.5, 2.75, 8], "texture": "#1"},
				"down": {"uv": [3.75, 8, 3.25, 8.5], "texture": "#1"}
			}
		},
		{
			"from": [7.25, 2.875, 24.75821],
			"to": [8.75, 3.375, 26.00821],
			"rotation": {"angle": 0, "axis": "y", "origin": [8, 6.74394, 8]},
			"faces": {
				"north": {"uv": [10, 1.25, 10.375, 1.375], "texture": "#1"},
				"east": {"uv": [1.75, 10, 2.125, 10.125], "texture": "#1"},
				"south": {"uv": [2.25, 10, 2.625, 10.125], "texture": "#1"},
				"west": {"uv": [2.75, 10, 3.125, 10.125], "texture": "#1"},
				"up": {"uv": [9.625, 6.375, 9.25, 6], "texture": "#1"},
				"down": {"uv": [9.625, 6.75, 9.25, 7.125], "texture": "#1"}
			}
		},
		{
			"from": [7.625, 3.375, 25.00821],
			"to": [8.375, 6.875, 25.75821],
			"rotation": {"angle": 0, "axis": "y", "origin": [8, 6.74394, 8]},
			"faces": {
				"north": {"uv": [8.25, 7.75, 8.5, 8.625], "texture": "#1"},
				"east": {"uv": [0, 8.5, 0.25, 9.375], "texture": "#1"},
				"south": {"uv": [0.25, 8.5, 0.5, 9.375], "texture": "#1"},
				"west": {"uv": [1, 8.5, 1.25, 9.375], "texture": "#1"},
				"up": {"uv": [10, 6.5, 9.75, 6.25], "texture": "#1"},
				"down": {"uv": [10, 6.75, 9.75, 7], "texture": "#1"}
			}
		},
		{
			"from": [7, 10.5, 10.5],
			"to": [9, 12, 13.5],
			"rotation": {"angle": 0, "axis": "y", "origin": [7.5, 10, 10.5]},
			"faces": {
				"north": {"uv": [8.75, 8.75, 9.25, 9.125], "texture": "#1"},
				"east": {"uv": [8, 0.75, 8.75, 1.125], "texture": "#1"},
				"south": {"uv": [9, 0, 9.5, 0.375], "texture": "#1"},
				"west": {"uv": [8, 1.25, 8.75, 1.625], "texture": "#1"},
				"up": {"uv": [7.75, 0.75, 7.25, 0], "texture": "#1"},
				"down": {"uv": [4, 7.25, 3.5, 8], "texture": "#1"}
			}
		},
		{
			"from": [7.5, 12.5, 11.5],
			"to": [8.5, 13.5, 12.5],
			"rotation": {"angle": 0, "axis": "y", "origin": [7.5, 12, 10.5]},
			"faces": {
				"north": {"uv": [9.75, 7.25, 10, 7.5], "texture": "#1"},
				"east": {"uv": [7.5, 9.75, 7.75, 10], "texture": "#1"},
				"south": {"uv": [9.75, 7.5, 10, 7.75], "texture": "#1"},
				"west": {"uv": [9.75, 7.75, 10, 8], "texture": "#1"},
				"up": {"uv": [8.25, 10, 8, 9.75], "texture": "#1"},
				"down": {"uv": [10, 8, 9.75, 8.25], "texture": "#1"}
			}
		},
		{
			"from": [7, 11.5, 5.25],
			"to": [9, 13.5, 9.25],
			"rotation": {"angle": 45, "axis": "z", "origin": [8, 12.5, 7.25]},
			"faces": {
				"north": {"uv": [8, 3.25, 8.5, 3.75], "texture": "#1"},
				"east": {"uv": [0.5, 6.25, 1.5, 6.75], "texture": "#1"},
				"south": {"uv": [4.75, 8, 5.25, 8.5], "texture": "#1"},
				"west": {"uv": [6.25, 2.75, 7.25, 3.25], "texture": "#1"},
				"up": {"uv": [6.5, 7.25, 6, 6.25], "texture": "#1"},
				"down": {"uv": [7, 6.25, 6.5, 7.25], "texture": "#1"}
			}
		},
		{
			"from": [7.25, 11.75, 9.25],
			"to": [8.75, 13.25, 10.25],
			"rotation": {"angle": 45, "axis": "z", "origin": [8, 12.5, 9.75]},
			"faces": {
				"north": {"uv": [7.25, 9.25, 7.625, 9.625], "texture": "#1"},
				"east": {"uv": [6.25, 9.25, 6.5, 9.625], "texture": "#1"},
				"south": {"uv": [9.25, 7.25, 9.625, 7.625], "texture": "#1"},
				"west": {"uv": [1.5, 9.75, 1.75, 10.125], "texture": "#1"},
				"up": {"uv": [2.375, 10, 2, 9.75], "texture": "#1"},
				"down": {"uv": [10.125, 2.25, 9.75, 2.5], "texture": "#1"}
			}
		},
		{
			"from": [7.5, 12, 9.25],
			"to": [8.5, 13, 16.25],
			"rotation": {"angle": 45, "axis": "z", "origin": [8, 12.5, 13.75]},
			"faces": {
				"north": {"uv": [9.75, 7, 10, 7.25], "texture": "#1"},
				"east": {"uv": [6.25, 3.25, 8, 3.5], "texture": "#1"},
				"south": {"uv": [7.25, 9.75, 7.5, 10], "texture": "#1"},
				"west": {"uv": [6.25, 3.5, 8, 3.75], "texture": "#1"},
				"up": {"uv": [4.25, 7.75, 4, 6], "texture": "#1"},
				"down": {"uv": [1.25, 6.75, 1, 8.5], "texture": "#1"}
			}
		},
		{
			"from": [7.25, 11.75, 16.25],
			"to": [8.75, 13.25, 18.25],
			"rotation": {"angle": 45, "axis": "z", "origin": [8, 12.5, 13.75]},
			"faces": {
				"north": {"uv": [8, 9.25, 8.375, 9.625], "texture": "#1"},
				"east": {"uv": [0.5, 9, 1, 9.375], "texture": "#1"},
				"south": {"uv": [8.5, 9.25, 8.875, 9.625], "texture": "#1"},
				"west": {"uv": [3, 9, 3.5, 9.375], "texture": "#1"},
				"up": {"uv": [4.125, 9.5, 3.75, 9], "texture": "#1"},
				"down": {"uv": [4.625, 9, 4.25, 9.5], "texture": "#1"}
			}
		}
	],
	"display": {
		"thirdperson": {
			"rotation": [90, 0, -180],
			"translation": [0, 3.5, -2.2],
			"scale": [0.7, 0.9, 0.7]
		},
		"firstperson": {
			"rotation": [0, -55, 0],
			"translation": [-5.5, 5.5, 0.5],
			"scale": [0.85, 1.05, 0.85]
		},
		"ground": {
			"translation": [0, 2, 0],
			"scale": [1.5, 1.5, 1.5]
		},
		"gui": {
			"rotation": [40, 225, 0],
			"scale": [0.8, 1, 0.8]
		}
	},
	"groups": [
		{
			"name": "group",
			"origin": [6.25, 8.625, -11.99179],
			"color": 0,
			"children": [0, 1]
		},
		{
			"name": "group",
			"origin": [6.125, 8, 10.00821],
			"color": 0,
			"children": [2, 3, 4, 5]
		},
		6,
		7,
		8,
		9,
		10,
		11,
		12,
		13,
		14,
		15,
		16,
		17,
		18,
		19,
		{
			"name": "group",
			"origin": [8.5, 6.75, 16.38321],
			"color": 0,
			"children": [20, 21, 22]
		},
		23,
		24,
		25,
		26,
		27,
		{
			"name": "group",
			"origin": [6.875, 7, -0.74179],
			"color": 0,
			"children": [28, 29, 30, 31]
		},
		{
			"name": "group",
			"origin": [6.875, 7, -0.74179],
			"color": 0,
			"children": [32, 33, 34, 35]
		},
		36,
		37,
		38,
		39,
		40,
		41,
		42,
		43
	]
}