{
	"credit": "Made with Blockbench",
	"texture_size": [64, 64],
	"textures": {
		"1": "weapons/remington_870_silver"
	},
	"elements": [
		{
			"from": [7, 8.375, 7.4],
			"to": [9, 9.875, 9.4],
			"rotation": {"angle": 0, "axis": "y", "origin": [7, 8.375, 2.15]},
			"faces": {
				"north": {"uv": [5.75, 6, 6.25, 6.375], "texture": "#1"},
				"east": {"uv": [0.5, 6.25, 1, 6.625], "texture": "#1"},
				"south": {"uv": [1.5, 6.25, 2, 6.625], "texture": "#1"},
				"west": {"uv": [6.25, 2, 6.75, 2.375], "texture": "#1"},
				"up": {"uv": [6.5, 1, 6, 0.5], "texture": "#1"},
				"down": {"uv": [1.5, 6, 1, 6.5], "texture": "#1"}
			}
		},
		{
			"from": [7.005, 9.13105, 7.15657],
			"to": [8.995, 10.12105, 8.64657],
			"rotation": {"angle": 22.5, "axis": "x", "origin": [8, 9.62605, 7.90157]},
			"faces": {
				"north": {"uv": [5, 1.5, 5.5, 1.75], "texture": "#1"},
				"east": {"uv": [3.25, 6.5, 3.625, 6.75], "texture": "#1"},
				"south": {"uv": [2.75, 6.5, 3.25, 6.75], "texture": "#1"},
				"west": {"uv": [4, 6.5, 4.375, 6.75], "texture": "#1"},
				"up": {"uv": [6.75, 3.875, 6.25, 3.5], "texture": "#1"},
				"down": {"uv": [6.75, 4, 6.25, 4.375], "texture": "#1"}
			}
		},
		{
			"from": [7, 8.375, 0.4],
			"to": [9, 10.375, 7.4],
			"rotation": {"angle": 0, "axis": "y", "origin": [7, 8.375, 0.4]},
			"faces": {
				"north": {"uv": [6, 1, 6.5, 1.5], "texture": "#1"},
				"east": {"uv": [2.75, 2, 4.5, 2.5], "texture": "#1"},
				"south": {"uv": [6, 1.5, 6.5, 2], "texture": "#1"},
				"west": {"uv": [2.75, 2.5, 4.5, 3], "texture": "#1"},
				"up": {"uv": [1.5, 4.25, 1, 2.5], "texture": "#1"},
				"down": {"uv": [2, 2.5, 1.5, 4.25], "texture": "#1"}
			}
		},
		{
			"from": [7, 7.875, 18.4],
			"to": [9, 9.375, 21.9],
			"rotation": {"angle": 22.5, "axis": "x", "origin": [8, 8.625, 21.9]},
			"faces": {
				"north": {"uv": [6.25, 4.75, 6.75, 5.125], "texture": "#1"},
				"east": {"uv": [5.25, 3.5, 6.125, 3.875], "texture": "#1"},
				"south": {"uv": [6.25, 5.25, 6.75, 5.625], "texture": "#1"},
				"west": {"uv": [5.25, 4, 6.125, 4.375], "texture": "#1"},
				"up": {"uv": [4.5, 5.625, 4, 4.75], "texture": "#1"},
				"down": {"uv": [5, 4.75, 4.5, 5.625], "texture": "#1"}
			}
		},
		{
			"from": [6.995, 8.76648, 18.37441],
			"to": [9.005, 9.27648, 19.88441],
			"rotation": {"angle": 0, "axis": "y", "origin": [8, 8.35673, 23.28271]},
			"faces": {
				"north": {"uv": [5.75, 6.5, 6.25, 6.625], "texture": "#1"},
				"east": {"uv": [1.5, 6.75, 1.875, 6.875], "texture": "#1"},
				"south": {"uv": [0.5, 6.75, 1, 6.875], "texture": "#1"},
				"west": {"uv": [6.75, 2, 7.125, 2.125], "texture": "#1"},
				"up": {"uv": [6.75, 6.125, 6.25, 5.75], "texture": "#1"},
				"down": {"uv": [6.75, 6.25, 6.25, 6.625], "texture": "#1"}
			}
		},
		{
			"from": [7, 7.38279, 22.71989],
			"to": [9, 9.88279, 26.71989],
			"rotation": {"angle": 0, "axis": "y", "origin": [8, 9.13279, 26.21989]},
			"faces": {
				"north": {"uv": [2.25, 4, 2.75, 4.625], "texture": "#1"},
				"east": {"uv": [1, 4.25, 2, 4.875], "texture": "#1"},
				"south": {"uv": [0.5, 5.5, 1, 6.125], "texture": "#1"},
				"west": {"uv": [4.5, 1.75, 5.5, 2.375], "texture": "#1"},
				"up": {"uv": [1, 5.5, 0.5, 4.5], "texture": "#1"},
				"down": {"uv": [5.25, 3.5, 4.75, 4.5], "texture": "#1"}
			}
		},
		{
			"from": [6.995, 7.57698, 23.86926],
			"to": [9.005, 11.08698, 30.87926],
			"rotation": {"angle": 22.5, "axis": "x", "origin": [8, 8.35673, 23.28271]},
			"faces": {
				"east": {"uv": [0.5, 0.5, 2.25, 1.375], "texture": "#1"},
				"south": {"uv": [1, 5, 1.5, 5.875], "texture": "#1"},
				"west": {"uv": [0.5, 1.5, 2.25, 2.375], "texture": "#1"},
				"up": {"uv": [3.25, 4.75, 2.75, 3], "texture": "#1"},
				"down": {"uv": [3.75, 3, 3.25, 4.75], "texture": "#1"}
			}
		},
		{
			"from": [6.75, 4.41079, 29.9999],
			"to": [9.25, 8.66079, 31.4999],
			"rotation": {"angle": 0, "axis": "y", "origin": [8, 7.41079, 35.4999]},
			"faces": {
				"north": {"uv": [4, 3.5, 4.625, 4.625], "texture": "#1"},
				"east": {"uv": [1.5, 5, 1.875, 6.125], "texture": "#1"},
				"south": {"uv": [4.25, 0.5, 4.875, 1.625], "texture": "#1"},
				"west": {"uv": [5, 4.5, 5.375, 5.625], "texture": "#1"},
				"up": {"uv": [2.875, 6.375, 2.25, 6], "texture": "#1"},
				"down": {"uv": [3.625, 6, 3, 6.375], "texture": "#1"}
			}
		},
		{
			"from": [6.995, 7.477, 20.84173],
			"to": [9.005, 9.987, 23.35173],
			"rotation": {"angle": -22.5, "axis": "x", "origin": [8, 8.35673, 23.28271]},
			"faces": {
				"north": {"uv": [5.5, 0.5, 6, 1.125], "texture": "#1"},
				"east": {"uv": [2.25, 5.25, 2.875, 5.875], "texture": "#1"},
				"south": {"uv": [5.5, 1.25, 6, 1.875], "texture": "#1"},
				"west": {"uv": [3, 5.25, 3.625, 5.875], "texture": "#1"},
				"up": {"uv": [6, 5.125, 5.5, 4.5], "texture": "#1"},
				"down": {"uv": [6, 5.25, 5.5, 5.875], "texture": "#1"}
			}
		},
		{
			"from": [7.375, 8.75, -0.5],
			"to": [8.625, 10, 0.5],
			"rotation": {"angle": 45, "axis": "z", "origin": [8, 9.375, 0]},
			"faces": {
				"north": {"uv": [6.5, 1.5, 6.875, 1.875], "texture": "#1"},
				"east": {"uv": [3.5, 4.75, 3.75, 5.125], "texture": "#1"},
				"south": {"uv": [2.25, 6.5, 2.625, 6.875], "texture": "#1"},
				"west": {"uv": [5.5, 2, 5.75, 2.375], "texture": "#1"},
				"up": {"uv": [4.875, 6.75, 4.5, 6.5], "texture": "#1"},
				"down": {"uv": [5.375, 6.5, 5, 6.75], "texture": "#1"}
			}
		},
		{
			"from": [7.5, 10, -15.5],
			"to": [8.5, 11, 11],
			"rotation": {"angle": 0, "axis": "y", "origin": [6.5, 9, -15.5]},
			"faces": {
				"north": {"uv": [4.25, 1.75, 4.5, 2], "texture": "#1"},
				"east": {"uv": [0, 0, 6.625, 0.25], "texture": "#1"},
				"south": {"uv": [4.75, 4.5, 5, 4.75], "texture": "#1"},
				"west": {"uv": [0, 0.25, 6.625, 0.5], "texture": "#1"},
				"up": {"uv": [0.25, 7.125, 0, 0.5], "texture": "#1"},
				"down": {"uv": [0.5, 0.5, 0.25, 7.125], "texture": "#1"}
			}
		},
		{
			"from": [7.5, 9, 8.5],
			"to": [8.5, 9.75, 11],
			"rotation": {"angle": 0, "axis": "y", "origin": [6.5, 7.75, -15.5]},
			"faces": {
				"north": {"uv": [6, 5.75, 6.25, 6], "texture": "#1"},
				"east": {"uv": [6.25, 2.5, 6.875, 2.75], "texture": "#1"},
				"south": {"uv": [1.25, 6.5, 1.5, 6.75], "texture": "#1"},
				"west": {"uv": [6.5, 0.5, 7.125, 0.75], "texture": "#1"},
				"up": {"uv": [6.75, 1.375, 6.5, 0.75], "texture": "#1"},
				"down": {"uv": [1.25, 6.5, 1, 7.125], "texture": "#1"}
			}
		},
		{
			"from": [7.125, 8.75, 11],
			"to": [8.875, 11.25, 19],
			"rotation": {"angle": 0, "axis": "y", "origin": [7.125, 9.25, 11.5]},
			"faces": {
				"north": {"uv": [5.75, 2, 6.25, 2.625], "texture": "#1"},
				"east": {"uv": [2.25, 0.5, 4.25, 1.125], "texture": "#1"},
				"west": {"uv": [2.25, 1.25, 4.25, 1.875], "texture": "#1"},
				"up": {"uv": [2.75, 4, 2.25, 2], "texture": "#1"},
				"down": {"uv": [1, 2.5, 0.5, 4.5], "texture": "#1"}
			}
		},
		{
			"from": [7.13, 9.81471, 17.2185],
			"to": [8.87, 10.80471, 19.7085],
			"rotation": {"angle": 22.5, "axis": "x", "origin": [8, 10.30971, 18.4635]},
			"faces": {
				"north": {"uv": [6.75, 0.75, 7.25, 0.875], "texture": "#1"},
				"east": {"uv": [6.75, 0, 7.375, 0.125], "texture": "#1"},
				"south": {"uv": [6.75, 1, 7.25, 1.125], "texture": "#1"},
				"west": {"uv": [6.75, 0.25, 7.375, 0.375], "texture": "#1"},
				"up": {"uv": [5, 6.375, 4.5, 5.75], "texture": "#1"},
				"down": {"uv": [5.5, 5.75, 5, 6.375], "texture": "#1"}
			}
		},
		{
			"from": [7.75, 11, -15.25],
			"to": [8.25, 11.5, 11.75],
			"rotation": {"angle": 0, "axis": "y", "origin": [6.5, 9.5, 8.75]},
			"faces": {
				"north": {"uv": [6.75, 2.25, 6.875, 2.375], "texture": "#1"},
				"east": {"uv": [3.75, 3, 10.5, 3.125], "texture": "#1"},
				"south": {"uv": [2.75, 6.75, 2.875, 6.875], "texture": "#1"},
				"west": {"uv": [3.75, 3.25, 10.5, 3.375], "texture": "#1"},
				"up": {"uv": [2.125, 9.25, 2, 2.5], "texture": "#1"},
				"down": {"uv": [3.875, 3.5, 3.75, 10.25], "texture": "#1"}
			}
		},
		{
			"from": [8, 6.75, 14.5],
			"to": [8, 8.75, 19],
			"rotation": {"angle": 0, "axis": "y", "origin": [8, 6.75, 16]},
			"faces": {
				"north": {"uv": [0, 0, 0, 0.5], "texture": "#1"},
				"east": {"uv": [4.5, 2.5, 5.625, 3], "texture": "#1"},
				"south": {"uv": [0, 0, 0, 0.5], "texture": "#1"},
				"west": {"uv": [2.25, 4.75, 3.375, 5.25], "texture": "#1"},
				"up": {"uv": [0, 1.125, 0, 0], "texture": "#1"},
				"down": {"uv": [0, 0, 0, 1.125], "texture": "#1"}
			}
		},
		{
			"from": [7.625, 9.25, 7.5],
			"to": [8.375, 10.25, 11],
			"rotation": {"angle": 0, "axis": "y", "origin": [6.625, 8.25, 9]},
			"faces": {
				"north": {"uv": [1.25, 6.75, 1.5, 7], "texture": "#1"},
				"east": {"uv": [5.75, 2.75, 6.625, 3], "texture": "#1"},
				"south": {"uv": [6.75, 1.25, 7, 1.5], "texture": "#1"},
				"west": {"uv": [6, 4.5, 6.875, 4.75], "texture": "#1"},
				"up": {"uv": [6.25, 5.625, 6, 4.75], "texture": "#1"},
				"down": {"uv": [5.75, 6, 5.5, 6.875], "texture": "#1"}
			}
		}
	],
	"display": {
		"thirdperson": {
			"rotation": [95, 0, -180],
			"translation": [0, 4.6, -1.2],
			"scale": [0.6, 0.85, 0.6]
		},
		"firstperson": {
			"rotation": [0, -50, 0],
			"translation": [-6, 5.2, 0],
			"scale": [0.9, 1.2, 0.8]
		},
		"ground": {
			"translation": [0, 2, 0],
			"scale": [1.5, 1.5, 1.5]
		},
		"gui": {
			"translation": [0, 1, 0],
			"rotation": [40, 225, 0],
			"scale": [0.75, 1.3, 0.75]
		}
	},
	"groups": [
		{
			"name": "group",
			"origin": [7, 8.375, 0.4],
			"color": 0,
			"children": [0, 1, 2]
		},
		{
			"name": "group",
			"origin": [8, 8.28921, 21.48579],
			"color": 0,
			"children": [3, 4, 5, 6, 7, 8]
		},
		9,
		10,
		11,
		{
			"name": "group",
			"origin": [7.125, 9.40224, 16.73463],
			"color": 0,
			"children": [12, 13]
		},
		{
			"name": "group",
			"origin": [0, 6.75, 16],
			"color": 0,
			"children": [14, 15]
		},
		16
	]
}