{
	"credit": "Made with Blockbench",
	"texture_size": [32, 32],
	"textures": {
		"0": "ammo/flare_pistol_ammo",
		"particle": "ammo/flare_pistol_ammo"
	},
	"elements": [
		{
			"from": [14.7, 0.8, 6],
			"to": [15.2, 4.8, 10],
			"rotation": {"angle": 0, "axis": "y", "origin": [15.2, -0.2, 6]},
			"faces": {
				"north": {"uv": [3.5, 8, 5.5, 8.25], "rotation": 90, "texture": "#0"},
				"east": {"uv": [8.5, 5.5, 6.5, 7.5], "rotation": 270, "texture": "#0"},
				"south": {"uv": [8.5, 3.5, 10.5, 3.75], "rotation": 270, "texture": "#0"},
				"west": {"uv": [8.5, 5.5, 6.5, 3.5], "rotation": 270, "texture": "#0"},
				"up": {"uv": [3.5, 8.5, 5.5, 8.75], "rotation": 270, "texture": "#0"},
				"down": {"uv": [8.5, 4, 10.5, 4.25], "rotation": 270, "texture": "#0"}
			}
		},
		{
			"from": [5.85, 1, 6.25],
			"to": [14.85, 4.5, 9.75],
			"rotation": {"angle": 0, "axis": "y", "origin": [14.85, 0, 6]},
			"faces": {
				"north": {"uv": [0, 0, 1.75, 4.5], "rotation": 90, "texture": "#0"},
				"east": {"uv": [8.25, 7.5, 6.5, 9.25], "rotation": 270, "texture": "#0"},
				"south": {"uv": [4, 0, 5.75, 4.5], "rotation": 270, "texture": "#0"},
				"west": {"uv": [9.25, 1.75, 7.5, 0], "rotation": 270, "texture": "#0"},
				"up": {"uv": [2, 0, 3.75, 4.5], "rotation": 270, "texture": "#0"},
				"down": {"uv": [0, 4.5, 1.75, 9], "rotation": 270, "texture": "#0"}
			}
		},
		{
			"from": [1.5, 1.3, 6.5],
			"to": [8, 4.3, 9.5],
			"rotation": {"angle": 0, "axis": "y", "origin": [8, 0.3, 6]},
			"faces": {
				"north": {"uv": [2, 4.5, 3.5, 7.75], "rotation": 90, "texture": "#0"},
				"east": {"uv": [3.5, 8, 2, 9.5], "rotation": 270, "texture": "#0"},
				"south": {"uv": [5, 4.5, 6.5, 7.75], "rotation": 270, "texture": "#0"},
				"west": {"uv": [9, 3.5, 7.5, 2], "rotation": 270, "texture": "#0"},
				"up": {"uv": [3.5, 4.5, 5, 7.75], "rotation": 270, "texture": "#0"},
				"down": {"uv": [6, 0, 7.5, 3.25], "rotation": 270, "texture": "#0"}
			}
		}
	],
	"display": {
		"thirdperson": {
			"rotation": [90, 0, -180],
			"translation": [0, 1.7, -1.2],
			"scale": [0.25, 0.25, 0.25]
		},
		"firstperson": {
			"rotation": [0, -55, 0],
			"translation": [-6, 4.5, 1.2],
			"scale": [0.5, 0.5, 0.5]
		},
		"ground": {
			"translation": [0, 2, 0],
			"scale": [1.4, 1.4, 1.4]
		},
		"gui": {
			"rotation": [0, 0, -90],
			"translation": [3.5, -0.5, 0],
			"scale": [1.4, 1.4, 1.4]
		}
	}
}