{
	"credit": "Made with Blockbench",
	"texture_size": [64, 64],
	"textures": {
		"0": "misc/repair_case",
		"particle": "misc/repair_case"
	},
	"elements": [
		{
			"from": [13, 2.39178, 7.01745],
			"to": [15, 4.39178, 10.01745],
			"rotation": {"angle": -22.5, "axis": "z", "origin": [12.5, 3.64178, 6.01745]},
			"faces": {
				"north": {"uv": [6, 8.75, 6.5, 9.25], "texture": "#0"},
				"east": {"uv": [10.25, 1.5, 11, 2], "texture": "#0"},
				"south": {"uv": [9.25, 10.25, 9.75, 10.75], "texture": "#0"},
				"west": {"uv": [10.25, 2, 11, 2.5], "texture": "#0"},
				"up": {"uv": [2.75, 11, 2.25, 10.25], "texture": "#0"},
				"down": {"uv": [10.75, 2.5, 10.25, 3.25], "texture": "#0"}
			}
		},
		{
			"from": [10, 2.39178, 7.01745],
			"to": [12, 4.39178, 10.01745],
			"rotation": {"angle": -22.5, "axis": "z", "origin": [12.5, 3.64178, 6.01745]},
			"faces": {
				"north": {"uv": [10.5, 5.25, 11, 5.75], "texture": "#0"},
				"east": {"uv": [5.75, 10.25, 6.5, 10.75], "texture": "#0"},
				"south": {"uv": [10.5, 5.75, 11, 6.25], "texture": "#0"},
				"west": {"uv": [10.25, 7.5, 11, 8], "texture": "#0"},
				"up": {"uv": [9.25, 11, 8.75, 10.25], "texture": "#0"},
				"down": {"uv": [10.75, 9, 10.25, 9.75], "texture": "#0"}
			}
		},
		{
			"from": [10, 2.39178, 6.01745],
			"to": [15, 4.39178, 7.01745],
			"rotation": {"angle": -22.5, "axis": "z", "origin": [12.5, 3.64178, 6.01745]},
			"faces": {
				"north": {"uv": [9, 7.5, 10.25, 8], "texture": "#0"},
				"east": {"uv": [9.75, 10.25, 10, 10.75], "texture": "#0"},
				"south": {"uv": [4.75, 9.75, 6, 10.25], "texture": "#0"},
				"west": {"uv": [7.25, 10.5, 7.5, 11], "texture": "#0"},
				"up": {"uv": [10, 4.25, 8.75, 4], "texture": "#0"},
				"down": {"uv": [10.5, 6, 9.25, 6.25], "texture": "#0"}
			}
		},
		{
			"from": [11.5, 2.89178, 1.01745],
			"to": [13.5, 3.89178, 6.01745],
			"rotation": {"angle": -22.5, "axis": "z", "origin": [12.5, 3.64178, 6.01745]},
			"faces": {
				"north": {"uv": [8, 6.75, 8.5, 7], "texture": "#0"},
				"east": {"uv": [10, 4, 11.25, 4.25], "texture": "#0"},
				"south": {"uv": [8.5, 6.75, 9, 7], "texture": "#0"},
				"west": {"uv": [10.25, 3.25, 11.5, 3.5], "texture": "#0"},
				"up": {"uv": [3, 10.25, 2.5, 9], "texture": "#0"},
				"down": {"uv": [7.25, 9.25, 6.75, 10.5], "texture": "#0"}
			}
		},
		{
			"from": [7.5, 0.5, 0.75],
			"to": [9.5, 2.5, 5.75],
			"rotation": {"angle": -22.5, "axis": "x", "origin": [8.5, 4.5, 0.75]},
			"faces": {
				"north": {"uv": [6.75, 10.5, 7.25, 11], "texture": "#0"},
				"east": {"uv": [8.75, 9.75, 10, 10.25], "texture": "#0"},
				"south": {"uv": [10.5, 6.75, 11, 7.25], "texture": "#0"},
				"west": {"uv": [0, 10, 1.25, 10.5], "texture": "#0"},
				"up": {"uv": [7.75, 10.5, 7.25, 9.25], "texture": "#0"},
				"down": {"uv": [1.75, 10, 1.25, 11.25], "texture": "#0"}
			}
		},
		{
			"from": [-0.5, 0.5, 0.75],
			"to": [4.5, 4.5, 5.75],
			"rotation": {"angle": 22.5, "axis": "y", "origin": [8.5, 4.5, 0.75]},
			"faces": {
				"north": {"uv": [4.75, 8.75, 6, 9.75], "texture": "#0"},
				"east": {"uv": [8.75, 8, 10, 9], "texture": "#0"},
				"south": {"uv": [0, 9, 1.25, 10], "texture": "#0"},
				"west": {"uv": [1.25, 9, 2.5, 10], "texture": "#0"},
				"up": {"uv": [9.25, 6.25, 8, 5], "texture": "#0"},
				"down": {"uv": [7.75, 8, 6.5, 9.25], "texture": "#0"}
			}
		},
		{
			"from": [8, 4.80559, 5.62004],
			"to": [9, 5.80559, 10.62004],
			"rotation": {"angle": -45, "axis": "x", "origin": [8.5, 5.30559, 8.12004]},
			"faces": {
				"north": {"uv": [2.25, 10, 2.5, 10.25], "texture": "#0"},
				"east": {"uv": [0, 10.5, 1.25, 10.75], "texture": "#0"},
				"south": {"uv": [10.5, 7.25, 10.75, 7.5], "texture": "#0"},
				"west": {"uv": [10.5, 5, 11.75, 5.25], "texture": "#0"},
				"up": {"uv": [3, 11.5, 2.75, 10.25], "texture": "#0"},
				"down": {"uv": [6.75, 10.25, 6.5, 11.5], "texture": "#0"}
			}
		},
		{
			"from": [0, -1, 0],
			"to": [16, 2, 11],
			"faces": {
				"north": {"uv": [0, 6.25, 4, 7], "texture": "#0"},
				"east": {"uv": [3.75, 8, 6.5, 8.75], "texture": "#0"},
				"south": {"uv": [4, 6.25, 8, 7], "texture": "#0"},
				"west": {"uv": [8, 4.25, 10.75, 5], "texture": "#0"},
				"up": {"uv": [8, 2.75, 4, 0], "texture": "#0"},
				"down": {"uv": [8, 2.75, 4, 5.5], "texture": "#0"}
			}
		},
		{
			"from": [-1, -1.25, -0.5],
			"to": [1, 2.75, 11.5],
			"rotation": {"angle": 22.5, "axis": "z", "origin": [-0.5, 0.5, 5.5]},
			"faces": {
				"north": {"uv": [1.75, 10, 2.25, 11], "texture": "#0"},
				"east": {"uv": [0, 7, 3, 8], "texture": "#0"},
				"south": {"uv": [10, 5, 10.5, 6], "texture": "#0"},
				"west": {"uv": [3, 7, 6, 8], "texture": "#0"},
				"up": {"uv": [8.25, 11, 7.75, 8], "texture": "#0"},
				"down": {"uv": [8.75, 8, 8.25, 11], "texture": "#0"}
			}
		},
		{
			"from": [15, -1.25, -0.5],
			"to": [17, 2.75, 11.5],
			"rotation": {"angle": -22.5, "axis": "z", "origin": [16.5, 0.5, 5.5]},
			"faces": {
				"north": {"uv": [10, 8, 10.5, 9], "texture": "#0"},
				"east": {"uv": [6, 7, 9, 8], "texture": "#0"},
				"south": {"uv": [10, 9.75, 10.5, 10.75], "texture": "#0"},
				"west": {"uv": [0, 8, 3, 9], "texture": "#0"},
				"up": {"uv": [4.25, 11.75, 3.75, 8.75], "texture": "#0"},
				"down": {"uv": [4.75, 8.75, 4.25, 11.75], "texture": "#0"}
			}
		},
		{
			"from": [2.5, -0.03598, 11.18088],
			"to": [13.5, 2.96402, 13.18088],
			"rotation": {"angle": 22.5, "axis": "x", "origin": [6.5, 5.46402, 12.18088]},
			"faces": {
				"north": {"uv": [8, 0, 10.75, 0.75], "texture": "#0"},
				"east": {"uv": [4.75, 10.25, 5.25, 11], "texture": "#0"},
				"south": {"uv": [8, 0.75, 10.75, 1.5], "texture": "#0"},
				"west": {"uv": [5.25, 10.25, 5.75, 11], "texture": "#0"},
				"up": {"uv": [10.75, 6.75, 8, 6.25], "texture": "#0"},
				"down": {"uv": [11.5, 3.5, 8.75, 4], "texture": "#0"}
			}
		},
		{
			"from": [0, 2.77164, 10.14805],
			"to": [16, 13.77164, 13.14805],
			"rotation": {"angle": 0, "axis": "y", "origin": [7, 8.27164, 11.14805]},
			"faces": {
				"north": {"uv": [0, 0, 4, 2.75], "texture": "#0"},
				"east": {"uv": [8, 1.5, 8.75, 4.25], "texture": "#0"},
				"south": {"uv": [0, 2.75, 4, 5.5], "texture": "#0"},
				"west": {"uv": [3, 8, 3.75, 10.75], "texture": "#0"},
				"up": {"uv": [4, 6.25, 0, 5.5], "texture": "#0"},
				"down": {"uv": [8, 5.5, 4, 6.25], "texture": "#0"}
			}
		},
		{
			"from": [5, 10.77164, 11.14805],
			"to": [11, 14.77164, 14.14805],
			"rotation": {"angle": 0, "axis": "y", "origin": [12, 8.27164, 11.14805]},
			"faces": {
				"north": {"uv": [8.75, 1.5, 10.25, 2.5], "texture": "#0"},
				"east": {"uv": [9.25, 5, 10, 6], "texture": "#0"},
				"south": {"uv": [8.75, 2.5, 10.25, 3.5], "texture": "#0"},
				"west": {"uv": [6, 9.25, 6.75, 10.25], "texture": "#0"},
				"up": {"uv": [10.5, 7.5, 9, 6.75], "texture": "#0"},
				"down": {"uv": [10.25, 9, 8.75, 9.75], "texture": "#0"}
			}
		}
	],
	"display": {
		"thirdperson": {
			"rotation": [0, 0, 180],
			"translation": [0, 0, -2],
			"scale": [0.35, 0.35, 0.35]
		},
		"firstperson": {
			"rotation": [0, 100, 0],
			"translation": [-6, 6.7, 1.2],
			"scale": [0.45, 0.45, 0.45]
		},
		"ground": {
			"translation": [0, 2, 0],
			"scale": [1.8, 1.8, 1.8]
		},
		"gui": {
			"rotation": [-30, -10, 0],
			"translation": [0, 1, 0],
			"scale": [0.9, 0.9, 0.9]
		}
	}
}