{
	"credit": "Made with Blockbench",
	"texture_size": [128, 128],
	"textures": {
		"1": "vehicles/scrap_helicopter_propeller_2",
		"2": "vehicles/scrap_helicopter"
	},
	"elements": [
		{
			"from": [3, 1.6, -10.75],
			"to": [13, 2.35, 11.5],
			"rotation": {"angle": 0, "axis": "y", "origin": [3, 0.35, -10.75]},
			"faces": {
				"north": {"uv": [6.5, 2.25, 7.75, 2.34375], "texture": "#2"},
				"east": {"uv": [4.125, 3.875, 6.90625, 3.96875], "texture": "#2"},
				"south": {"uv": [6.5, 6, 7.75, 6.09375], "texture": "#2"},
				"west": {"uv": [4.125, 4, 6.90625, 4.09375], "texture": "#2"},
				"up": {"uv": [1.25, 2.78125, 0, 0], "texture": "#2"},
				"down": {"uv": [2.5, 0, 1.25, 2.78125], "texture": "#2"}
			}
		},
		{
			"from": [1.25, 0.675, 9.15],
			"to": [6.25, 1.425, 9.9],
			"rotation": {"angle": 22.5, "axis": "z", "origin": [3.875, 1.05, 9.525]},
			"faces": {
				"north": {"uv": [7.5, 5.875, 8.125, 5.96875], "texture": "#2"},
				"east": {"uv": [8.875, 8.875, 8.96875, 8.96875], "texture": "#2"},
				"south": {"uv": [7.625, 6.5, 8.25, 6.59375], "texture": "#2"},
				"west": {"uv": [9, 0, 9.09375, 0.09375], "texture": "#2"},
				"up": {"uv": [8.375, 0.09375, 7.75, 0], "texture": "#2"},
				"down": {"uv": [8.375, 0.125, 7.75, 0.21875], "texture": "#2"}
			}
		},
		{
			"from": [9.75, 0.675, 9.15],
			"to": [14.75, 1.425, 9.9],
			"rotation": {"angle": -22.5, "axis": "z", "origin": [12.125, 1.05, 9.525]},
			"faces": {
				"north": {"uv": [7.75, 0.625, 8.375, 0.71875], "texture": "#2"},
				"east": {"uv": [9, 0.125, 9.09375, 0.21875], "texture": "#2"},
				"south": {"uv": [0.75, 7.75, 1.375, 7.84375], "texture": "#2"},
				"west": {"uv": [0.25, 9, 0.34375, 9.09375], "texture": "#2"},
				"up": {"uv": [8.375, 0.84375, 7.75, 0.75], "texture": "#2"},
				"down": {"uv": [8.375, 0.875, 7.75, 0.96875], "texture": "#2"}
			}
		},
		{
			"from": [1, 0.6, 1],
			"to": [4, 3.6, 6],
			"rotation": {"angle": -22.5, "axis": "z", "origin": [2.5, 2.1, 3.5]},
			"faces": {
				"north": {"uv": [0, 6.25, 0.375, 6.625], "texture": "#2"},
				"east": {"uv": [4.625, 3.125, 5.25, 3.5], "texture": "#2"},
				"south": {"uv": [2.5, 6.25, 2.875, 6.625], "texture": "#2"},
				"west": {"uv": [4.125, 4.625, 4.75, 5], "texture": "#2"},
				"up": {"uv": [5.125, 0.625, 4.75, 0], "texture": "#2"},
				"down": {"uv": [5.125, 0.875, 4.75, 1.5], "texture": "#2"}
			}
		},
		{
			"from": [12, 0.6, 1],
			"to": [15, 3.6, 6],
			"rotation": {"angle": 22.5, "axis": "z", "origin": [13.5, 2.1, 3.5]},
			"faces": {
				"north": {"uv": [4, 6.25, 4.375, 6.625], "texture": "#2"},
				"east": {"uv": [4.75, 4.875, 5.375, 5.25], "texture": "#2"},
				"south": {"uv": [4.375, 6.25, 4.75, 6.625], "texture": "#2"},
				"west": {"uv": [1.75, 5, 2.375, 5.375], "texture": "#2"},
				"up": {"uv": [4, 5.5, 3.625, 4.875], "texture": "#2"},
				"down": {"uv": [2.75, 5, 2.375, 5.625], "texture": "#2"}
			}
		},
		{
			"from": [2.75, 3.1, 1.75],
			"to": [3.25, 6.6, 6.25],
			"rotation": {"angle": 22.5, "axis": "x", "origin": [3.75, 5.6, 2.75]},
			"faces": {
				"north": {"uv": [0.625, 8.5, 0.6875, 8.9375], "texture": "#2"},
				"east": {"uv": [3.5, 4.375, 4.0625, 4.8125], "texture": "#2"},
				"south": {"uv": [8.5, 2.25, 8.5625, 2.6875], "texture": "#2"},
				"west": {"uv": [2, 4.5, 2.5625, 4.9375], "texture": "#2"},
				"up": {"uv": [4.3125, 8.6875, 4.25, 8.125], "texture": "#2"},
				"down": {"uv": [4.4375, 8.125, 4.375, 8.6875], "texture": "#2"}
			}
		},
		{
			"from": [12.75, 3.1, 1.75],
			"to": [13.25, 6.6, 6.25],
			"rotation": {"angle": 22.5, "axis": "x", "origin": [12.25, 5.6, 2.75]},
			"faces": {
				"north": {"uv": [0.6875, 8.5, 0.625, 8.9375], "texture": "#2"},
				"east": {"uv": [2.5625, 4.5, 2, 4.9375], "texture": "#2"},
				"south": {"uv": [8.5625, 2.25, 8.5, 2.6875], "texture": "#2"},
				"west": {"uv": [4.0625, 4.375, 3.5, 4.8125], "texture": "#2"},
				"up": {"uv": [4.25, 8.6875, 4.3125, 8.125], "texture": "#2"},
				"down": {"uv": [4.375, 8.125, 4.4375, 8.6875], "texture": "#2"}
			}
		},
		{
			"from": [2.65, 1.475, 0],
			"to": [3.15, 3.475, 2],
			"rotation": {"angle": 0, "axis": "y", "origin": [2.65, 1.475, 0]},
			"faces": {
				"north": {"uv": [3, 8.75, 3.0625, 9], "texture": "#2"},
				"east": {"uv": [1.75, 4.75, 2, 5], "texture": "#2"},
				"south": {"uv": [4.75, 8.75, 4.8125, 9], "texture": "#2"},
				"west": {"uv": [1.5, 5.625, 1.75, 5.875], "texture": "#2"},
				"up": {"uv": [4.9375, 9, 4.875, 8.75], "texture": "#2"},
				"down": {"uv": [5.0625, 8.75, 5, 9], "texture": "#2"}
			}
		},
		{
			"from": [3.25, 2.1, 6.4],
			"to": [3.75, 8.35, 6.9],
			"rotation": {"angle": 0, "axis": "y", "origin": [3.5, 5.225, 6.65]},
			"faces": {
				"north": {"uv": [1.125, 7.875, 1.1875, 8.65625], "texture": "#2"},
				"east": {"uv": [1.25, 7.875, 1.3125, 8.65625], "texture": "#2"},
				"south": {"uv": [1.75, 7.875, 1.8125, 8.65625], "texture": "#2"},
				"west": {"uv": [4.875, 7.875, 4.9375, 8.65625], "texture": "#2"},
				"up": {"uv": [0.3125, 9.1875, 0.25, 9.125], "texture": "#2"},
				"down": {"uv": [9.1875, 0.25, 9.125, 0.3125], "texture": "#2"}
			}
		},
		{
			"from": [2.75, 1.1, -7.5],
			"to": [3, 6.1, -3.75],
			"rotation": {"angle": 0, "axis": "y", "origin": [2.75, 4.1, -7.5]},
			"faces": {
				"north": {"uv": [4.5, 8.625, 4.53125, 9.25], "texture": "#2"},
				"east": {"uv": [0.5, 3.75, 0.96875, 4.375], "texture": "#2"},
				"south": {"uv": [4.625, 8.625, 4.65625, 9.25], "texture": "#2"},
				"west": {"uv": [3.75, 0.875, 4.21875, 1.5], "texture": "#2"},
				"up": {"uv": [8.78125, 6.34375, 8.75, 5.875], "texture": "#2"},
				"down": {"uv": [6.65625, 8.75, 6.625, 9.21875], "texture": "#2"}
			}
		},
		{
			"from": [2.5, 1.35, -3.5],
			"to": [3, 6.35, 0.25],
			"rotation": {"angle": 0, "axis": "y", "origin": [2.75, 3.85, -1.625]},
			"faces": {
				"north": {"uv": [4.5, 8, 4.5625, 8.625], "texture": "#2"},
				"east": {"uv": [3.75, 1.5, 4.21875, 2.125], "texture": "#2"},
				"south": {"uv": [4.625, 8, 4.6875, 8.625], "texture": "#2"},
				"west": {"uv": [2, 3.875, 2.46875, 4.5], "texture": "#2"},
				"up": {"uv": [0.3125, 8.71875, 0.25, 8.25], "texture": "#2"},
				"down": {"uv": [0.4375, 8.25, 0.375, 8.71875], "texture": "#2"}
			}
		},
		{
			"from": [2.9, 2.2, -8.25],
			"to": [3.15, 2.95, 6.5],
			"rotation": {"angle": 0, "axis": "y", "origin": [2.9, 1.2, -0.25]},
			"faces": {
				"north": {"uv": [9.125, 1.75, 9.15625, 1.84375], "texture": "#2"},
				"east": {"uv": [5.125, 0.5, 6.96875, 0.59375], "texture": "#2"},
				"south": {"uv": [9.125, 1.875, 9.15625, 1.96875], "texture": "#2"},
				"west": {"uv": [5.25, 2.125, 7.09375, 2.21875], "texture": "#2"},
				"up": {"uv": [1.90625, 9.34375, 1.875, 7.5], "texture": "#2"},
				"down": {"uv": [6.15625, 7.625, 6.125, 9.46875], "texture": "#2"}
			}
		},
		{
			"from": [2.9, 3.1, -7.75],
			"to": [3.15, 3.85, 7],
			"rotation": {"angle": 22.5, "axis": "z", "origin": [3.025, 3.475, -0.375]},
			"faces": {
				"north": {"uv": [9.125, 2, 9.15625, 2.09375], "texture": "#2"},
				"east": {"uv": [5.25, 3.375, 7.09375, 3.46875], "texture": "#2"},
				"south": {"uv": [9.125, 2.125, 9.15625, 2.21875], "texture": "#2"},
				"west": {"uv": [5.375, 2.375, 7.21875, 2.46875], "texture": "#2"},
				"up": {"uv": [2.03125, 9.59375, 2, 7.75], "texture": "#2"},
				"down": {"uv": [2.15625, 7.75, 2.125, 9.59375], "texture": "#2"}
			}
		},
		{
			"from": [2.85, 4.1, -8],
			"to": [3.1, 4.85, 6.75],
			"rotation": {"angle": 0, "axis": "y", "origin": [2.85, 3.1, 0]},
			"faces": {
				"north": {"uv": [9.125, 2.25, 9.15625, 2.34375], "texture": "#2"},
				"east": {"uv": [5.375, 2.5, 7.21875, 2.59375], "texture": "#2"},
				"south": {"uv": [9.125, 2.375, 9.15625, 2.46875], "texture": "#2"},
				"west": {"uv": [5.375, 4.875, 7.21875, 4.96875], "texture": "#2"},
				"up": {"uv": [2.28125, 9.59375, 2.25, 7.75], "texture": "#2"},
				"down": {"uv": [2.40625, 7.75, 2.375, 9.59375], "texture": "#2"}
			}
		},
		{
			"from": [3, 4.85, -7],
			"to": [3.25, 5.85, 6],
			"rotation": {"angle": -22.5, "axis": "z", "origin": [3.125, 5.35, -0.5]},
			"faces": {
				"north": {"uv": [8.75, 9, 8.78125, 9.125], "texture": "#2"},
				"east": {"uv": [4.625, 3.5, 6.25, 3.625], "texture": "#2"},
				"south": {"uv": [8.875, 9, 8.90625, 9.125], "texture": "#2"},
				"west": {"uv": [4.875, 2.25, 6.5, 2.375], "texture": "#2"},
				"up": {"uv": [6.28125, 9.375, 6.25, 7.75], "texture": "#2"},
				"down": {"uv": [0.78125, 7.875, 0.75, 9.5], "texture": "#2"}
			}
		},
		{
			"from": [3.247, 2.93634, -8.81366],
			"to": [3.503, 6.44234, -7.05766],
			"rotation": {"angle": 0, "axis": "y", "origin": [8, 4.68934, -7.93566]},
			"faces": {
				"north": {"uv": [4.25, 8.875, 4.28125, 9.3125], "texture": "#2"},
				"east": {"uv": [6.625, 6.75, 6.84375, 7.1875], "texture": "#2"},
				"south": {"uv": [4.375, 8.875, 4.40625, 9.3125], "texture": "#2"},
				"west": {"uv": [6.875, 1.25, 7.09375, 1.6875], "texture": "#2"},
				"up": {"uv": [9.03125, 3.96875, 9, 3.75], "texture": "#2"},
				"down": {"uv": [9.03125, 4, 9, 4.21875], "texture": "#2"}
			}
		},
		{
			"from": [3.25, 6.46967, -8.38388],
			"to": [3.5, 7.96967, -6.63388],
			"rotation": {"angle": 45, "axis": "x", "origin": [3, 6.96967, -8.63388]},
			"faces": {
				"north": {"uv": [5.75, 9, 5.78125, 9.1875], "texture": "#2"},
				"east": {"uv": [8, 2.25, 8.21875, 2.4375], "texture": "#2"},
				"south": {"uv": [9, 5.75, 9.03125, 5.9375], "texture": "#2"},
				"west": {"uv": [8, 2.5, 8.21875, 2.6875], "texture": "#2"},
				"up": {"uv": [9.03125, 4.46875, 9, 4.25], "texture": "#2"},
				"down": {"uv": [9.03125, 4.5, 9, 4.71875], "texture": "#2"}
			}
		},
		{
			"from": [3.245, 2.495, -7.755],
			"to": [3.505, 7.505, -5.995],
			"rotation": {"angle": 0, "axis": "y", "origin": [8, 5, -6.875]},
			"faces": {
				"north": {"uv": [6, 8.625, 6.03125, 9.25], "texture": "#2"},
				"east": {"uv": [6.25, 5.625, 6.46875, 6.25], "texture": "#2"},
				"south": {"uv": [8.625, 6, 8.65625, 6.625], "texture": "#2"},
				"west": {"uv": [5.875, 6.25, 6.09375, 6.875], "texture": "#2"},
				"up": {"uv": [4.78125, 9.21875, 4.75, 9], "texture": "#2"},
				"down": {"uv": [9.03125, 4.75, 9, 4.96875], "texture": "#2"}
			}
		},
		{
			"from": [3.25, 1.41979, -8.40895],
			"to": [3.5, 2.91979, -6.65895],
			"rotation": {"angle": -22.5, "axis": "x", "origin": [3, 1.91979, -8.65895]},
			"faces": {
				"north": {"uv": [5.875, 9, 5.90625, 9.1875], "texture": "#2"},
				"east": {"uv": [8, 2.75, 8.21875, 2.9375], "texture": "#2"},
				"south": {"uv": [9, 6, 9.03125, 6.1875], "texture": "#2"},
				"west": {"uv": [2.875, 8, 3.09375, 8.1875], "texture": "#2"},
				"up": {"uv": [4.90625, 9.21875, 4.875, 9], "texture": "#2"},
				"down": {"uv": [5.03125, 9, 5, 9.21875], "texture": "#2"}
			}
		},
		{
			"from": [3.25, 3.42417, -8.78661],
			"to": [3.5, 7.17417, -5.03661],
			"rotation": {"angle": -45, "axis": "x", "origin": [4, 6.17417, -5.91161]},
			"faces": {
				"north": {"uv": [6.75, 8.75, 6.78125, 9.21875], "texture": "#2"},
				"east": {"uv": [5.125, 0, 5.59375, 0.46875], "texture": "#2"},
				"south": {"uv": [6.875, 8.75, 6.90625, 9.21875], "texture": "#2"},
				"west": {"uv": [5.125, 0.875, 5.59375, 1.34375], "texture": "#2"},
				"up": {"uv": [7.03125, 9.21875, 7, 8.75], "texture": "#2"},
				"down": {"uv": [7.15625, 8.75, 7.125, 9.21875], "texture": "#2"}
			}
		},
		{
			"from": [3, 2.25, -6.75],
			"to": [4, 8.5, -6],
			"rotation": {"angle": 0, "axis": "y", "origin": [3, 6.5, -6.75]},
			"faces": {
				"north": {"uv": [0.25, 6.625, 0.375, 7.40625], "texture": "#2"},
				"east": {"uv": [6.25, 6.875, 6.34375, 7.65625], "texture": "#2"},
				"south": {"uv": [1.875, 6.625, 2, 7.40625], "texture": "#2"},
				"west": {"uv": [0, 7.125, 0.09375, 7.90625], "texture": "#2"},
				"up": {"uv": [6, 6.21875, 5.875, 6.125], "texture": "#2"},
				"down": {"uv": [0.5, 6.25, 0.375, 6.34375], "texture": "#2"}
			}
		},
		{
			"from": [3, 5.675, -4.25],
			"to": [3.25, 7.675, -3.5],
			"rotation": {"angle": 0, "axis": "y", "origin": [3, 5.675, -4.25]},
			"faces": {
				"north": {"uv": [9, 0.25, 9.03125, 0.5], "texture": "#2"},
				"east": {"uv": [4.25, 1.875, 4.34375, 2.125], "texture": "#2"},
				"south": {"uv": [0.375, 9, 0.40625, 9.25], "texture": "#2"},
				"west": {"uv": [2.25, 5.375, 2.34375, 5.625], "texture": "#2"},
				"up": {"uv": [2.78125, 9.21875, 2.75, 9.125], "texture": "#2"},
				"down": {"uv": [9.15625, 2.75, 9.125, 2.84375], "texture": "#2"}
			}
		},
		{
			"from": [3.18183, 7.5891, -4.25],
			"to": [3.43183, 8.5891, -3.5],
			"rotation": {"angle": -22.5, "axis": "z", "origin": [3.30683, 8.0891, -3.875]},
			"faces": {
				"north": {"uv": [9, 8.875, 9.03125, 9], "texture": "#2"},
				"east": {"uv": [2.375, 6.5, 2.46875, 6.625], "texture": "#2"},
				"south": {"uv": [9, 9, 9.03125, 9.125], "texture": "#2"},
				"west": {"uv": [6.75, 5.5, 6.84375, 5.625], "texture": "#2"},
				"up": {"uv": [2.90625, 9.21875, 2.875, 9.125], "texture": "#2"},
				"down": {"uv": [9.15625, 2.875, 9.125, 2.96875], "texture": "#2"}
			}
		},
		{
			"from": [12.85, 2.2, -8.25],
			"to": [13.1, 2.95, 6.5],
			"rotation": {"angle": 0, "axis": "y", "origin": [13.1, 1.2, -0.25]},
			"faces": {
				"north": {"uv": [9.125, 3, 9.15625, 3.09375], "texture": "#2"},
				"east": {"uv": [5.375, 5, 7.21875, 5.09375], "texture": "#2"},
				"south": {"uv": [9.125, 3.125, 9.15625, 3.21875], "texture": "#2"},
				"west": {"uv": [5.375, 5.125, 7.21875, 5.21875], "texture": "#2"},
				"up": {"uv": [2.53125, 9.59375, 2.5, 7.75], "texture": "#2"},
				"down": {"uv": [2.65625, 7.75, 2.625, 9.59375], "texture": "#2"}
			}
		},
		{
			"from": [12.85, 3.1, -7.75],
			"to": [13.1, 3.85, 7],
			"rotation": {"angle": -22.5, "axis": "z", "origin": [12.975, 3.475, -0.375]},
			"faces": {
				"north": {"uv": [9.125, 3.25, 9.15625, 3.34375], "texture": "#2"},
				"east": {"uv": [4.875, 5.5, 6.71875, 5.59375], "texture": "#2"},
				"south": {"uv": [9.125, 3.375, 9.15625, 3.46875], "texture": "#2"},
				"west": {"uv": [5.625, 0, 7.46875, 0.09375], "texture": "#2"},
				"up": {"uv": [3.15625, 9.59375, 3.125, 7.75], "texture": "#2"},
				"down": {"uv": [3.28125, 7.75, 3.25, 9.59375], "texture": "#2"}
			}
		},
		{
			"from": [12.9, 4.1, -8],
			"to": [13.15, 4.85, 6.75],
			"rotation": {"angle": 0, "axis": "y", "origin": [13.15, 3.1, 0]},
			"faces": {
				"north": {"uv": [9.125, 3.5, 9.15625, 3.59375], "texture": "#2"},
				"east": {"uv": [5.625, 0.125, 7.46875, 0.21875], "texture": "#2"},
				"south": {"uv": [3.625, 9.125, 3.65625, 9.21875], "texture": "#2"},
				"west": {"uv": [5.625, 0.25, 7.46875, 0.34375], "texture": "#2"},
				"up": {"uv": [3.40625, 9.59375, 3.375, 7.75], "texture": "#2"},
				"down": {"uv": [3.53125, 7.75, 3.5, 9.59375], "texture": "#2"}
			}
		},
		{
			"from": [12.75, 4.85, -7],
			"to": [13, 5.85, 6],
			"rotation": {"angle": 22.5, "axis": "z", "origin": [12.875, 5.35, -0.5]},
			"faces": {
				"north": {"uv": [0, 9.125, 0.03125, 9.25], "texture": "#2"},
				"east": {"uv": [5, 3.625, 6.625, 3.75], "texture": "#2"},
				"south": {"uv": [9.125, 0, 9.15625, 0.125], "texture": "#2"},
				"west": {"uv": [5, 3.75, 6.625, 3.875], "texture": "#2"},
				"up": {"uv": [0.90625, 9.5, 0.875, 7.875], "texture": "#2"},
				"down": {"uv": [1.03125, 7.875, 1, 9.5], "texture": "#2"}
			}
		},
		{
			"from": [13, 1.35, -3.5],
			"to": [13.5, 6.35, 0.25],
			"rotation": {"angle": 0, "axis": "y", "origin": [13.25, 3.85, -1.625]},
			"faces": {
				"north": {"uv": [5.625, 8, 5.6875, 8.625], "texture": "#2"},
				"east": {"uv": [2.5, 3.875, 2.96875, 4.5], "texture": "#2"},
				"south": {"uv": [5.75, 8, 5.8125, 8.625], "texture": "#2"},
				"west": {"uv": [3, 3.875, 3.46875, 4.5], "texture": "#2"},
				"up": {"uv": [8.3125, 2.71875, 8.25, 2.25], "texture": "#2"},
				"down": {"uv": [8.3125, 2.75, 8.25, 3.21875], "texture": "#2"}
			}
		},
		{
			"from": [12.75, 5.675, -4.25],
			"to": [13, 7.675, -3.5],
			"rotation": {"angle": 0, "axis": "y", "origin": [13, 5.675, -4.25]},
			"faces": {
				"north": {"uv": [9, 0.5, 9.03125, 0.75], "texture": "#2"},
				"east": {"uv": [1.625, 5.875, 1.71875, 6.125], "texture": "#2"},
				"south": {"uv": [0.625, 9, 0.65625, 9.25], "texture": "#2"},
				"west": {"uv": [2.875, 6.25, 2.96875, 6.5], "texture": "#2"},
				"up": {"uv": [9.15625, 3.71875, 9.125, 3.625], "texture": "#2"},
				"down": {"uv": [3.78125, 9.125, 3.75, 9.21875], "texture": "#2"}
			}
		},
		{
			"from": [12.56817, 7.5891, -4.25],
			"to": [12.81817, 8.5891, -3.5],
			"rotation": {"angle": 22.5, "axis": "z", "origin": [12.69317, 8.0891, -3.875]},
			"faces": {
				"north": {"uv": [0.125, 9.125, 0.15625, 9.25], "texture": "#2"},
				"east": {"uv": [7, 6.625, 7.09375, 6.75], "texture": "#2"},
				"south": {"uv": [9.125, 0.125, 9.15625, 0.25], "texture": "#2"},
				"west": {"uv": [0.25, 7.5, 0.34375, 7.625], "texture": "#2"},
				"up": {"uv": [9.15625, 3.84375, 9.125, 3.75], "texture": "#2"},
				"down": {"uv": [3.90625, 9.125, 3.875, 9.21875], "texture": "#2"}
			}
		},
		{
			"from": [12, 2.25, -6.75],
			"to": [13, 8.5, -6],
			"rotation": {"angle": 0, "axis": "y", "origin": [13, 6.5, -6.75]},
			"faces": {
				"north": {"uv": [6.375, 6.75, 6.5, 7.53125], "texture": "#2"},
				"east": {"uv": [0.125, 7.125, 0.21875, 7.90625], "texture": "#2"},
				"south": {"uv": [6.5, 6.75, 6.625, 7.53125], "texture": "#2"},
				"west": {"uv": [1.625, 7.125, 1.71875, 7.90625], "texture": "#2"},
				"up": {"uv": [0.875, 7.71875, 0.75, 7.625], "texture": "#2"},
				"down": {"uv": [7.875, 1.875, 7.75, 1.96875], "texture": "#2"}
			}
		},
		{
			"from": [12.5, 6.46967, -8.38388],
			"to": [12.75, 7.96967, -6.63388],
			"rotation": {"angle": 45, "axis": "x", "origin": [13, 6.96967, -8.63388]},
			"faces": {
				"north": {"uv": [9, 6.25, 9.03125, 6.4375], "texture": "#2"},
				"east": {"uv": [8, 3, 8.21875, 3.1875], "texture": "#2"},
				"south": {"uv": [9, 6.5, 9.03125, 6.6875], "texture": "#2"},
				"west": {"uv": [8, 3.25, 8.21875, 3.4375], "texture": "#2"},
				"up": {"uv": [9.03125, 5.21875, 9, 5], "texture": "#2"},
				"down": {"uv": [5.15625, 9, 5.125, 9.21875], "texture": "#2"}
			}
		},
		{
			"from": [12.497, 2.93634, -8.81366],
			"to": [12.753, 6.44234, -7.05766],
			"rotation": {"angle": 0, "axis": "y", "origin": [8, 4.68934, -7.93566]},
			"faces": {
				"north": {"uv": [8.875, 4.625, 8.90625, 5.0625], "texture": "#2"},
				"east": {"uv": [2, 6.875, 2.21875, 7.3125], "texture": "#2"},
				"south": {"uv": [8.875, 5.75, 8.90625, 6.1875], "texture": "#2"},
				"west": {"uv": [2.25, 6.875, 2.46875, 7.3125], "texture": "#2"},
				"up": {"uv": [5.28125, 9.21875, 5.25, 9], "texture": "#2"},
				"down": {"uv": [9.03125, 5.25, 9, 5.46875], "texture": "#2"}
			}
		},
		{
			"from": [12.495, 2.495, -7.755],
			"to": [12.755, 7.505, -5.995],
			"rotation": {"angle": 0, "axis": "y", "origin": [8, 5, -6.875]},
			"faces": {
				"north": {"uv": [6.375, 8.625, 6.40625, 9.25], "texture": "#2"},
				"east": {"uv": [6.125, 6.25, 6.34375, 6.875], "texture": "#2"},
				"south": {"uv": [6.5, 8.625, 6.53125, 9.25], "texture": "#2"},
				"west": {"uv": [0.375, 6.375, 0.59375, 7], "texture": "#2"},
				"up": {"uv": [5.40625, 9.21875, 5.375, 9], "texture": "#2"},
				"down": {"uv": [5.53125, 9, 5.5, 9.21875], "texture": "#2"}
			}
		},
		{
			"from": [12.5, 3.42417, -8.78661],
			"to": [12.75, 7.17417, -5.03661],
			"rotation": {"angle": -45, "axis": "x", "origin": [12, 6.17417, -5.91161]},
			"faces": {
				"north": {"uv": [7.25, 8.75, 7.28125, 9.21875], "texture": "#2"},
				"east": {"uv": [5.125, 4.125, 5.59375, 4.59375], "texture": "#2"},
				"south": {"uv": [7.375, 8.75, 7.40625, 9.21875], "texture": "#2"},
				"west": {"uv": [5.25, 1.375, 5.71875, 1.84375], "texture": "#2"},
				"up": {"uv": [7.53125, 9.21875, 7.5, 8.75], "texture": "#2"},
				"down": {"uv": [7.65625, 8.75, 7.625, 9.21875], "texture": "#2"}
			}
		},
		{
			"from": [12.5, 1.41979, -8.40895],
			"to": [12.75, 2.91979, -6.65895],
			"rotation": {"angle": -22.5, "axis": "x", "origin": [13, 1.91979, -8.65895]},
			"faces": {
				"north": {"uv": [9, 6.75, 9.03125, 6.9375], "texture": "#2"},
				"east": {"uv": [3.625, 8, 3.84375, 8.1875], "texture": "#2"},
				"south": {"uv": [9, 7, 9.03125, 7.1875], "texture": "#2"},
				"west": {"uv": [8, 3.875, 8.21875, 4.0625], "texture": "#2"},
				"up": {"uv": [9.03125, 5.71875, 9, 5.5], "texture": "#2"},
				"down": {"uv": [5.65625, 9, 5.625, 9.21875], "texture": "#2"}
			}
		},
		{
			"from": [3.4, 2.25, 5.15],
			"to": [4.15, 8.25, 7.65],
			"rotation": {"angle": 0, "axis": "y", "origin": [2.4, 2.25, 5.65]},
			"faces": {
				"north": {"uv": [1.75, 7.125, 1.84375, 7.875], "texture": "#2"},
				"east": {"uv": [1, 4.75, 1.3125, 5.5], "texture": "#2"},
				"south": {"uv": [2.75, 7.375, 2.84375, 8.125], "texture": "#2"},
				"west": {"uv": [1.375, 4.75, 1.6875, 5.5], "texture": "#2"},
				"up": {"uv": [3.09375, 6.0625, 3, 5.75], "texture": "#2"},
				"down": {"uv": [5.59375, 8.375, 5.5, 8.6875], "texture": "#2"}
			}
		},
		{
			"from": [11.85, 2.25, 5.15],
			"to": [12.6, 8.25, 7.65],
			"rotation": {"angle": 0, "axis": "y", "origin": [13.6, 2.25, 5.65]},
			"faces": {
				"north": {"uv": [4.25, 7.375, 4.34375, 8.125], "texture": "#2"},
				"east": {"uv": [4.875, 1.5, 5.1875, 2.25], "texture": "#2"},
				"south": {"uv": [4.375, 7.375, 4.46875, 8.125], "texture": "#2"},
				"west": {"uv": [3.25, 4.875, 3.5625, 5.625], "texture": "#2"},
				"up": {"uv": [8.46875, 8.4375, 8.375, 8.125], "texture": "#2"},
				"down": {"uv": [0.59375, 8.5, 0.5, 8.8125], "texture": "#2"}
			}
		},
		{
			"from": [6, 1.60355, -16],
			"to": [10, 5.60355, -12],
			"rotation": {"angle": 45, "axis": "z", "origin": [8, 3.60355, -14]},
			"faces": {
				"north": {"uv": [4.125, 4.125, 4.625, 4.625], "texture": "#2"},
				"east": {"uv": [4.25, 0, 4.75, 0.5], "texture": "#2"},
				"south": {"uv": [4.25, 0.875, 4.75, 1.375], "texture": "#2"},
				"west": {"uv": [4.25, 1.375, 4.75, 1.875], "texture": "#2"},
				"up": {"uv": [1, 4.875, 0.5, 4.375], "texture": "#2"},
				"down": {"uv": [4.875, 1.875, 4.375, 2.375], "texture": "#2"}
			}
		},
		{
			"from": [4.83839, 1.25, -15.69562],
			"to": [6.33839, 5.25, -11.44562],
			"rotation": {"angle": -45, "axis": "y", "origin": [5.58839, 3.25, -13.57062]},
			"faces": {
				"north": {"uv": [3.125, 6.875, 3.3125, 7.375], "texture": "#2"},
				"east": {"uv": [3.75, 2.125, 4.28125, 2.625], "texture": "#2"},
				"south": {"uv": [3.375, 6.875, 3.5625, 7.375], "texture": "#2"},
				"west": {"uv": [3.5, 3.875, 4.03125, 4.375], "texture": "#2"},
				"up": {"uv": [1.0625, 7.28125, 0.875, 6.75], "texture": "#2"},
				"down": {"uv": [1.3125, 6.75, 1.125, 7.28125], "texture": "#2"}
			}
		},
		{
			"from": [3.55546, 1.58904, -13.52547],
			"to": [5.55546, 4.58904, -10.27547],
			"rotation": {"angle": 22.5, "axis": "x", "origin": [4.55546, 2.58904, -11.40047]},
			"faces": {
				"north": {"uv": [3.25, 4.5, 3.5, 4.875], "texture": "#2"},
				"east": {"uv": [6.125, 1.75, 6.53125, 2.125], "texture": "#2"},
				"south": {"uv": [2.875, 6.875, 3.125, 7.25], "texture": "#2"},
				"west": {"uv": [2, 6.125, 2.40625, 6.5], "texture": "#2"},
				"up": {"uv": [0.25, 7.03125, 0, 6.625], "texture": "#2"},
				"down": {"uv": [1.875, 6.625, 1.625, 7.03125], "texture": "#2"}
			}
		},
		{
			"from": [9.66161, 1.25, -15.69562],
			"to": [11.16161, 5.25, -11.44562],
			"rotation": {"angle": 45, "axis": "y", "origin": [10.41161, 3.25, -13.57062]},
			"faces": {
				"north": {"uv": [6.875, 5.5, 7.0625, 6], "texture": "#2"},
				"east": {"uv": [4, 2.625, 4.53125, 3.125], "texture": "#2"},
				"south": {"uv": [5.75, 6.875, 5.9375, 7.375], "texture": "#2"},
				"west": {"uv": [4, 3.125, 4.53125, 3.625], "texture": "#2"},
				"up": {"uv": [1.5625, 7.28125, 1.375, 6.75], "texture": "#2"},
				"down": {"uv": [6.9375, 6.125, 6.75, 6.65625], "texture": "#2"}
			}
		},
		{
			"from": [10.44454, 1.58904, -13.52547],
			"to": [12.44454, 4.58904, -10.27547],
			"rotation": {"angle": 22.5, "axis": "x", "origin": [11.44454, 2.58904, -11.40047]},
			"faces": {
				"north": {"uv": [5.25, 6.875, 5.5, 7.25], "texture": "#2"},
				"east": {"uv": [6.125, 2.625, 6.53125, 3], "texture": "#2"},
				"south": {"uv": [5.5, 6.875, 5.75, 7.25], "texture": "#2"},
				"west": {"uv": [3, 6.125, 3.40625, 6.5], "texture": "#2"},
				"up": {"uv": [4.75, 7.03125, 4.5, 6.625], "texture": "#2"},
				"down": {"uv": [0.875, 6.75, 0.625, 7.15625], "texture": "#2"}
			}
		},
		{
			"from": [4, 9, -10.75],
			"to": [12, 10, -4.5],
			"rotation": {"angle": 0, "axis": "y", "origin": [3, 8, -10.75]},
			"faces": {
				"north": {"uv": [4.375, 2.375, 5.375, 2.625], "texture": "#2"},
				"east": {"uv": [5.125, 4.625, 5.90625, 4.875], "texture": "#2"},
				"south": {"uv": [1, 4.5, 2, 4.75], "texture": "#2"},
				"west": {"uv": [5.25, 1.875, 6.03125, 2.125], "texture": "#2"},
				"up": {"uv": [3.5, 3.53125, 2.5, 2.75], "texture": "#2"},
				"down": {"uv": [1, 2.875, 0, 3.65625], "texture": "#2"}
			}
		},
		{
			"from": [4.5, 9.75, -11.5],
			"to": [11.5, 11.5, -10.25],
			"rotation": {"angle": 22.5, "axis": "x", "origin": [3.5, 9.75, -14.25]},
			"faces": {
				"north": {"uv": [5.25, 3.125, 6.125, 3.34375], "texture": "#2"},
				"east": {"uv": [7.875, 8.125, 8.03125, 8.34375], "texture": "#2"},
				"south": {"uv": [4.875, 5.25, 5.75, 5.46875], "texture": "#2"},
				"west": {"uv": [8.125, 7.875, 8.28125, 8.09375], "texture": "#2"},
				"up": {"uv": [7.125, 4.53125, 6.25, 4.375], "texture": "#2"},
				"down": {"uv": [7.125, 4.625, 6.25, 4.78125], "texture": "#2"}
			}
		},
		{
			"from": [3.25, 8.4, -7],
			"to": [3.5, 10.4, -5],
			"rotation": {"angle": -22.5, "axis": "z", "origin": [3.25, 8.4, -7]},
			"faces": {
				"north": {"uv": [9, 0.75, 9.03125, 1], "texture": "#2"},
				"east": {"uv": [7.25, 4.125, 7.5, 4.375], "texture": "#2"},
				"south": {"uv": [9, 1, 9.03125, 1.25], "texture": "#2"},
				"west": {"uv": [4.5, 7.375, 4.75, 7.625], "texture": "#2"},
				"up": {"uv": [9.03125, 1.5, 9, 1.25], "texture": "#2"},
				"down": {"uv": [9.03125, 1.5, 9, 1.75], "texture": "#2"}
			}
		},
		{
			"from": [12.5, 8.4, -7],
			"to": [12.75, 10.4, -5],
			"rotation": {"angle": 22.5, "axis": "z", "origin": [12.75, 8.4, -7]},
			"faces": {
				"north": {"uv": [9, 2.75, 9.03125, 3], "texture": "#2"},
				"east": {"uv": [7.5, 3.125, 7.75, 3.375], "texture": "#2"},
				"south": {"uv": [3, 9, 3.03125, 9.25], "texture": "#2"},
				"west": {"uv": [7.5, 3.625, 7.75, 3.875], "texture": "#2"},
				"up": {"uv": [9.03125, 3.25, 9, 3], "texture": "#2"},
				"down": {"uv": [9.03125, 3.25, 9, 3.5], "texture": "#2"}
			}
		},
		{
			"from": [3, 8.25, 0.5],
			"to": [7, 9.5, 7.75],
			"rotation": {"angle": 22.5, "axis": "z", "origin": [4, 9.25, 4.125]},
			"faces": {
				"north": {"uv": [7.25, 0.625, 7.75, 0.78125], "texture": "#2"},
				"east": {"uv": [6.125, 3, 7.03125, 3.15625], "texture": "#2"},
				"south": {"uv": [7.25, 0.875, 7.75, 1.03125], "texture": "#2"},
				"west": {"uv": [4.875, 6.125, 5.78125, 6.28125], "texture": "#2"},
				"up": {"uv": [3.75, 2.53125, 3.25, 1.625], "texture": "#2"},
				"down": {"uv": [1.5, 3.5, 1, 4.40625], "texture": "#2"}
			}
		},
		{
			"from": [9, 8.25, 0.5],
			"to": [13, 9.5, 7.75],
			"rotation": {"angle": -22.5, "axis": "z", "origin": [12, 9.25, 4.125]},
			"faces": {
				"north": {"uv": [7.25, 1.75, 7.75, 1.90625], "texture": "#2"},
				"east": {"uv": [6.25, 0.625, 7.15625, 0.78125], "texture": "#2"},
				"south": {"uv": [7.25, 2.375, 7.75, 2.53125], "texture": "#2"},
				"west": {"uv": [6.25, 4.125, 7.15625, 4.28125], "texture": "#2"},
				"up": {"uv": [2, 4.40625, 1.5, 3.5], "texture": "#2"},
				"down": {"uv": [4, 2.625, 3.5, 3.53125], "texture": "#2"}
			}
		},
		{
			"from": [4.375, 8.95, -4.75],
			"to": [11.625, 10.3, 0],
			"rotation": {"angle": 0, "axis": "y", "origin": [3.125, 8.25, -4.75]},
			"faces": {
				"north": {"uv": [0.5, 5.625, 1.40625, 5.8125], "texture": "#2"},
				"east": {"uv": [6.625, 1, 7.21875, 1.1875], "texture": "#2"},
				"south": {"uv": [5.625, 1, 6.53125, 1.1875], "texture": "#2"},
				"west": {"uv": [6.625, 1.75, 7.21875, 1.9375], "texture": "#2"},
				"up": {"uv": [1.90625, 3.46875, 1, 2.875], "texture": "#2"},
				"down": {"uv": [4.15625, 0, 3.25, 0.59375], "texture": "#2"}
			}
		},
		{
			"from": [6, 9.75, 0],
			"to": [10, 10.75, 8],
			"rotation": {"angle": 0, "axis": "y", "origin": [3, 8.75, 0]},
			"faces": {
				"north": {"uv": [4.25, 0.5, 4.75, 0.625], "texture": "#2"},
				"east": {"uv": [6.125, 3.25, 7.125, 3.375], "texture": "#2"},
				"south": {"uv": [6.625, 2.875, 7.125, 3], "texture": "#2"},
				"west": {"uv": [6.25, 3.5, 7.25, 3.625], "texture": "#2"},
				"up": {"uv": [2.5, 3.875, 2, 2.875], "texture": "#2"},
				"down": {"uv": [3.75, 0.625, 3.25, 1.625], "texture": "#2"}
			}
		},
		{
			"from": [5, 9.5, -10],
			"to": [11, 10.5, 1],
			"rotation": {"angle": 0, "axis": "y", "origin": [3, 8.5, -8]},
			"faces": {
				"north": {"uv": [0.875, 5.5, 1.625, 5.625], "texture": "#2"},
				"east": {"uv": [5.625, 0.375, 7, 0.5], "texture": "#2"},
				"south": {"uv": [6.625, 2, 7.375, 2.125], "texture": "#2"},
				"west": {"uv": [5.625, 0.875, 7, 1], "texture": "#2"},
				"up": {"uv": [3.25, 1.375, 2.5, 0], "texture": "#2"},
				"down": {"uv": [3.25, 1.375, 2.5, 2.75], "texture": "#2"}
			}
		},
		{
			"from": [7, 10.25, -1.75],
			"to": [9, 12.25, 1.5],
			"rotation": {"angle": 0, "axis": "y", "origin": [-1, 10.25, -1.75]},
			"faces": {
				"north": {"uv": [4.875, 7.375, 5.125, 7.625], "texture": "#2"},
				"east": {"uv": [6.625, 3.625, 7.03125, 3.875], "texture": "#2"},
				"south": {"uv": [5.75, 7.375, 6, 7.625], "texture": "#2"},
				"west": {"uv": [4, 6.625, 4.40625, 6.875], "texture": "#2"},
				"up": {"uv": [5.875, 6.78125, 5.625, 6.375], "texture": "#2"},
				"down": {"uv": [3.875, 6.5, 3.625, 6.90625], "texture": "#2"}
			}
		},
		{
			"from": [7, 10.7, 1.25],
			"to": [7.5, 11.7, 3.75],
			"rotation": {"angle": 22.5, "axis": "z", "origin": [7, 9.7, 1.75]},
			"faces": {
				"north": {"uv": [9, 1.75, 9.0625, 1.875], "texture": "#2"},
				"east": {"uv": [5.75, 1.75, 6.0625, 1.875], "texture": "#2"},
				"south": {"uv": [9, 1.875, 9.0625, 2], "texture": "#2"},
				"west": {"uv": [7.875, 4.5, 8.1875, 4.625], "texture": "#2"},
				"up": {"uv": [7.9375, 8.9375, 7.875, 8.625], "texture": "#2"},
				"down": {"uv": [8.6875, 7.875, 8.625, 8.1875], "texture": "#2"}
			}
		},
		{
			"from": [8.5, 10.7, 1.25],
			"to": [9, 11.7, 3.75],
			"rotation": {"angle": -22.5, "axis": "z", "origin": [9, 9.7, 1.75]},
			"faces": {
				"north": {"uv": [9, 3.5, 9.0625, 3.625], "texture": "#2"},
				"east": {"uv": [8.125, 1.75, 8.4375, 1.875], "texture": "#2"},
				"south": {"uv": [9, 3.625, 9.0625, 3.75], "texture": "#2"},
				"west": {"uv": [8.125, 3.75, 8.4375, 3.875], "texture": "#2"},
				"up": {"uv": [1.6875, 9.0625, 1.625, 8.75], "texture": "#2"},
				"down": {"uv": [1.8125, 8.75, 1.75, 9.0625], "texture": "#2"}
			}
		},
		{
			"from": [6.75, 10.45, -4.5],
			"to": [7, 11.7, -1.5],
			"rotation": {"angle": -22.5, "axis": "z", "origin": [6.875, 11.075, -3]},
			"faces": {
				"north": {"uv": [9, 8.125, 9.03125, 8.28125], "texture": "#2"},
				"east": {"uv": [6.375, 7.625, 6.75, 7.78125], "texture": "#2"},
				"south": {"uv": [9, 8.375, 9.03125, 8.53125], "texture": "#2"},
				"west": {"uv": [6.75, 7.625, 7.125, 7.78125], "texture": "#2"},
				"up": {"uv": [8.90625, 6.875, 8.875, 6.5], "texture": "#2"},
				"down": {"uv": [8.90625, 6.875, 8.875, 7.25], "texture": "#2"}
			}
		},
		{
			"from": [9, 10.45, -4.5],
			"to": [9.25, 11.7, -1.5],
			"rotation": {"angle": 22.5, "axis": "z", "origin": [9.125, 11.075, -3]},
			"faces": {
				"north": {"uv": [8.625, 9, 8.65625, 9.15625], "texture": "#2"},
				"east": {"uv": [7.625, 7.375, 8, 7.53125], "texture": "#2"},
				"south": {"uv": [9, 8.625, 9.03125, 8.78125], "texture": "#2"},
				"west": {"uv": [7.625, 7.625, 8, 7.78125], "texture": "#2"},
				"up": {"uv": [8.28125, 9.25, 8.25, 8.875], "texture": "#2"},
				"down": {"uv": [8.90625, 8.25, 8.875, 8.625], "texture": "#2"}
			}
		},
		{
			"from": [7, 10.75, -4],
			"to": [9, 12.75, -2],
			"rotation": {"angle": -45, "axis": "z", "origin": [8, 11.625, -3.375]},
			"faces": {
				"north": {"uv": [6, 7.375, 6.25, 7.625], "texture": "#2"},
				"east": {"uv": [7.375, 6.125, 7.625, 6.375], "texture": "#2"},
				"south": {"uv": [7.375, 6.375, 7.625, 6.625], "texture": "#2"},
				"west": {"uv": [7.125, 7.375, 7.375, 7.625], "texture": "#2"},
				"up": {"uv": [7.625, 7.625, 7.375, 7.375], "texture": "#2"},
				"down": {"uv": [7.75, 0, 7.5, 0.25], "texture": "#2"}
			}
		},
		{
			"from": [7.25, 10.75, -4.75],
			"to": [8.75, 12.25, -2.75],
			"rotation": {"angle": -45, "axis": "z", "origin": [8, 11.625, -3.375]},
			"faces": {
				"north": {"uv": [8.125, 4.125, 8.3125, 4.3125], "texture": "#2"},
				"east": {"uv": [6.875, 7.875, 7.125, 8.0625], "texture": "#2"},
				"south": {"uv": [8.125, 4.625, 8.3125, 4.8125], "texture": "#2"},
				"west": {"uv": [7.875, 6.875, 8.125, 7.0625], "texture": "#2"},
				"up": {"uv": [8.0625, 7.375, 7.875, 7.125], "texture": "#2"},
				"down": {"uv": [7.8125, 7.875, 7.625, 8.125], "texture": "#2"}
			}
		},
		{
			"from": [6.875, 10.75, 0.05],
			"to": [9.125, 13, 1.55],
			"rotation": {"angle": 0, "axis": "y", "origin": [7.875, 11.75, 0.675]},
			"faces": {
				"north": {"uv": [7.125, 6.625, 7.40625, 6.90625], "texture": "#2"},
				"east": {"uv": [7.75, 3, 7.9375, 3.28125], "texture": "#2"},
				"south": {"uv": [7.125, 7, 7.40625, 7.28125], "texture": "#2"},
				"west": {"uv": [4, 7.75, 4.1875, 8.03125], "texture": "#2"},
				"up": {"uv": [8.03125, 3.8125, 7.75, 3.625], "texture": "#2"},
				"down": {"uv": [8.03125, 4.625, 7.75, 4.8125], "texture": "#2"}
			}
		},
		{
			"from": [7, 10.75, 1.05],
			"to": [9, 12.5, 2.8],
			"rotation": {"angle": 0, "axis": "y", "origin": [7, 10.75, 1.05]},
			"faces": {
				"north": {"uv": [7.75, 1.625, 8, 1.84375], "texture": "#2"},
				"east": {"uv": [7.875, 6.125, 8.09375, 6.34375], "texture": "#2"},
				"south": {"uv": [7.75, 2.25, 8, 2.46875], "texture": "#2"},
				"west": {"uv": [6.375, 7.875, 6.59375, 8.09375], "texture": "#2"},
				"up": {"uv": [8, 2.71875, 7.75, 2.5], "texture": "#2"},
				"down": {"uv": [8, 2.75, 7.75, 2.96875], "texture": "#2"}
			}
		},
		{
			"from": [7.125, 10.5, 2.55],
			"to": [8.875, 12.25, 4.8],
			"rotation": {"angle": 0, "axis": "y", "origin": [7.125, 10.5, 2.55]},
			"faces": {
				"north": {"uv": [6.625, 7.875, 6.84375, 8.09375], "texture": "#2"},
				"east": {"uv": [7.5, 4.125, 7.78125, 4.34375], "texture": "#2"},
				"south": {"uv": [7.875, 6.625, 8.09375, 6.84375], "texture": "#2"},
				"west": {"uv": [7.5, 4.375, 7.78125, 4.59375], "texture": "#2"},
				"up": {"uv": [7.71875, 4.90625, 7.5, 4.625], "texture": "#2"},
				"down": {"uv": [7.71875, 5.5, 7.5, 5.78125], "texture": "#2"}
			}
		},
		{
			"from": [7, 10.75, 4.6],
			"to": [9, 12.75, 4.85],
			"rotation": {"angle": 45, "axis": "z", "origin": [8, 11.7375, 5.6625]},
			"faces": {
				"north": {"uv": [7.5, 1.25, 7.75, 1.5], "texture": "#2"},
				"east": {"uv": [9, 2, 9.03125, 2.25], "texture": "#2"},
				"south": {"uv": [7.5, 1.5, 7.75, 1.75], "texture": "#2"},
				"west": {"uv": [9, 2.25, 9.03125, 2.5], "texture": "#2"},
				"up": {"uv": [9.25, 2.53125, 9, 2.5], "texture": "#2"},
				"down": {"uv": [9.25, 2.625, 9, 2.65625], "texture": "#2"}
			}
		},
		{
			"from": [7.25, 11, 4.85],
			"to": [8.75, 12.5, 5.35],
			"rotation": {"angle": 45, "axis": "z", "origin": [8, 11.7375, 5.6625]},
			"faces": {
				"north": {"uv": [8.125, 4.875, 8.3125, 5.0625], "texture": "#2"},
				"east": {"uv": [8.875, 7.25, 8.9375, 7.4375], "texture": "#2"},
				"south": {"uv": [8.125, 5.5, 8.3125, 5.6875], "texture": "#2"},
				"west": {"uv": [8.875, 7.5, 8.9375, 7.6875], "texture": "#2"},
				"up": {"uv": [9.0625, 7.8125, 8.875, 7.75], "texture": "#2"},
				"down": {"uv": [9.0625, 7.875, 8.875, 7.9375], "texture": "#2"}
			}
		},
		{
			"from": [7.375, 11.1, 5.35],
			"to": [8.625, 12.35, 7.85],
			"rotation": {"angle": 45, "axis": "z", "origin": [8, 11.7375, 5.6625]},
			"faces": {
				"north": {"uv": [8.5, 0.625, 8.65625, 0.78125], "texture": "#2"},
				"east": {"uv": [7.75, 5.5, 8.0625, 5.65625], "texture": "#2"},
				"south": {"uv": [8.5, 1.375, 8.65625, 1.53125], "texture": "#2"},
				"west": {"uv": [7.875, 1.875, 8.1875, 2.03125], "texture": "#2"},
				"up": {"uv": [8.03125, 4.4375, 7.875, 4.125], "texture": "#2"},
				"down": {"uv": [8.03125, 4.875, 7.875, 5.1875], "texture": "#2"}
			}
		},
		{
			"from": [7.375, 10.74123, 5.53998],
			"to": [8.625, 11.99123, 10.03998],
			"rotation": {"angle": -22.5, "axis": "x", "origin": [8, 11.9499, 6.79317]},
			"faces": {
				"north": {"uv": [8.5, 1.75, 8.65625, 1.90625], "texture": "#2"},
				"east": {"uv": [7, 0.375, 7.5625, 0.53125], "texture": "#2"},
				"south": {"uv": [8.5, 3.75, 8.65625, 3.90625], "texture": "#2"},
				"west": {"uv": [7, 3.875, 7.5625, 4.03125], "texture": "#2"},
				"up": {"uv": [0.53125, 7.5625, 0.375, 7], "texture": "#2"},
				"down": {"uv": [3.78125, 7, 3.625, 7.5625], "texture": "#2"}
			}
		},
		{
			"from": [7.5, 10.3, 4.5],
			"to": [8.5, 11.3, 8.5],
			"rotation": {"angle": 0, "axis": "y", "origin": [7.5, 9.3, 4.5]},
			"faces": {
				"north": {"uv": [4, 4.875, 4.125, 5], "texture": "#2"},
				"east": {"uv": [7.375, 2, 7.875, 2.125], "texture": "#2"},
				"south": {"uv": [5.125, 1.375, 5.25, 1.5], "texture": "#2"},
				"west": {"uv": [7.5, 0.25, 8, 0.375], "texture": "#2"},
				"up": {"uv": [4.75, 4.625, 4.625, 4.125], "texture": "#2"},
				"down": {"uv": [1, 4.875, 0.875, 5.375], "texture": "#2"}
			}
		},
		{
			"from": [7.5, 10.3, 13],
			"to": [8.5, 11.3, 15.5],
			"rotation": {"angle": 0, "axis": "y", "origin": [7.5, 9.3, 13]},
			"faces": {
				"north": {"uv": [0.875, 5.375, 1, 5.5], "texture": "#2"},
				"east": {"uv": [7.875, 6.375, 8.1875, 6.5], "texture": "#2"},
				"south": {"uv": [1.625, 5.5, 1.75, 5.625], "texture": "#2"},
				"west": {"uv": [8, 0.5, 8.3125, 0.625], "texture": "#2"},
				"up": {"uv": [4.875, 1.8125, 4.75, 1.5], "texture": "#2"},
				"down": {"uv": [3.625, 5.625, 3.5, 5.9375], "texture": "#2"}
			}
		},
		{
			"from": [7.5, 10.3, 18],
			"to": [8.5, 11.3, 19.25],
			"rotation": {"angle": 0, "axis": "y", "origin": [7.5, 9.3, 16.75]},
			"faces": {
				"north": {"uv": [3.125, 5.5, 3.25, 5.625], "texture": "#2"},
				"east": {"uv": [8.625, 8.25, 8.78125, 8.375], "texture": "#2"},
				"south": {"uv": [5.625, 1.25, 5.75, 1.375], "texture": "#2"},
				"west": {"uv": [8.625, 8.375, 8.78125, 8.5], "texture": "#2"},
				"up": {"uv": [8.125, 8.78125, 8, 8.625], "texture": "#2"},
				"down": {"uv": [8.375, 8.625, 8.25, 8.78125], "texture": "#2"}
			}
		},
		{
			"from": [7.5, 10.3, 21.5],
			"to": [8.5, 11.3, 22.75],
			"rotation": {"angle": 0, "axis": "y", "origin": [7.5, 9.3, 20.25]},
			"faces": {
				"north": {"uv": [2.625, 5.625, 2.75, 5.75], "texture": "#2"},
				"east": {"uv": [8.625, 8.5, 8.78125, 8.625], "texture": "#2"},
				"south": {"uv": [2.5, 6.125, 2.625, 6.25], "texture": "#2"},
				"west": {"uv": [8.625, 8.625, 8.78125, 8.75], "texture": "#2"},
				"up": {"uv": [0.375, 8.90625, 0.25, 8.75], "texture": "#2"},
				"down": {"uv": [0.5, 8.75, 0.375, 8.90625], "texture": "#2"}
			}
		},
		{
			"from": [7.75, 10.55, 8.5],
			"to": [8.25, 11.05, 27.75],
			"rotation": {"angle": 0, "axis": "y", "origin": [7.75, 9.3, 11]},
			"faces": {
				"north": {"uv": [9.125, 0.375, 9.1875, 0.4375], "texture": "#2"},
				"east": {"uv": [5.75, 5.25, 8.15625, 5.3125], "texture": "#2"},
				"south": {"uv": [0.5, 9.125, 0.5625, 9.1875], "texture": "#2"},
				"west": {"uv": [5.75, 5.375, 8.15625, 5.4375], "texture": "#2"},
				"up": {"uv": [4.8125, 8.15625, 4.75, 5.75], "texture": "#2"},
				"down": {"uv": [3.9375, 6, 3.875, 8.40625], "texture": "#2"}
			}
		},
		{
			"from": [7.25, 8.75, 7.75],
			"to": [8.75, 10.25, 27],
			"rotation": {"angle": 0, "axis": "y", "origin": [8, 9.5, 17.375]},
			"faces": {
				"north": {"uv": [8.125, 6.125, 8.3125, 6.3125], "texture": "#2"},
				"east": {"uv": [2.5, 3.625, 4.90625, 3.8125], "texture": "#2"},
				"south": {"uv": [6.375, 8.125, 6.5625, 8.3125], "texture": "#2"},
				"west": {"uv": [3.75, 0.625, 6.15625, 0.8125], "texture": "#2"},
				"up": {"uv": [0.1875, 6.15625, 0, 3.75], "texture": "#2"},
				"down": {"uv": [0.4375, 3.75, 0.25, 6.15625], "texture": "#2"}
			}
		},
		{
			"from": [3.5, 7.75, 7.25],
			"to": [4, 8.25, 11.5],
			"rotation": {"angle": -22.5, "axis": "x", "origin": [3, 8, 8.5]},
			"faces": {
				"north": {"uv": [9.125, 0.5, 9.1875, 0.5625], "texture": "#2"},
				"east": {"uv": [8.125, 4.375, 8.65625, 4.4375], "texture": "#2"},
				"south": {"uv": [9.125, 0.625, 9.1875, 0.6875], "texture": "#2"},
				"west": {"uv": [8.125, 5.125, 8.65625, 5.1875], "texture": "#2"},
				"up": {"uv": [7.0625, 8.65625, 7, 8.125], "texture": "#2"},
				"down": {"uv": [8.1875, 8.125, 8.125, 8.65625], "texture": "#2"}
			}
		},
		{
			"from": [4.53033, 8.87902, 11.1634],
			"to": [5.03033, 9.37902, 17.4134],
			"rotation": {"angle": 45, "axis": "y", "origin": [4.03033, 9.12902, 12.4134]},
			"faces": {
				"north": {"uv": [9.125, 1.25, 9.1875, 1.3125], "texture": "#2"},
				"east": {"uv": [7.75, 1, 8.53125, 1.0625], "texture": "#2"},
				"south": {"uv": [1.375, 9.125, 1.4375, 9.1875], "texture": "#2"},
				"west": {"uv": [7.75, 5.75, 8.53125, 5.8125], "texture": "#2"},
				"up": {"uv": [5.0625, 8.65625, 5, 7.875], "texture": "#2"},
				"down": {"uv": [5.1875, 7.875, 5.125, 8.65625], "texture": "#2"}
			}
		},
		{
			"from": [12, 7.75, 7.25],
			"to": [12.5, 8.25, 11.5],
			"rotation": {"angle": -22.5, "axis": "x", "origin": [13, 8, 8.5]},
			"faces": {
				"north": {"uv": [9.125, 1.625, 9.1875, 1.6875], "texture": "#2"},
				"east": {"uv": [8.125, 5.875, 8.65625, 5.9375], "texture": "#2"},
				"south": {"uv": [1.75, 9.125, 1.8125, 9.1875], "texture": "#2"},
				"west": {"uv": [8.125, 7.25, 8.65625, 7.3125], "texture": "#2"},
				"up": {"uv": [0.0625, 8.78125, 0, 8.25], "texture": "#2"},
				"down": {"uv": [0.1875, 8.25, 0.125, 8.78125], "texture": "#2"}
			}
		},
		{
			"from": [10.96967, 8.87902, 11.1634],
			"to": [11.46967, 9.37902, 17.4134],
			"rotation": {"angle": -45, "axis": "y", "origin": [11.96967, 9.12902, 12.4134]},
			"faces": {
				"north": {"uv": [9.125, 1.5, 9.1875, 1.5625], "texture": "#2"},
				"east": {"uv": [7.75, 6, 8.53125, 6.0625], "texture": "#2"},
				"south": {"uv": [1.625, 9.125, 1.6875, 9.1875], "texture": "#2"},
				"west": {"uv": [7.875, 2.125, 8.65625, 2.1875], "texture": "#2"},
				"up": {"uv": [5.3125, 8.65625, 5.25, 7.875], "texture": "#2"},
				"down": {"uv": [5.4375, 7.875, 5.375, 8.65625], "texture": "#2"}
			}
		},
		{
			"from": [3.5, 2.25, 7.5],
			"to": [4, 4.75, 9],
			"rotation": {"angle": 0, "axis": "y", "origin": [3, 2.75, 7.5]},
			"faces": {
				"north": {"uv": [1.125, 8.75, 1.1875, 9.0625], "texture": "#2"},
				"east": {"uv": [7.125, 7.625, 7.3125, 7.9375], "texture": "#2"},
				"south": {"uv": [1.25, 8.75, 1.3125, 9.0625], "texture": "#2"},
				"west": {"uv": [7.375, 7.625, 7.5625, 7.9375], "texture": "#2"},
				"up": {"uv": [8.0625, 9.0625, 8, 8.875], "texture": "#2"},
				"down": {"uv": [8.9375, 8, 8.875, 8.1875], "texture": "#2"}
			}
		},
		{
			"from": [3.5, 2.12868, 10.37132],
			"to": [4, 2.62868, 11.12132],
			"rotation": {"angle": 0, "axis": "y", "origin": [2.5, 2.62868, 10.37132]},
			"faces": {
				"north": {"uv": [9.125, 0.75, 9.1875, 0.8125], "texture": "#2"},
				"east": {"uv": [9, 7.25, 9.09375, 7.3125], "texture": "#2"},
				"south": {"uv": [9.125, 0.875, 9.1875, 0.9375], "texture": "#2"},
				"west": {"uv": [9, 7.375, 9.09375, 7.4375], "texture": "#2"},
				"up": {"uv": [9.0625, 7.59375, 9, 7.5], "texture": "#2"},
				"down": {"uv": [9.0625, 7.625, 9, 7.71875], "texture": "#2"}
			}
		},
		{
			"from": [3.505, 1.98723, 7.85856],
			"to": [3.995, 3.97723, 10.84856],
			"rotation": {"angle": 45, "axis": "x", "origin": [8, 2.98223, 9.35356]},
			"faces": {
				"north": {"uv": [8.75, 5, 8.8125, 5.25], "texture": "#2"},
				"east": {"uv": [4.375, 5, 4.75, 5.25], "texture": "#2"},
				"south": {"uv": [5.125, 8.75, 5.1875, 9], "texture": "#2"},
				"west": {"uv": [2.5, 6.875, 2.875, 7.125], "texture": "#2"},
				"up": {"uv": [3.9375, 8.875, 3.875, 8.5], "texture": "#2"},
				"down": {"uv": [8.5625, 8.125, 8.5, 8.5], "texture": "#2"}
			}
		},
		{
			"from": [12, 2.25, 7.5],
			"to": [12.5, 4.75, 9],
			"rotation": {"angle": 0, "axis": "y", "origin": [13, 2.75, 7.5]},
			"faces": {
				"north": {"uv": [1.375, 8.75, 1.4375, 9.0625], "texture": "#2"},
				"east": {"uv": [7.75, 1.25, 7.9375, 1.5625], "texture": "#2"},
				"south": {"uv": [1.5, 8.75, 1.5625, 9.0625], "texture": "#2"},
				"west": {"uv": [1.375, 7.75, 1.5625, 8.0625], "texture": "#2"},
				"up": {"uv": [8.4375, 9.0625, 8.375, 8.875], "texture": "#2"},
				"down": {"uv": [8.5625, 8.875, 8.5, 9.0625], "texture": "#2"}
			}
		},
		{
			"from": [12.005, 1.98723, 7.85856],
			"to": [12.495, 3.97723, 10.84856],
			"rotation": {"angle": 45, "axis": "x", "origin": [8, 2.98223, 9.35356]},
			"faces": {
				"north": {"uv": [5.75, 8.75, 5.8125, 9], "texture": "#2"},
				"east": {"uv": [4, 6.875, 4.375, 7.125], "texture": "#2"},
				"south": {"uv": [5.875, 8.75, 5.9375, 9], "texture": "#2"},
				"west": {"uv": [4.875, 6.875, 5.25, 7.125], "texture": "#2"},
				"up": {"uv": [8.4375, 8.875, 8.375, 8.5], "texture": "#2"},
				"down": {"uv": [8.5625, 8.5, 8.5, 8.875], "texture": "#2"}
			}
		},
		{
			"from": [12, 2.12868, 10.37132],
			"to": [12.5, 2.62868, 11.12132],
			"rotation": {"angle": 0, "axis": "y", "origin": [13.5, 2.62868, 10.37132]},
			"faces": {
				"north": {"uv": [9.125, 1.375, 9.1875, 1.4375], "texture": "#2"},
				"east": {"uv": [7.75, 9, 7.84375, 9.0625], "texture": "#2"},
				"south": {"uv": [1.5, 9.125, 1.5625, 9.1875], "texture": "#2"},
				"west": {"uv": [7.875, 9, 7.96875, 9.0625], "texture": "#2"},
				"up": {"uv": [9.0625, 8.09375, 9, 8], "texture": "#2"},
				"down": {"uv": [8.1875, 9, 8.125, 9.09375], "texture": "#2"}
			}
		},
		{
			"from": [7.25, 0.25, -14],
			"to": [8.75, 2.25, -12],
			"rotation": {"angle": 45, "axis": "x", "origin": [-0.25, 1.25, -13]},
			"faces": {
				"north": {"uv": [7.875, 7.875, 8.0625, 8.125], "texture": "#2"},
				"east": {"uv": [7.5, 2.625, 7.75, 2.875], "texture": "#2"},
				"south": {"uv": [0, 8, 0.1875, 8.25], "texture": "#2"},
				"west": {"uv": [7.5, 2.875, 7.75, 3.125], "texture": "#2"},
				"up": {"uv": [0.4375, 8.25, 0.25, 8], "texture": "#2"},
				"down": {"uv": [8.1875, 0.25, 8, 0.5], "texture": "#2"}
			}
		},
		{
			"from": [11.25, 5, -13],
			"to": [11.75, 10, -12.5],
			"rotation": {"angle": 22.5, "axis": "x", "origin": [2.25, 5, -13]},
			"faces": {
				"north": {"uv": [5.875, 8, 5.9375, 8.625], "texture": "#2"},
				"east": {"uv": [6, 8, 6.0625, 8.625], "texture": "#2"},
				"south": {"uv": [7.125, 8, 7.1875, 8.625], "texture": "#2"},
				"west": {"uv": [7.25, 8, 7.3125, 8.625], "texture": "#2"},
				"up": {"uv": [9.1875, 1.0625, 9.125, 1], "texture": "#2"},
				"down": {"uv": [1.1875, 9.125, 1.125, 9.1875], "texture": "#2"}
			}
		},
		{
			"from": [4.25, 5, -13],
			"to": [4.75, 10, -12.5],
			"rotation": {"angle": 22.5, "axis": "x", "origin": [13.75, 5, -13]},
			"faces": {
				"north": {"uv": [8.125, 1.125, 8.1875, 1.75], "texture": "#2"},
				"east": {"uv": [1.375, 8.125, 1.4375, 8.75], "texture": "#2"},
				"south": {"uv": [1.5, 8.125, 1.5625, 8.75], "texture": "#2"},
				"west": {"uv": [2.75, 8.125, 2.8125, 8.75], "texture": "#2"},
				"up": {"uv": [9.1875, 1.1875, 9.125, 1.125], "texture": "#2"},
				"down": {"uv": [1.3125, 9.125, 1.25, 9.1875], "texture": "#2"}
			}
		},
		{
			"from": [3, 8.5, -5],
			"to": [5.5, 9.25, 1],
			"rotation": {"angle": 45, "axis": "z", "origin": [4.5, 9.125, -2]},
			"faces": {
				"north": {"uv": [8.25, 1.625, 8.5625, 1.71875], "texture": "#2"},
				"east": {"uv": [7.125, 2.125, 7.875, 2.21875], "texture": "#2"},
				"south": {"uv": [8.25, 7.125, 8.5625, 7.21875], "texture": "#2"},
				"west": {"uv": [7.125, 3.375, 7.875, 3.46875], "texture": "#2"},
				"up": {"uv": [5.0625, 4.875, 4.75, 4.125], "texture": "#2"},
				"down": {"uv": [0.8125, 4.875, 0.5, 5.625], "texture": "#2"}
			}
		},
		{
			"from": [10.5, 8.5, -5],
			"to": [13, 9.25, 1],
			"rotation": {"angle": -45, "axis": "z", "origin": [11.5, 9.125, -2]},
			"faces": {
				"north": {"uv": [8.375, 5, 8.6875, 5.09375], "texture": "#2"},
				"east": {"uv": [7.25, 1.125, 8, 1.21875], "texture": "#2"},
				"south": {"uv": [8.5, 0.5, 8.8125, 0.59375], "texture": "#2"},
				"west": {"uv": [7.25, 3.5, 8, 3.59375], "texture": "#2"},
				"up": {"uv": [3.0625, 5.75, 2.75, 5], "texture": "#2"},
				"down": {"uv": [4.3125, 5, 4, 5.75], "texture": "#2"}
			}
		},
		{
			"from": [7.625, 11.25, 0.25],
			"to": [8.375, 15.25, 1],
			"rotation": {"angle": 0, "axis": "y", "origin": [7.625, 11.25, 0]},
			"faces": {
				"north": {"uv": [3.125, 5, 3.21875, 5.5], "texture": "#2"},
				"east": {"uv": [5.5, 7.875, 5.59375, 8.375], "texture": "#2"},
				"south": {"uv": [0.5, 8, 0.59375, 8.5], "texture": "#2"},
				"west": {"uv": [0.625, 8, 0.71875, 8.5], "texture": "#2"},
				"up": {"uv": [8.96875, 8.71875, 8.875, 8.625], "texture": "#2"},
				"down": {"uv": [8.96875, 8.75, 8.875, 8.84375], "texture": "#2"}
			}
		},
		{
			"from": [6.625, 14.75, -0.75],
			"to": [9.375, 15.5, 2],
			"rotation": {"angle": 0, "axis": "y", "origin": [6.625, 11.5, 0]},
			"faces": {
				"north": {"uv": [8.25, 0.25, 8.59375, 0.34375], "texture": "#2"},
				"east": {"uv": [8.25, 0.375, 8.59375, 0.46875], "texture": "#2"},
				"south": {"uv": [8.25, 1.125, 8.59375, 1.21875], "texture": "#2"},
				"west": {"uv": [8.25, 1.25, 8.59375, 1.34375], "texture": "#2"},
				"up": {"uv": [2.34375, 6.84375, 2, 6.5], "texture": "#2"},
				"down": {"uv": [3.21875, 6.5, 2.875, 6.84375], "texture": "#2"}
			}
		},
		{
			"from": [7, 8, 26],
			"to": [7.5, 14, 28],
			"rotation": {"angle": 22.5, "axis": "x", "origin": [8, 11, 27]},
			"faces": {
				"north": {"uv": [8, 1.125, 8.0625, 1.875], "texture": "#2"},
				"east": {"uv": [1.75, 5.375, 2, 6.125], "texture": "#2"},
				"south": {"uv": [1.625, 8, 1.6875, 8.75], "texture": "#2"},
				"west": {"uv": [2, 5.375, 2.25, 6.125], "texture": "#2"},
				"up": {"uv": [5.3125, 9, 5.25, 8.75], "texture": "#2"},
				"down": {"uv": [5.4375, 8.75, 5.375, 9], "texture": "#2"}
			}
		},
		{
			"from": [7.005, 7.85068, 26.78083],
			"to": [7.495, 12.84068, 28.77083],
			"rotation": {"angle": 0, "axis": "y", "origin": [7.25, 10.34568, 27.77583]},
			"faces": {
				"north": {"uv": [7.375, 8, 7.4375, 8.625], "texture": "#2"},
				"east": {"uv": [6, 4.125, 6.25, 4.75], "texture": "#2"},
				"south": {"uv": [7.5, 8, 7.5625, 8.625], "texture": "#2"},
				"west": {"uv": [6, 5.625, 6.25, 6.25], "texture": "#2"},
				"up": {"uv": [5.5625, 9, 5.5, 8.75], "texture": "#2"},
				"down": {"uv": [5.6875, 8.75, 5.625, 9], "texture": "#2"}
			}
		},
		{
			"from": [6.5, 10.25, 26.875],
			"to": [8.5, 11.5, 28.125],
			"rotation": {"angle": -45, "axis": "x", "origin": [7.5, 10.875, 27.5]},
			"faces": {
				"north": {"uv": [8, 7.375, 8.25, 7.53125], "texture": "#2"},
				"east": {"uv": [8.5, 4, 8.65625, 4.15625], "texture": "#2"},
				"south": {"uv": [8, 7.625, 8.25, 7.78125], "texture": "#2"},
				"west": {"uv": [8.5, 4.5, 8.65625, 4.65625], "texture": "#2"},
				"up": {"uv": [8.375, 3.65625, 8.125, 3.5], "texture": "#2"},
				"down": {"uv": [4.25, 8.125, 4, 8.28125], "texture": "#2"}
			}
		},
		{
			"from": [6, 2.75, -13],
			"to": [10, 6, -11.25],
			"rotation": {"angle": 22.5, "axis": "x", "origin": [7, 4, -13]},
			"faces": {
				"north": {"uv": [5.25, 2.625, 5.75, 3.03125], "texture": "#2"},
				"east": {"uv": [6, 6.875, 6.21875, 7.28125], "texture": "#2"},
				"south": {"uv": [4.375, 5.25, 4.875, 5.65625], "texture": "#2"},
				"west": {"uv": [6.875, 6.75, 7.09375, 7.15625], "texture": "#2"},
				"up": {"uv": [2.875, 6.84375, 2.375, 6.625], "texture": "#2"},
				"down": {"uv": [7.125, 2.625, 6.625, 2.84375], "texture": "#2"}
			}
		},
		{
			"from": [6.5, 3, -12.975],
			"to": [9.5, 5.5, -9.725],
			"rotation": {"angle": 22.5, "axis": "x", "origin": [7.5, 4, -12.975]},
			"faces": {
				"north": {"uv": [3.25, 6.5, 3.625, 6.8125], "texture": "#2"},
				"east": {"uv": [0.625, 6.375, 1.03125, 6.6875], "texture": "#2"},
				"south": {"uv": [6.5, 5.625, 6.875, 5.9375], "texture": "#2"},
				"west": {"uv": [1.125, 6.375, 1.53125, 6.6875], "texture": "#2"},
				"up": {"uv": [6.5, 1.65625, 6.125, 1.25], "texture": "#2"},
				"down": {"uv": [2, 6.125, 1.625, 6.53125], "texture": "#2"}
			}
		},
		{
			"from": [5.75, 2.25, -8],
			"to": [6.5, 3.25, -6.75],
			"rotation": {"angle": 0, "axis": "y", "origin": [6.75, 2.25, -9]},
			"faces": {
				"north": {"uv": [7.75, 4.875, 7.84375, 5], "texture": "#2"},
				"east": {"uv": [3.25, 2.625, 3.40625, 2.75], "texture": "#2"},
				"south": {"uv": [7.875, 3.375, 7.96875, 3.5], "texture": "#2"},
				"west": {"uv": [6, 4.75, 6.15625, 4.875], "texture": "#2"},
				"up": {"uv": [8.84375, 6.53125, 8.75, 6.375], "texture": "#2"},
				"down": {"uv": [7.84375, 8.75, 7.75, 8.90625], "texture": "#2"}
			}
		},
		{
			"from": [4.75, 3, -8.25],
			"to": [7.5, 3.5, -6.25],
			"rotation": {"angle": 0, "axis": "y", "origin": [6.75, 3, -8.75]},
			"faces": {
				"north": {"uv": [8.5, 0.875, 8.84375, 0.9375], "texture": "#2"},
				"east": {"uv": [8.75, 0.625, 9, 0.6875], "texture": "#2"},
				"south": {"uv": [8.5, 2, 8.84375, 2.0625], "texture": "#2"},
				"west": {"uv": [8.75, 0.75, 9, 0.8125], "texture": "#2"},
				"up": {"uv": [7.34375, 6.375, 7, 6.125], "texture": "#2"},
				"down": {"uv": [7.34375, 6.375, 7, 6.625], "texture": "#2"}
			}
		},
		{
			"from": [4.755, 2.95794, -6.00844],
			"to": [7.495, 6.69794, -5.51844],
			"rotation": {"angle": 22.5, "axis": "x", "origin": [6.125, 4.82794, -5.76344]},
			"faces": {
				"north": {"uv": [3.625, 5.5, 3.96875, 5.96875], "texture": "#2"},
				"east": {"uv": [2.875, 8.25, 2.9375, 8.71875], "texture": "#2"},
				"south": {"uv": [2.25, 5.625, 2.59375, 6.09375], "texture": "#2"},
				"west": {"uv": [3, 8.25, 3.0625, 8.71875], "texture": "#2"},
				"up": {"uv": [8.84375, 4.3125, 8.5, 4.25], "texture": "#2"},
				"down": {"uv": [8.84375, 4.75, 8.5, 4.8125], "texture": "#2"}
			}
		},
		{
			"from": [5.75, 2.25, -2],
			"to": [6.5, 3.25, -0.75],
			"rotation": {"angle": 0, "axis": "y", "origin": [6.75, 2.25, -3]},
			"faces": {
				"north": {"uv": [8, 3.5, 8.09375, 3.625], "texture": "#2"},
				"east": {"uv": [6.5, 6.125, 6.65625, 6.25], "texture": "#2"},
				"south": {"uv": [8.25, 4.5, 8.34375, 4.625], "texture": "#2"},
				"west": {"uv": [7, 0.875, 7.15625, 1], "texture": "#2"},
				"up": {"uv": [8.84375, 8.03125, 8.75, 7.875], "texture": "#2"},
				"down": {"uv": [8.21875, 8.75, 8.125, 8.90625], "texture": "#2"}
			}
		},
		{
			"from": [4.75, 3, -2.25],
			"to": [7.5, 3.5, -0.25],
			"rotation": {"angle": 0, "axis": "y", "origin": [6.75, 3, -2.75]},
			"faces": {
				"north": {"uv": [8.5, 4.875, 8.84375, 4.9375], "texture": "#2"},
				"east": {"uv": [8.75, 1.375, 9, 1.4375], "texture": "#2"},
				"south": {"uv": [8.5, 5.25, 8.84375, 5.3125], "texture": "#2"},
				"west": {"uv": [8.75, 1.5, 9, 1.5625], "texture": "#2"},
				"up": {"uv": [7.46875, 1.5, 7.125, 1.25], "texture": "#2"},
				"down": {"uv": [7.46875, 1.5, 7.125, 1.75], "texture": "#2"}
			}
		},
		{
			"from": [4.755, 2.95794, -0.00844],
			"to": [7.495, 6.69794, 0.48156],
			"rotation": {"angle": 22.5, "axis": "x", "origin": [6.125, 4.82794, 0.23656]},
			"faces": {
				"north": {"uv": [3.125, 5.625, 3.46875, 6.09375], "texture": "#2"},
				"east": {"uv": [3.625, 8.25, 3.6875, 8.71875], "texture": "#2"},
				"south": {"uv": [5.625, 4.125, 5.96875, 4.59375], "texture": "#2"},
				"west": {"uv": [3.75, 8.25, 3.8125, 8.71875], "texture": "#2"},
				"up": {"uv": [8.84375, 5.4375, 8.5, 5.375], "texture": "#2"},
				"down": {"uv": [8.84375, 6.875, 8.5, 6.9375], "texture": "#2"}
			}
		},
		{
			"from": [9.5, 2.25, -8],
			"to": [10.25, 3.25, -6.75],
			"rotation": {"angle": 0, "axis": "y", "origin": [9.25, 2.25, -9]},
			"faces": {
				"north": {"uv": [8.875, 0.875, 8.96875, 1], "texture": "#2"},
				"east": {"uv": [7.125, 8.625, 7.28125, 8.75], "texture": "#2"},
				"south": {"uv": [8.875, 2, 8.96875, 2.125], "texture": "#2"},
				"west": {"uv": [8.625, 7.125, 8.78125, 7.25], "texture": "#2"},
				"up": {"uv": [0.59375, 9.03125, 0.5, 8.875], "texture": "#2"},
				"down": {"uv": [2.84375, 8.875, 2.75, 9.03125], "texture": "#2"}
			}
		},
		{
			"from": [8.5, 3, -8.25],
			"to": [11.25, 3.5, -6.25],
			"rotation": {"angle": 0, "axis": "y", "origin": [9.25, 3, -8.75]},
			"faces": {
				"north": {"uv": [8.625, 1.625, 8.96875, 1.6875], "texture": "#2"},
				"east": {"uv": [3.625, 8.75, 3.875, 8.8125], "texture": "#2"},
				"south": {"uv": [8.625, 2.25, 8.96875, 2.3125], "texture": "#2"},
				"west": {"uv": [8.75, 3.75, 9, 3.8125], "texture": "#2"},
				"up": {"uv": [7.46875, 3.875, 7.125, 3.625], "texture": "#2"},
				"down": {"uv": [4.34375, 7.125, 4, 7.375], "texture": "#2"}
			}
		},
		{
			"from": [8.505, 2.95794, -6.00844],
			"to": [11.245, 6.69794, -5.51844],
			"rotation": {"angle": 22.5, "axis": "x", "origin": [9.875, 4.82794, -5.76344]},
			"faces": {
				"north": {"uv": [2.625, 5.75, 2.96875, 6.21875], "texture": "#2"},
				"east": {"uv": [8.375, 0.5, 8.4375, 0.96875], "texture": "#2"},
				"south": {"uv": [5.75, 2.625, 6.09375, 3.09375], "texture": "#2"},
				"west": {"uv": [8.375, 2.25, 8.4375, 2.71875], "texture": "#2"},
				"up": {"uv": [8.96875, 2.4375, 8.625, 2.375], "texture": "#2"},
				"down": {"uv": [8.96875, 2.5, 8.625, 2.5625], "texture": "#2"}
			}
		},
		{
			"from": [9.5, 2.25, -2],
			"to": [10.25, 3.25, -0.75],
			"rotation": {"angle": 0, "axis": "y", "origin": [9.25, 2.25, -3]},
			"faces": {
				"north": {"uv": [8.875, 4.25, 8.96875, 4.375], "texture": "#2"},
				"east": {"uv": [7.375, 8.625, 7.53125, 8.75], "texture": "#2"},
				"south": {"uv": [8.875, 5.125, 8.96875, 5.25], "texture": "#2"},
				"west": {"uv": [8.625, 7.375, 8.78125, 7.5], "texture": "#2"},
				"up": {"uv": [2.96875, 9.03125, 2.875, 8.875], "texture": "#2"},
				"down": {"uv": [3.71875, 8.875, 3.625, 9.03125], "texture": "#2"}
			}
		},
		{
			"from": [8.5, 3, -2.25],
			"to": [11.25, 3.5, -0.25],
			"rotation": {"angle": 0, "axis": "y", "origin": [9.25, 3, -2.75]},
			"faces": {
				"north": {"uv": [8.625, 2.625, 8.96875, 2.6875], "texture": "#2"},
				"east": {"uv": [8.75, 3.875, 9, 3.9375], "texture": "#2"},
				"south": {"uv": [8.625, 2.75, 8.96875, 2.8125], "texture": "#2"},
				"west": {"uv": [8.75, 4, 9, 4.0625], "texture": "#2"},
				"up": {"uv": [4.71875, 7.375, 4.375, 7.125], "texture": "#2"},
				"down": {"uv": [7.46875, 4.375, 7.125, 4.625], "texture": "#2"}
			}
		},
		{
			"from": [8.505, 2.95794, -0.00844],
			"to": [11.245, 6.69794, 0.48156],
			"rotation": {"angle": 22.5, "axis": "x", "origin": [9.875, 4.82794, 0.23656]},
			"faces": {
				"north": {"uv": [4, 5.75, 4.34375, 6.21875], "texture": "#2"},
				"east": {"uv": [8.375, 2.75, 8.4375, 3.21875], "texture": "#2"},
				"south": {"uv": [4.375, 5.75, 4.71875, 6.21875], "texture": "#2"},
				"west": {"uv": [8.375, 3.25, 8.4375, 3.71875], "texture": "#2"},
				"up": {"uv": [8.96875, 2.9375, 8.625, 2.875], "texture": "#2"},
				"down": {"uv": [8.96875, 3, 8.625, 3.0625], "texture": "#2"}
			}
		},
		{
			"from": [6.175, 2, -11],
			"to": [6.175, 5.5, -8.75],
			"rotation": {"angle": 0, "axis": "y", "origin": [6.75, 3, -11.5]},
			"faces": {
				"east": {"uv": [4.875, 6.375, 5.15625, 6.8125], "texture": "#2"},
				"west": {"uv": [5.25, 6.375, 5.53125, 6.8125], "texture": "#2"}
			}
		},
		{
			"from": [9.825, 2, -11],
			"to": [9.825, 5.5, -8.75],
			"rotation": {"angle": 0, "axis": "y", "origin": [9.25, 3, -11.5]},
			"faces": {
				"east": {"uv": [6.375, 6.25, 6.65625, 6.6875], "texture": "#2"},
				"west": {"uv": [6.5, 1.25, 6.78125, 1.6875], "texture": "#2"}
			}
		},
		{
			"name": "octagon",
			"from": [0.755, -0.09132, 8.005],
			"to": [2.245, 1.14132, 10.995],
			"rotation": {"angle": 45, "axis": "x", "origin": [8, 0.525, 9.5]},
			"faces": {
				"north": {"uv": [8.25, 1.375, 8.4375, 1.53125], "texture": "#2"},
				"east": {"uv": [7.5, 5, 7.875, 5.15625], "texture": "#2"},
				"south": {"uv": [8.25, 1.875, 8.4375, 2.03125], "texture": "#2"},
				"west": {"uv": [7.5, 6.625, 7.875, 6.78125], "texture": "#2"},
				"up": {"uv": [0.8125, 7.625, 0.625, 7.25], "texture": "#2"},
				"down": {"uv": [3.0625, 7.25, 2.875, 7.625], "texture": "#2"}
			}
		},
		{
			"name": "octagon",
			"from": [0.75, -0.09632, 8],
			"to": [2.25, 1.14632, 11],
			"rotation": {"angle": 0, "axis": "y", "origin": [1.25, 0.525, 9.5]},
			"faces": {
				"north": {"uv": [8.25, 5.25, 8.4375, 5.40625], "texture": "#2"},
				"east": {"uv": [7.5, 6.875, 7.875, 7.03125], "texture": "#2"},
				"south": {"uv": [8.25, 6.875, 8.4375, 7.03125], "texture": "#2"},
				"west": {"uv": [7.5, 7.125, 7.875, 7.28125], "texture": "#2"},
				"up": {"uv": [7.4375, 5.25, 7.25, 4.875], "texture": "#2"},
				"down": {"uv": [5.4375, 7.25, 5.25, 7.625], "texture": "#2"}
			}
		},
		{
			"name": "octagon",
			"from": [0.755, -0.97, 8.88368],
			"to": [2.245, 2.02, 10.11632],
			"rotation": {"angle": 45, "axis": "x", "origin": [8, 0.525, 9.5]},
			"faces": {
				"north": {"uv": [5.5, 7.25, 5.6875, 7.625], "texture": "#2"},
				"east": {"uv": [0.25, 7.625, 0.40625, 8], "texture": "#2"},
				"south": {"uv": [6.625, 7.25, 6.8125, 7.625], "texture": "#2"},
				"west": {"uv": [0.5, 7.625, 0.65625, 8], "texture": "#2"},
				"up": {"uv": [8.5625, 0.15625, 8.375, 0], "texture": "#2"},
				"down": {"uv": [8.5625, 5.5, 8.375, 5.65625], "texture": "#2"}
			}
		},
		{
			"name": "octagon",
			"from": [0.745, -0.98, 8.87368],
			"to": [2.255, 2.03, 10.12632],
			"rotation": {"angle": 0, "axis": "y", "origin": [8, 0.525, 9.5]},
			"faces": {
				"north": {"uv": [6.875, 7.25, 7.0625, 7.625], "texture": "#2"},
				"east": {"uv": [2.875, 7.625, 3.03125, 8], "texture": "#2"},
				"south": {"uv": [0.875, 7.375, 1.0625, 7.75], "texture": "#2"},
				"west": {"uv": [3.625, 7.625, 3.78125, 8], "texture": "#2"},
				"up": {"uv": [8.5625, 6.28125, 8.375, 6.125], "texture": "#2"},
				"down": {"uv": [6.5625, 8.375, 6.375, 8.53125], "texture": "#2"}
			}
		},
		{
			"name": "octagon",
			"from": [13.755, -0.09132, 8.005],
			"to": [15.245, 1.14132, 10.995],
			"rotation": {"angle": 45, "axis": "x", "origin": [8, 0.525, 9.5]},
			"faces": {
				"north": {"uv": [8.375, 6.375, 8.5625, 6.53125], "texture": "#2"},
				"east": {"uv": [7.625, 0.375, 8, 0.53125], "texture": "#2"},
				"south": {"uv": [8.375, 6.625, 8.5625, 6.78125], "texture": "#2"},
				"west": {"uv": [7.625, 3.875, 8, 4.03125], "texture": "#2"},
				"up": {"uv": [1.3125, 7.75, 1.125, 7.375], "texture": "#2"},
				"down": {"uv": [1.5625, 7.375, 1.375, 7.75], "texture": "#2"}
			}
		},
		{
			"name": "octagon",
			"from": [13.75, -0.09632, 8],
			"to": [15.25, 1.14632, 11],
			"rotation": {"angle": 0, "axis": "y", "origin": [14.75, 0.525, 9.5]},
			"faces": {
				"north": {"uv": [6.75, 8.375, 6.9375, 8.53125], "texture": "#2"},
				"east": {"uv": [4.875, 7.625, 5.25, 7.78125], "texture": "#2"},
				"south": {"uv": [8.375, 7.375, 8.5625, 7.53125], "texture": "#2"},
				"west": {"uv": [5.25, 7.625, 5.625, 7.78125], "texture": "#2"},
				"up": {"uv": [2.1875, 7.75, 2, 7.375], "texture": "#2"},
				"down": {"uv": [2.4375, 7.375, 2.25, 7.75], "texture": "#2"}
			}
		},
		{
			"name": "octagon",
			"from": [13.755, -0.97, 8.88368],
			"to": [15.245, 2.02, 10.11632],
			"rotation": {"angle": 45, "axis": "x", "origin": [8, 0.525, 9.5]},
			"faces": {
				"north": {"uv": [2.5, 7.375, 2.6875, 7.75], "texture": "#2"},
				"east": {"uv": [4.5, 7.625, 4.65625, 8], "texture": "#2"},
				"south": {"uv": [3.125, 7.375, 3.3125, 7.75], "texture": "#2"},
				"west": {"uv": [5.625, 7.625, 5.78125, 8], "texture": "#2"},
				"up": {"uv": [7.8125, 8.53125, 7.625, 8.375], "texture": "#2"},
				"down": {"uv": [8.5625, 7.625, 8.375, 7.78125], "texture": "#2"}
			}
		},
		{
			"name": "octagon",
			"from": [13.745, -0.98, 8.87368],
			"to": [15.255, 2.03, 10.12632],
			"rotation": {"angle": 0, "axis": "y", "origin": [8, 0.525, 9.5]},
			"faces": {
				"north": {"uv": [3.375, 7.375, 3.5625, 7.75], "texture": "#2"},
				"east": {"uv": [5.875, 7.625, 6.03125, 8], "texture": "#2"},
				"south": {"uv": [4, 7.375, 4.1875, 7.75], "texture": "#2"},
				"west": {"uv": [7.625, 6.125, 7.78125, 6.5], "texture": "#2"},
				"up": {"uv": [8.0625, 8.53125, 7.875, 8.375], "texture": "#2"},
				"down": {"uv": [8.5625, 7.875, 8.375, 8.03125], "texture": "#2"}
			}
		},
		{
			"from": [7.5, -0.375, -13.65],
			"to": [8.5, 1.125, -12.15],
			"rotation": {"angle": 0, "axis": "y", "origin": [6.5, -0.375, -13.65]},
			"faces": {
				"north": {"uv": [4.375, 6.875, 4.5, 7.0625], "texture": "#2"},
				"east": {"uv": [6.75, 8.125, 6.9375, 8.3125], "texture": "#2"},
				"south": {"uv": [5.125, 7.375, 5.25, 7.5625], "texture": "#2"},
				"west": {"uv": [7.625, 8.125, 7.8125, 8.3125], "texture": "#2"},
				"up": {"uv": [8.375, 3.4375, 8.25, 3.25], "texture": "#2"},
				"down": {"uv": [8.375, 3.875, 8.25, 4.0625], "texture": "#2"}
			}
		},
		{
			"from": [-9.575, 14.565, -13.025],
			"to": [28.425, 14.565, 24.975],
			"rotation": {"angle": 45, "axis": "y", "origin": [2.275, 13.54, 5.014]},
			"faces": {
				"up": {"uv": [2, 1.92188, 14, 13.92188], "texture": "#1"},
				"down": {"uv": [14, 1.92188, 2, 13.92188], "texture": "#1"}
			}
		},
		{
			"from": [6.82284, 6.8525, 23.63772],
			"to": [6.82284, 14.8525, 31.63772],
			"rotation": {"angle": 0, "axis": "y", "origin": [6.93534, 25.8525, 42.63772]},
			"faces": {
				"east": {"uv": [14, 1.92188, 2, 13.92188], "rotation": 270, "texture": "#1"},
				"west": {"uv": [2, 1.92188, 14, 13.92188], "rotation": 270, "texture": "#1"}
			}
		}
	],
	"display": {
		"thirdperson": {
			"rotation": [0, 80, 180],
			"translation": [1, 0, -2.3],
			"scale": [0.3, 0.3, 0.255]
		},
		"firstperson": {
			"rotation": [0, 0, 0],
			"translation": [-4.5, 6, 4],
			"scale": [0.7, 0.7, 0.595]
		},
		"ground": {
			"translation": [0, 0, 0],
			"scale": [1.5, 1.5, 1.28]
		},
		"gui": {
			"rotation": [0, -180, 0],
			"translation": [0, 0, -1.7],
			"scale": [0.8, 0.8, 0.8]
		}
	},
	"groups": [
		0,
		1,
		2,
		3,
		4,
		5,
		6,
		7,
		8,
		{
			"name": "group",
			"origin": [3.30683, 8.0891, -3.875],
			"color": 0,
			"children": [9, 10, 11, 12, 13, 14, 15, 16, 17, 18, 19, 20, 21, 22, 23, 24, 25, 26, 27, 28, 29, 30, 31, 32, 33, 34, 35]
		},
		36,
		37,
		38,
		39,
		40,
		41,
		42,
		43,
		44,
		45,
		46,
		47,
		48,
		49,
		50,
		51,
		52,
		53,
		54,
		55,
		56,
		57,
		58,
		59,
		60,
		61,
		62,
		63,
		64,
		65,
		66,
		67,
		68,
		69,
		70,
		71,
		72,
		73,
		74,
		75,
		76,
		77,
		78,
		79,
		80,
		81,
		82,
		83,
		84,
		{
			"name": "group",
			"origin": [3, 5.43934, -9.06066],
			"color": 0,
			"children": []
		},
		{
			"name": "group",
			"origin": [3, 5.43934, -9.06066],
			"color": 0,
			"children": []
		},
		85,
		86,
		87,
		88,
		89,
		90,
		91,
		92,
		93,
		{
			"name": "group",
			"origin": [6.125, 4.82794, -5.76344],
			"color": 0,
			"children": [
				{
					"name": "group",
					"origin": [6.125, 4.82794, -5.76344],
					"color": 0,
					"children": [94, 95, 96]
				},
				{
					"name": "group",
					"origin": [6.125, 4.82794, -5.76344],
					"color": 0,
					"children": [97, 98, 99]
				},
				{
					"name": "group",
					"origin": [6.125, 4.82794, -5.76344],
					"color": 0,
					"children": [100, 101, 102]
				},
				{
					"name": "group",
					"origin": [6.125, 4.82794, -5.76344],
					"color": 0,
					"children": [103, 104, 105]
				}
			]
		},
		106,
		107,
		{
			"name": "octagon",
			"origin": [8, 8, 8],
			"color": 0,
			"children": [108, 109, 110, 111]
		},
		{
			"name": "octagon",
			"origin": [8, 8, 8],
			"color": 0,
			"children": [112, 113, 114, 115]
		},
		116,
		{
			"name": "bell_206b",
			"origin": [8, 8, 8],
			"color": 0,
			"children": [117, 118]
		}
	]
}