{
	"credit": "Made with Blockbench",
	"texture_size": [32, 32],
	"textures": {
		"1": "swords/knife"
	},
	"elements": [
		{
			"from": [6.75, 5.35, 9.75],
			"to": [9.25, 10.35, 10.25],
			"rotation": {"angle": 0, "axis": "y", "origin": [7, 0, 0]},
			"faces": {
				"north": {"uv": [2, 6, 3.25, 8.5], "texture": "#1"},
				"east": {"uv": [8.5, 2.5, 8.75, 5], "texture": "#1"},
				"south": {"uv": [3.5, 6, 4.75, 8.5], "texture": "#1"},
				"west": {"uv": [3, 8.5, 3.25, 11], "texture": "#1"},
				"up": {"uv": [4.75, 8.75, 3.5, 8.5], "texture": "#1"},
				"down": {"uv": [6.25, 8.5, 5, 8.75], "texture": "#1"}
			}
		},
		{
			"from": [7, 7, 10.25],
			"to": [9, 9, 16.75],
			"rotation": {"angle": 0, "axis": "y", "origin": [7, 0, 0.5]},
			"faces": {
				"north": {"uv": [7, 5, 8, 6], "texture": "#1"},
				"east": {"uv": [0, 5, 3.25, 6], "texture": "#1"},
				"south": {"uv": [8, 1.5, 9, 2.5], "texture": "#1"},
				"west": {"uv": [3.5, 5, 6.75, 6], "texture": "#1"},
				"up": {"uv": [1, 9.25, 0, 6], "texture": "#1"},
				"down": {"uv": [2, 6, 1, 9.25], "texture": "#1"}
			}
		},
		{
			"from": [8, 6, 10.25],
			"to": [8, 7, 17.75],
			"rotation": {"angle": 0, "axis": "y", "origin": [8, 0, 0.5]},
			"faces": {
				"north": {"uv": [0, 0, 0, 0.5], "texture": "#1"},
				"east": {"uv": [5, 6, 8.75, 6.5], "texture": "#1"},
				"south": {"uv": [0, 0, 0, 0.5], "texture": "#1"},
				"west": {"uv": [5, 6.5, 8.75, 7], "texture": "#1"},
				"up": {"uv": [0, 3.75, 0, 0], "texture": "#1"},
				"down": {"uv": [0, 0, 0, 3.75], "texture": "#1"}
			}
		},
		{
			"from": [7.005, 6.60277, 16.27716],
			"to": [8.995, 8.59277, 18.76716],
			"rotation": {"angle": 22.5, "axis": "x", "origin": [8, 7.59777, 17.52216]},
			"faces": {
				"north": {"uv": [8, 5, 9, 6], "texture": "#1"},
				"east": {"uv": [7, 3, 8.25, 4], "texture": "#1"},
				"south": {"uv": [8, 7, 9, 8], "texture": "#1"},
				"west": {"uv": [7, 4, 8.25, 5], "texture": "#1"},
				"up": {"uv": [6, 8.25, 5, 7], "texture": "#1"},
				"down": {"uv": [7, 7, 6, 8.25], "texture": "#1"}
			}
		},
		{
			"from": [7.25, 6.25, 7.75],
			"to": [8.75, 9.25, 9.75],
			"rotation": {"angle": 0, "axis": "y", "origin": [7, 0, 0]},
			"faces": {
				"north": {"uv": [7, 7, 7.75, 8.5], "texture": "#1"},
				"east": {"uv": [7, 0, 8, 1.5], "texture": "#1"},
				"south": {"uv": [8, 0, 8.75, 1.5], "texture": "#1"},
				"west": {"uv": [7, 1.5, 8, 3], "texture": "#1"},
				"up": {"uv": [8.75, 9, 8, 8], "texture": "#1"},
				"down": {"uv": [2.75, 8.5, 2, 9.5], "texture": "#1"}
			}
		},
		{
			"from": [8, 5.5, -6.25],
			"to": [8, 10, 7.75],
			"rotation": {"angle": 0, "axis": "y", "origin": [6, 0, 0]},
			"faces": {
				"north": {"uv": [0, 0, 0, 2.25], "texture": "#1"},
				"east": {"uv": [0, 0, 7, 2.25], "texture": "#1"},
				"south": {"uv": [0, 0, 0, 2.25], "texture": "#1"},
				"west": {"uv": [0, 2.5, 7, 4.75], "texture": "#1"},
				"up": {"uv": [0, 7, 0, 0], "texture": "#1"},
				"down": {"uv": [0, 0, 0, 7], "texture": "#1"}
			}
		}
	],
	"display": {
		"thirdperson": {
			"rotation": [0, 0, -180],
			"translation": [0, 1.0, -2.1],
			"scale": [0.4, 0.4, 0.4]
		},
		"firstperson": {
			"rotation": [90, -55, 0],
			"translation": [-6, 4.2, 1],
			"scale": [0.6, 0.66, 0.6]
		},
		"ground": {
			"translation": [0, 2, 0],
			"scale": [1.5, 1.5, 1.5]
		},
		"gui": {
			"rotation": [120, 225, 0],
			"translation": [0, -1, 0],
			"scale": [1.2, 1.2, 1.2]
		}
	}
}