{
	"credit": "Made with Blockbench",
	"texture_size": [64, 64],
	"textures": {
		"2": "weapons/dragunov",
		"particle": "weapons/dragunov"
	},
	"elements": [
		{
			"from": [7.5, 9.875, -15.525],
			"to": [8.5, 10.875, -12.525],
			"rotation": {"angle": 0, "axis": "y", "origin": [6.5, 0, 0]},
			"faces": {
				"north": {"uv": [4.25, 5, 4.5, 5.25], "texture": "#2"},
				"east": {"uv": [3.75, 1.75, 4.5, 2], "texture": "#2"},
				"south": {"uv": [4.75, 5.25, 5, 5.5], "texture": "#2"},
				"west": {"uv": [7, 5.75, 7.75, 6], "texture": "#2"},
				"up": {"uv": [5.75, 3.25, 5.5, 2.5], "texture": "#2"},
				"down": {"uv": [5.75, 7.5, 5.5, 8.25], "texture": "#2"}
			}
		},
		{
			"from": [7.75, 10.125, -12.525],
			"to": [8.25, 10.625, -0.775],
			"rotation": {"angle": 0, "axis": "y", "origin": [6.25, 0, 0]},
			"faces": {
				"north": {"uv": [4.25, 8.75, 4.375, 8.875], "texture": "#2"},
				"east": {"uv": [5.75, 4.75, 8.75, 4.875], "texture": "#2"},
				"south": {"uv": [4.5, 8.75, 4.625, 8.875], "texture": "#2"},
				"west": {"uv": [5.75, 5, 8.75, 5.125], "texture": "#2"},
				"up": {"uv": [4.125, 8.75, 4, 5.75], "texture": "#2"},
				"down": {"uv": [5.875, 5.25, 5.75, 8.25], "texture": "#2"}
			}
		},
		{
			"from": [7.5, 10.625, -12.025],
			"to": [8.5, 12.125, -11.025],
			"rotation": {"angle": 0, "axis": "y", "origin": [6.5, 0, 0]},
			"faces": {
				"north": {"uv": [2, 8.5, 2.25, 8.875], "texture": "#2"},
				"east": {"uv": [3.5, 8.5, 3.75, 8.875], "texture": "#2"},
				"south": {"uv": [8.5, 3.5, 8.75, 3.875], "texture": "#2"},
				"west": {"uv": [3.75, 8.5, 4, 8.875], "texture": "#2"},
				"up": {"uv": [0.75, 9, 0.5, 8.75], "texture": "#2"},
				"down": {"uv": [9, 0.5, 8.75, 0.75], "texture": "#2"}
			}
		},
		{
			"from": [7.875, 9.125, -12.025],
			"to": [8.125, 10.625, -11.525],
			"rotation": {"angle": -22.5, "axis": "x", "origin": [7.25, 11.375, -11.525]},
			"faces": {
				"north": {"uv": [8.75, 2.75, 8.875, 3.125], "texture": "#2"},
				"east": {"uv": [3.25, 8.75, 3.375, 9.125], "texture": "#2"},
				"south": {"uv": [8.75, 3.5, 8.875, 3.875], "texture": "#2"},
				"west": {"uv": [4, 8.75, 4.125, 9.125], "texture": "#2"},
				"up": {"uv": [4.875, 8.875, 4.75, 8.75], "texture": "#2"},
				"down": {"uv": [8.875, 4.75, 8.75, 4.875], "texture": "#2"}
			}
		},
		{
			"from": [6.75, 9.6, -1.1],
			"to": [9.25, 11.6, 10.4],
			"rotation": {"angle": 0, "axis": "y", "origin": [7.25, 0, 0]},
			"faces": {
				"north": {"uv": [2.25, 6.75, 2.875, 7.25], "texture": "#2"},
				"east": {"uv": [1.5, 2, 4.375, 2.5], "texture": "#2"},
				"south": {"uv": [6, 6.75, 6.625, 7.25], "texture": "#2"},
				"west": {"uv": [2.25, 0, 5.125, 0.5], "texture": "#2"},
				"up": {"uv": [0.625, 4.875, 0, 2], "texture": "#2"},
				"down": {"uv": [1.375, 2, 0.75, 4.875], "texture": "#2"}
			}
		},
		{
			"from": [6.755, 4.68783, 7.1381],
			"to": [9.245, 5.92783, 10.6281],
			"rotation": {"angle": 22.5, "axis": "x", "origin": [8, 8.35236, 19.73461]},
			"faces": {
				"north": {"uv": [7.75, 0.5, 8.375, 0.875], "texture": "#2"},
				"east": {"uv": [6.75, 1.5, 7.625, 1.875], "texture": "#2"},
				"south": {"uv": [1, 7.75, 1.625, 8.125], "texture": "#2"},
				"west": {"uv": [6.75, 2, 7.625, 2.375], "texture": "#2"},
				"up": {"uv": [2.875, 1.875, 2.25, 1], "texture": "#2"},
				"down": {"uv": [3.625, 1, 3, 1.875], "texture": "#2"}
			}
		},
		{
			"from": [8, 9.5, -4.5],
			"to": [8, 11.5, -0.5],
			"rotation": {"angle": 0, "axis": "y", "origin": [6, 0, 0]},
			"faces": {
				"north": {"uv": [0, 0, 0, 0.5], "texture": "#2"},
				"east": {"uv": [1, 5, 2, 5.5], "texture": "#2"},
				"south": {"uv": [0, 0, 0, 0.5], "texture": "#2"},
				"west": {"uv": [5, 1.5, 6, 2], "texture": "#2"},
				"up": {"uv": [0, 1, 0, 0], "texture": "#2"},
				"down": {"uv": [0, 0, 0, 1], "texture": "#2"}
			}
		},
		{
			"from": [7.25, 10.85, 10.25],
			"to": [8.75, 11.35, 21.25],
			"rotation": {"angle": 0, "axis": "y", "origin": [7, 0, 0]},
			"faces": {
				"north": {"uv": [0.75, 8.75, 1.125, 8.875], "texture": "#2"},
				"east": {"uv": [6.5, 4.5, 9.25, 4.625], "texture": "#2"},
				"south": {"uv": [8.75, 0.75, 9.125, 0.875], "texture": "#2"},
				"west": {"uv": [6, 6.5, 8.75, 6.625], "texture": "#2"},
				"up": {"uv": [2.875, 5.25, 2.5, 2.5], "texture": "#2"},
				"down": {"uv": [3.375, 2.5, 3, 5.25], "texture": "#2"}
			}
		},
		{
			"from": [7.25, 9.85, 15.25],
			"to": [8.75, 10.85, 21.75],
			"rotation": {"angle": 0, "axis": "y", "origin": [7, 0, 0]},
			"faces": {
				"north": {"uv": [3.5, 8.25, 3.875, 8.5], "texture": "#2"},
				"east": {"uv": [5.75, 3.5, 7.375, 3.75], "texture": "#2"},
				"south": {"uv": [8.25, 5.25, 8.625, 5.5], "texture": "#2"},
				"west": {"uv": [5.75, 3.75, 7.375, 4], "texture": "#2"},
				"up": {"uv": [4.875, 5.125, 4.5, 3.5], "texture": "#2"},
				"down": {"uv": [0.375, 5, 0, 6.625], "texture": "#2"}
			}
		},
		{
			"from": [7.255, 10.14789, 20.755],
			"to": [8.745, 11.13789, 21.745],
			"rotation": {"angle": 45, "axis": "x", "origin": [8, 10.64289, 21.25]},
			"faces": {
				"north": {"uv": [8.25, 5.5, 8.625, 5.75], "texture": "#2"},
				"east": {"uv": [2.25, 6.5, 2.5, 6.75], "texture": "#2"},
				"south": {"uv": [6.25, 8.25, 6.625, 8.5], "texture": "#2"},
				"west": {"uv": [2, 7, 2.25, 7.25], "texture": "#2"},
				"up": {"uv": [7.125, 8.5, 6.75, 8.25], "texture": "#2"},
				"down": {"uv": [8.625, 6.75, 8.25, 7], "texture": "#2"}
			}
		},
		{
			"from": [7.255, 13.74289, 11.3109],
			"to": [8.745, 14.23289, 13.3009],
			"rotation": {"angle": -22.5, "axis": "x", "origin": [8, 8.35236, 19.73461]},
			"faces": {
				"north": {"uv": [8.75, 1, 9.125, 1.125], "texture": "#2"},
				"east": {"uv": [6.75, 8.5, 7.25, 8.625], "texture": "#2"},
				"south": {"uv": [1.25, 8.75, 1.625, 8.875], "texture": "#2"},
				"west": {"uv": [8.5, 7, 9, 7.125], "texture": "#2"},
				"up": {"uv": [2.875, 8.25, 2.5, 7.75], "texture": "#2"},
				"down": {"uv": [8.125, 2.5, 7.75, 3], "texture": "#2"}
			}
		},
		{
			"from": [7, 9, 10],
			"to": [9, 10, 19.5],
			"rotation": {"angle": 0, "axis": "y", "origin": [7, 0, 0]},
			"faces": {
				"north": {"uv": [8.25, 1.25, 8.75, 1.5], "texture": "#2"},
				"east": {"uv": [4.75, 0.5, 7.125, 0.75], "texture": "#2"},
				"south": {"uv": [8.25, 1.5, 8.75, 1.75], "texture": "#2"},
				"west": {"uv": [4.75, 0.75, 7.125, 1], "texture": "#2"},
				"up": {"uv": [2, 4.875, 1.5, 2.5], "texture": "#2"},
				"down": {"uv": [2.5, 2.5, 2, 4.875], "texture": "#2"}
			}
		},
		{
			"from": [7, 9.5, 19.5],
			"to": [9, 10, 21.75],
			"rotation": {"angle": 0, "axis": "y", "origin": [7, 0, 0]},
			"faces": {
				"north": {"uv": [8.5, 7.75, 9, 7.875], "texture": "#2"},
				"east": {"uv": [5.25, 8.5, 5.875, 8.625], "texture": "#2"},
				"south": {"uv": [8.5, 8, 9, 8.125], "texture": "#2"},
				"west": {"uv": [6, 8.5, 6.625, 8.625], "texture": "#2"},
				"up": {"uv": [7.25, 7.375, 6.75, 6.75], "texture": "#2"},
				"down": {"uv": [2, 7, 1.5, 7.625], "texture": "#2"}
			}
		},
		{
			"from": [7.005, 10.1889, 20.6624],
			"to": [8.995, 11.4289, 21.1524],
			"rotation": {"angle": 22.5, "axis": "x", "origin": [8, 8.35236, 19.73461]},
			"faces": {
				"north": {"uv": [7.75, 5.25, 8.25, 5.625], "texture": "#2"},
				"east": {"uv": [8.75, 1.25, 8.875, 1.625], "texture": "#2"},
				"south": {"uv": [7.75, 6.75, 8.25, 7.125], "texture": "#2"},
				"west": {"uv": [8.75, 1.75, 8.875, 2.125], "texture": "#2"},
				"up": {"uv": [8.75, 8.625, 8.25, 8.5], "texture": "#2"},
				"down": {"uv": [0.5, 8.75, 0, 8.875], "texture": "#2"}
			}
		},
		{
			"from": [7, 8.75, 16],
			"to": [9, 9, 19.5],
			"rotation": {"angle": 0, "axis": "y", "origin": [7, 0, 0]},
			"faces": {
				"north": {"uv": [8.5, 7.25, 9, 7.375], "texture": "#2"},
				"east": {"uv": [8.25, 3.25, 9.125, 3.375], "texture": "#2"},
				"south": {"uv": [7.75, 8.5, 8.25, 8.625], "texture": "#2"},
				"west": {"uv": [8.25, 4, 9.125, 4.125], "texture": "#2"},
				"up": {"uv": [2, 6.375, 1.5, 5.5], "texture": "#2"},
				"down": {"uv": [5.25, 5.5, 4.75, 6.375], "texture": "#2"}
			}
		},
		{
			"from": [7.008, 8.14225, 14.68292],
			"to": [8.992, 9.62625, 15.66692],
			"rotation": {"angle": -22.5, "axis": "x", "origin": [8, 8.88425, 15.17492]},
			"faces": {
				"north": {"uv": [3, 7.75, 3.5, 8.125], "texture": "#2"},
				"east": {"uv": [1.5, 8.25, 1.75, 8.625], "texture": "#2"},
				"south": {"uv": [7.75, 3, 8.25, 3.375], "texture": "#2"},
				"west": {"uv": [8.25, 7, 8.5, 7.375], "texture": "#2"},
				"up": {"uv": [8.75, 2, 8.25, 1.75], "texture": "#2"},
				"down": {"uv": [8.75, 2, 8.25, 2.25], "texture": "#2"}
			}
		},
		{
			"from": [7.005, 8.005, 15.005],
			"to": [8.995, 9.495, 15.995],
			"rotation": {"angle": 0, "axis": "y", "origin": [8, 8.5, 16.125]},
			"faces": {
				"north": {"uv": [3.5, 7.75, 4, 8.125], "texture": "#2"},
				"east": {"uv": [7.25, 8.25, 7.5, 8.625], "texture": "#2"},
				"south": {"uv": [7.75, 4, 8.25, 4.375], "texture": "#2"},
				"west": {"uv": [7.5, 8.25, 7.75, 8.625], "texture": "#2"},
				"up": {"uv": [8.75, 2.5, 8.25, 2.25], "texture": "#2"},
				"down": {"uv": [3, 8.25, 2.5, 8.5], "texture": "#2"}
			}
		},
		{
			"from": [7.375, 9.9, 10.25],
			"to": [8.625, 10.9, 15.25],
			"rotation": {"angle": 0, "axis": "y", "origin": [6.875, 0, 0]},
			"faces": {
				"north": {"uv": [8.25, 7.5, 8.625, 7.75], "texture": "#2"},
				"east": {"uv": [6.75, 6, 8, 6.25], "texture": "#2"},
				"south": {"uv": [7.75, 8.25, 8.125, 8.5], "texture": "#2"},
				"west": {"uv": [6.75, 6.25, 8, 6.5], "texture": "#2"},
				"up": {"uv": [2.375, 6.25, 2, 5], "texture": "#2"},
				"down": {"uv": [5.375, 2, 5, 3.25], "texture": "#2"}
			}
		},
		{
			"from": [7.25, 6.5, 12.15],
			"to": [8.75, 9, 15.15],
			"rotation": {"angle": 0, "axis": "y", "origin": [7, 0, 0]},
			"faces": {
				"north": {"uv": [7.75, 1, 8.125, 1.625], "texture": "#2"},
				"east": {"uv": [3.75, 1, 4.5, 1.625], "texture": "#2"},
				"south": {"uv": [7.75, 1.75, 8.125, 2.375], "texture": "#2"},
				"west": {"uv": [5, 3.25, 5.75, 3.875], "texture": "#2"},
				"up": {"uv": [7.625, 1.5, 7.25, 0.75], "texture": "#2"},
				"down": {"uv": [2.375, 7.25, 2, 8], "texture": "#2"}
			}
		},
		{
			"from": [7.255, 3.39155, 13.21285],
			"to": [8.745, 4.88155, 16.20285],
			"rotation": {"angle": 22.5, "axis": "x", "origin": [8, 8.35236, 19.73461]},
			"faces": {
				"north": {"uv": [8, 7.75, 8.375, 8.125], "texture": "#2"},
				"east": {"uv": [2.5, 7.25, 3.25, 7.625], "texture": "#2"},
				"south": {"uv": [0, 8.25, 0.375, 8.625], "texture": "#2"},
				"west": {"uv": [3.25, 7.25, 4, 7.625], "texture": "#2"},
				"up": {"uv": [5.375, 8, 5, 7.25], "texture": "#2"},
				"down": {"uv": [6.375, 7.25, 6, 8], "texture": "#2"}
			}
		},
		{
			"from": [7.25, 9.25, 21.5],
			"to": [8.75, 10.25, 31.5],
			"rotation": {"angle": 0, "axis": "y", "origin": [7, 0, 0]},
			"faces": {
				"north": {"uv": [8.25, 8.25, 8.625, 8.5], "texture": "#2"},
				"east": {"uv": [2.25, 0.5, 4.75, 0.75], "texture": "#2"},
				"south": {"uv": [0.5, 8.5, 0.875, 8.75], "texture": "#2"},
				"west": {"uv": [2.25, 0.75, 4.75, 1], "texture": "#2"},
				"up": {"uv": [3.875, 5, 3.5, 2.5], "texture": "#2"},
				"down": {"uv": [4.375, 2.5, 4, 5], "texture": "#2"}
			}
		},
		{
			"from": [6.755, 5.05961, 20.02487],
			"to": [9.245, 8.04961, 22.01487],
			"rotation": {"angle": -22.5, "axis": "x", "origin": [8, 8.35236, 19.73461]},
			"faces": {
				"north": {"uv": [3.5, 5, 4.125, 5.75], "texture": "#2"},
				"east": {"uv": [2.5, 6, 3, 6.75], "texture": "#2"},
				"south": {"uv": [5, 4, 5.625, 4.75], "texture": "#2"},
				"west": {"uv": [6, 5.25, 6.5, 6], "texture": "#2"},
				"up": {"uv": [7.625, 3, 7, 2.5], "texture": "#2"},
				"down": {"uv": [7.625, 3, 7, 3.5], "texture": "#2"}
			}
		},
		{
			"from": [7.25, 6.5, 22.5],
			"to": [8.75, 7, 27.5],
			"rotation": {"angle": 0, "axis": "y", "origin": [8, 9.75, 26.5]},
			"faces": {
				"north": {"uv": [2.25, 8.75, 2.625, 8.875], "texture": "#2"},
				"east": {"uv": [7.75, 5.75, 9, 5.875], "texture": "#2"},
				"south": {"uv": [8.75, 2.25, 9.125, 2.375], "texture": "#2"},
				"west": {"uv": [8, 6, 9.25, 6.125], "texture": "#2"},
				"up": {"uv": [4.625, 6.5, 4.25, 5.25], "texture": "#2"},
				"down": {"uv": [1.375, 5.5, 1, 6.75], "texture": "#2"}
			}
		},
		{
			"from": [7.255, 9.57963, 27.43143],
			"to": [8.745, 10.06963, 30.92143],
			"rotation": {"angle": 22.5, "axis": "x", "origin": [8, 8.35236, 19.73461]},
			"faces": {
				"north": {"uv": [8.75, 2.5, 9.125, 2.625], "texture": "#2"},
				"east": {"uv": [8.25, 4.25, 9.125, 4.375], "texture": "#2"},
				"south": {"uv": [2.75, 8.75, 3.125, 8.875], "texture": "#2"},
				"west": {"uv": [5.25, 8.25, 6.125, 8.375], "texture": "#2"},
				"up": {"uv": [0.375, 7.625, 0, 6.75], "texture": "#2"},
				"down": {"uv": [1.375, 6.75, 1, 7.625], "texture": "#2"}
			}
		},
		{
			"from": [7, 7, 31],
			"to": [9, 10.5, 31.75],
			"rotation": {"angle": 0, "axis": "y", "origin": [8, 10.25, 28.75]},
			"faces": {
				"north": {"uv": [5.25, 5.5, 5.75, 6.375], "texture": "#2"},
				"east": {"uv": [5.5, 6.5, 5.75, 7.375], "texture": "#2"},
				"south": {"uv": [5.75, 2.5, 6.25, 3.375], "texture": "#2"},
				"west": {"uv": [4.75, 7.5, 5, 8.375], "texture": "#2"},
				"up": {"uv": [8.75, 2.75, 8.25, 2.5], "texture": "#2"},
				"down": {"uv": [8.75, 2.75, 8.25, 3], "texture": "#2"}
			}
		},
		{
			"from": [7.005, 9.20603, 30.60791],
			"to": [8.995, 11.69603, 31.34791],
			"rotation": {"angle": 22.5, "axis": "x", "origin": [8, 8.35236, 19.73461]},
			"faces": {
				"north": {"uv": [7.25, 0, 7.75, 0.625], "texture": "#2"},
				"east": {"uv": [2.25, 8, 2.5, 8.625], "texture": "#2"},
				"south": {"uv": [0.5, 7.25, 1, 7.875], "texture": "#2"},
				"west": {"uv": [4.25, 8, 4.5, 8.625], "texture": "#2"},
				"up": {"uv": [3.5, 8.5, 3, 8.25], "texture": "#2"},
				"down": {"uv": [8.75, 3, 8.25, 3.25], "texture": "#2"}
			}
		},
		{
			"from": [6.75, 7.75, 19.5],
			"to": [9.25, 9.5, 22.25],
			"rotation": {"angle": 0, "axis": "y", "origin": [8, 9.75, 26.5]},
			"faces": {
				"north": {"uv": [4.25, 7, 4.875, 7.5], "texture": "#2"},
				"east": {"uv": [6, 1.5, 6.75, 2], "texture": "#2"},
				"south": {"uv": [7, 5.25, 7.625, 5.75], "texture": "#2"},
				"west": {"uv": [6, 6, 6.75, 6.5], "texture": "#2"},
				"up": {"uv": [5.625, 5.5, 5, 4.75], "texture": "#2"},
				"down": {"uv": [3.125, 5.25, 2.5, 6], "texture": "#2"}
			}
		},
		{
			"from": [7, 9.5, 23.75],
			"to": [9, 11, 28.75],
			"rotation": {"angle": 0, "axis": "y", "origin": [7, 0, 0]},
			"faces": {
				"north": {"uv": [7, 7.75, 7.5, 8.125], "texture": "#2"},
				"east": {"uv": [5.25, 0, 6.5, 0.375], "texture": "#2"},
				"south": {"uv": [7.75, 7.25, 8.25, 7.625], "texture": "#2"},
				"west": {"uv": [5.5, 2, 6.75, 2.375], "texture": "#2"},
				"up": {"uv": [5, 2.25, 4.5, 1], "texture": "#2"},
				"down": {"uv": [5, 2.25, 4.5, 3.5], "texture": "#2"}
			}
		},
		{
			"from": [8, 5.75, 22.25],
			"to": [8, 9.75, 31.25],
			"rotation": {"angle": 0, "axis": "y", "origin": [6, 0, 0]},
			"faces": {
				"north": {"uv": [0, 0, 0, 1], "texture": "#2"},
				"east": {"uv": [0, 0, 2.25, 1], "texture": "#2"},
				"south": {"uv": [0, 0, 0, 1], "texture": "#2"},
				"west": {"uv": [0, 1, 2.25, 2], "texture": "#2"},
				"up": {"uv": [0, 2.25, 0, 0], "texture": "#2"},
				"down": {"uv": [0, 0, 0, 2.25], "texture": "#2"}
			}
		},
		{
			"from": [8, 7.25, 17],
			"to": [8, 9.25, 20],
			"rotation": {"angle": 0, "axis": "y", "origin": [5.75, 0, 0]},
			"faces": {
				"north": {"uv": [0, 0, 0, 0.5], "texture": "#2"},
				"east": {"uv": [6.25, 2.5, 7, 3], "texture": "#2"},
				"south": {"uv": [0, 0, 0, 0.5], "texture": "#2"},
				"west": {"uv": [6.25, 3, 7, 3.5], "texture": "#2"},
				"up": {"uv": [0, 0.75, 0, 0], "texture": "#2"},
				"down": {"uv": [0, 0, 0, 0.75], "texture": "#2"}
			}
		},
		{
			"from": [7, 11.9, 11],
			"to": [9, 13.9, 12.5],
			"rotation": {"angle": 0, "axis": "y", "origin": [6.75, 0, 0]},
			"faces": {
				"north": {"uv": [7.25, 7.25, 7.75, 7.75], "texture": "#2"},
				"east": {"uv": [7.5, 7.75, 7.875, 8.25], "texture": "#2"},
				"south": {"uv": [7.5, 3.5, 8, 4], "texture": "#2"},
				"west": {"uv": [0.5, 8, 0.875, 8.5], "texture": "#2"},
				"up": {"uv": [2.25, 8.375, 1.75, 8], "texture": "#2"},
				"down": {"uv": [8.5, 3.5, 8, 3.875], "texture": "#2"}
			}
		},
		{
			"from": [7.5, 12.4, 12.5],
			"to": [8.5, 13.4, 20.75],
			"rotation": {"angle": 0, "axis": "y", "origin": [6.5, 0, 0]},
			"faces": {
				"north": {"uv": [6.5, 7.25, 6.75, 7.5], "texture": "#2"},
				"east": {"uv": [5, 1, 7.125, 1.25], "texture": "#2"},
				"south": {"uv": [7, 7.5, 7.25, 7.75], "texture": "#2"},
				"west": {"uv": [5, 1.25, 7.125, 1.5], "texture": "#2"},
				"up": {"uv": [0.75, 7.125, 0.5, 5], "texture": "#2"},
				"down": {"uv": [1, 5, 0.75, 7.125], "texture": "#2"}
			}
		},
		{
			"from": [7.125, 12.05, 15.25],
			"to": [8.875, 13.8, 18],
			"rotation": {"angle": 0, "axis": "y", "origin": [6.875, 0, 0]},
			"faces": {
				"north": {"uv": [4.25, 7.5, 4.75, 8], "texture": "#2"},
				"east": {"uv": [6.5, 0, 7.25, 0.5], "texture": "#2"},
				"south": {"uv": [6.5, 7.5, 7, 8], "texture": "#2"},
				"west": {"uv": [1.5, 6.5, 2.25, 7], "texture": "#2"},
				"up": {"uv": [3.5, 7.25, 3, 6.5], "texture": "#2"},
				"down": {"uv": [4, 6.5, 3.5, 7.25], "texture": "#2"}
			}
		},
		{
			"from": [7.125, 12.05, 12.25],
			"to": [8.875, 13.8, 13.25],
			"rotation": {"angle": 0, "axis": "y", "origin": [6.875, 0, -3]},
			"faces": {
				"north": {"uv": [7.25, 4, 7.75, 4.5], "texture": "#2"},
				"east": {"uv": [3.25, 5.25, 3.5, 5.75], "texture": "#2"},
				"south": {"uv": [7.25, 6.75, 7.75, 7.25], "texture": "#2"},
				"west": {"uv": [3, 6, 3.25, 6.5], "texture": "#2"},
				"up": {"uv": [2.5, 6.5, 2, 6.25], "texture": "#2"},
				"down": {"uv": [8.75, 1, 8.25, 1.25], "texture": "#2"}
			}
		},
		{
			"from": [7.5, 11.3, 17],
			"to": [8.5, 12.3, 17.75],
			"rotation": {"angle": 0, "axis": "y", "origin": [6.5, 0, 0]},
			"faces": {
				"north": {"uv": [1.75, 7.75, 2, 8], "texture": "#2"},
				"east": {"uv": [5.25, 8, 5.5, 8.25], "texture": "#2"},
				"south": {"uv": [6.75, 8, 7, 8.25], "texture": "#2"},
				"west": {"uv": [4.75, 8.5, 5, 8.75], "texture": "#2"},
				"up": {"uv": [9, 0.25, 8.75, 0], "texture": "#2"},
				"down": {"uv": [9, 0.25, 8.75, 0.5], "texture": "#2"}
			}
		},
		{
			"from": [7.25, 11.3, 14],
			"to": [8.75, 12.8, 14.75],
			"rotation": {"angle": 45, "axis": "z", "origin": [8, 12.05, 14.375]},
			"faces": {
				"north": {"uv": [8.25, 0, 8.625, 0.375], "texture": "#2"},
				"east": {"uv": [8.5, 0.5, 8.75, 0.875], "texture": "#2"},
				"south": {"uv": [1, 8.25, 1.375, 8.625], "texture": "#2"},
				"west": {"uv": [1.75, 8.5, 2, 8.875], "texture": "#2"},
				"up": {"uv": [2.875, 8.75, 2.5, 8.5], "texture": "#2"},
				"down": {"uv": [3.375, 8.5, 3, 8.75], "texture": "#2"}
			}
		},
		{
			"from": [7.125, 12.05, 20.5],
			"to": [8.875, 13.8, 23.25],
			"rotation": {"angle": 0, "axis": "y", "origin": [6.875, 0, 0]},
			"faces": {
				"north": {"uv": [0, 7.75, 0.5, 8.25], "texture": "#2"},
				"east": {"uv": [6.5, 4, 7.25, 4.5], "texture": "#2"},
				"south": {"uv": [7.75, 0, 8.25, 0.5], "texture": "#2"},
				"west": {"uv": [4.25, 6.5, 5, 7], "texture": "#2"},
				"up": {"uv": [5.5, 7.25, 5, 6.5], "texture": "#2"},
				"down": {"uv": [7, 5.25, 6.5, 6], "texture": "#2"}
			}
		},
		{
			"from": [6.875, 11.8, 23.25],
			"to": [9.125, 14.05, 24],
			"rotation": {"angle": 0, "axis": "y", "origin": [6.875, 0, 0]},
			"faces": {
				"north": {"uv": [3.25, 5.75, 3.875, 6.375], "texture": "#2"},
				"east": {"uv": [4.5, 8, 4.75, 8.625], "texture": "#2"},
				"south": {"uv": [5.75, 4, 6.375, 4.625], "texture": "#2"},
				"west": {"uv": [5, 8, 5.25, 8.625], "texture": "#2"},
				"up": {"uv": [6.625, 8.25, 6, 8], "texture": "#2"},
				"down": {"uv": [8.625, 6.25, 8, 6.5], "texture": "#2"}
			}
		}
	],
	"display": {
		"thirdperson": {
			"rotation": [90, 0, -180],
			"translation": [0, 4.8, -1.5],
			"scale": [0.7, 0.9, 0.7]
		},
		"firstperson": {
			"rotation": [0, -55, 0],
			"translation": [-6, 5.8, -0.4],
			"scale": [0.7, 0.9, 0.7]
		},
		"ground": {
			"translation": [0, 2, 0],
			"scale": [1.5, 1.5, 1.5]
		},
		"gui": {
			"translation": [1, 0, 0],
			"rotation": [40, 225, 0],
			"scale": [0.7, 1.3, 0.7]
		}
	}
}