{
	"credit": "Made with Blockbench",
	"texture_size": [64, 64],
	"textures": {
		"1": "weapons/xm1014"
	},
	"elements": [
		{
			"from": [7, 8.5, -3],
			"to": [9, 10.5, 6],
			"rotation": {"angle": 0, "axis": "y", "origin": [7, 8.5, 0]},
			"faces": {
				"north": {"uv": [0.5, 7, 1, 7.5], "texture": "#1"},
				"east": {"uv": [2.25, 0.25, 4.5, 0.75], "texture": "#1"},
				"south": {"uv": [7, 0.75, 7.5, 1.25], "texture": "#1"},
				"west": {"uv": [2.25, 0.75, 4.5, 1.25], "texture": "#1"},
				"up": {"uv": [3, 4.5, 2.5, 2.25], "texture": "#1"},
				"down": {"uv": [3.5, 2.25, 3, 4.5], "texture": "#1"}
			}
		},
		{
			"from": [7.5, 10, -14],
			"to": [8.5, 11, 6],
			"rotation": {"angle": 0, "axis": "y", "origin": [6.5, 10, 0]},
			"faces": {
				"north": {"uv": [6.25, 1.25, 6.5, 1.5], "texture": "#1"},
				"east": {"uv": [1.5, 1.5, 6.5, 1.75], "texture": "#1"},
				"south": {"uv": [6.5, 1.75, 6.75, 2], "texture": "#1"},
				"west": {"uv": [1.5, 1.75, 6.5, 2], "texture": "#1"},
				"up": {"uv": [1.75, 7, 1.5, 2], "texture": "#1"},
				"down": {"uv": [2, 2, 1.75, 7], "texture": "#1"}
			}
		},
		{
			"from": [7.5, 8.65, -12.75],
			"to": [8.5, 9.65, 6],
			"rotation": {"angle": 0, "axis": "y", "origin": [6.5, 8.65, 0]},
			"faces": {
				"north": {"uv": [6.5, 3.25, 6.75, 3.5], "texture": "#1"},
				"east": {"uv": [2, 2, 6.75, 2.25], "texture": "#1"},
				"south": {"uv": [6.75, 4.75, 7, 5], "texture": "#1"},
				"west": {"uv": [2.25, 0, 7, 0.25], "texture": "#1"},
				"up": {"uv": [2.25, 7, 2, 2.25], "texture": "#1"},
				"down": {"uv": [2.5, 2.25, 2.25, 7], "texture": "#1"}
			}
		},
		{
			"from": [7.25, 8.4, -14.25],
			"to": [8.75, 9.9, -12.75],
			"rotation": {"angle": 0, "axis": "y", "origin": [6.75, 8.65, 0]},
			"faces": {
				"north": {"uv": [7.75, 2.75, 8.125, 3.125], "texture": "#1"},
				"east": {"uv": [3, 7.75, 3.375, 8.125], "texture": "#1"},
				"south": {"uv": [7.75, 3.25, 8.125, 3.625], "texture": "#1"},
				"west": {"uv": [3.5, 7.75, 3.875, 8.125], "texture": "#1"},
				"up": {"uv": [8.125, 4.125, 7.75, 3.75], "texture": "#1"},
				"down": {"uv": [4.375, 7.75, 4, 8.125], "texture": "#1"}
			}
		},
		{
			"from": [7.25, 8.4, -9.25],
			"to": [8.75, 9.9, -5.75],
			"rotation": {"angle": 0, "axis": "y", "origin": [7, 8.65, 5]},
			"faces": {
				"north": {"uv": [7.75, 4.25, 8.125, 4.625], "texture": "#1"},
				"east": {"uv": [0, 6.5, 0.875, 6.875], "texture": "#1"},
				"south": {"uv": [4.5, 7.75, 4.875, 8.125], "texture": "#1"},
				"west": {"uv": [6.5, 0.25, 7.375, 0.625], "texture": "#1"},
				"up": {"uv": [5.125, 7.125, 4.75, 6.25], "texture": "#1"},
				"down": {"uv": [6.875, 0.75, 6.5, 1.625], "texture": "#1"}
			}
		},
		{
			"from": [7.125, 8.15, -12.65],
			"to": [8.875, 11.15, -11.9],
			"rotation": {"angle": 0, "axis": "y", "origin": [6.875, 8.65, 1.6]},
			"faces": {
				"north": {"uv": [0.75, 5.75, 1.25, 6.5], "texture": "#1"},
				"east": {"uv": [1.25, 7.25, 1.5, 8], "texture": "#1"},
				"south": {"uv": [3.5, 6.25, 4, 7], "texture": "#1"},
				"west": {"uv": [5.25, 7.25, 5.5, 8], "texture": "#1"},
				"up": {"uv": [8.25, 6.75, 7.75, 6.5], "texture": "#1"},
				"down": {"uv": [7.5, 7.75, 7, 8], "texture": "#1"}
			}
		},
		{
			"from": [7.25, 10.05, -13.15],
			"to": [8.75, 11.8, -11.4],
			"rotation": {"angle": 45, "axis": "x", "origin": [7.5, 10.925, -12.275]},
			"faces": {
				"north": {"uv": [7.5, 0.25, 7.875, 0.75], "texture": "#1"},
				"east": {"uv": [7, 1.25, 7.5, 1.75], "texture": "#1"},
				"south": {"uv": [0.5, 7.5, 0.875, 8], "texture": "#1"},
				"west": {"uv": [1.5, 7, 2, 7.5], "texture": "#1"},
				"up": {"uv": [7.875, 1.25, 7.5, 0.75], "texture": "#1"},
				"down": {"uv": [7.875, 1.25, 7.5, 1.75], "texture": "#1"}
			}
		},
		{
			"from": [7.25, 8.4, -3.75],
			"to": [8.75, 9.9, -3],
			"rotation": {"angle": 0, "axis": "y", "origin": [7, 8.65, 10.5]},
			"faces": {
				"north": {"uv": [7.75, 4.75, 8.125, 5.125], "texture": "#1"},
				"east": {"uv": [6.5, 7.75, 6.75, 8.125], "texture": "#1"},
				"south": {"uv": [7.75, 5.25, 8.125, 5.625], "texture": "#1"},
				"west": {"uv": [0, 8, 0.25, 8.375], "texture": "#1"},
				"up": {"uv": [0.625, 8.25, 0.25, 8], "texture": "#1"},
				"down": {"uv": [8.375, 0.25, 8, 0.5], "texture": "#1"}
			}
		},
		{
			"from": [6.75, 8.75, 6],
			"to": [9.25, 11.25, 14.75],
			"rotation": {"angle": 0, "axis": "y", "origin": [7.5, 8.75, 6.75]},
			"faces": {
				"north": {"uv": [5.5, 5.25, 6.125, 5.875], "texture": "#1"},
				"east": {"uv": [0, 0, 2.25, 0.625], "texture": "#1"},
				"south": {"uv": [0, 5.75, 0.625, 6.375], "texture": "#1"},
				"west": {"uv": [0, 0.75, 2.25, 1.375], "texture": "#1"},
				"up": {"uv": [0.625, 3.75, 0, 1.5], "texture": "#1"},
				"down": {"uv": [1.375, 1.5, 0.75, 3.75], "texture": "#1"}
			}
		},
		{
			"from": [6.75, 8.75, 14.75],
			"to": [9.25, 11.25, 17.25],
			"rotation": {"angle": 0, "axis": "y", "origin": [7.5, 8.75, 9.5]},
			"faces": {
				"north": {"uv": [5.75, 2.75, 6.375, 3.375], "texture": "#1"},
				"east": {"uv": [4, 5.75, 4.625, 6.375], "texture": "#1"},
				"west": {"uv": [6, 3.5, 6.625, 4.125], "texture": "#1"},
				"up": {"uv": [6.625, 4.875, 6, 4.25], "texture": "#1"},
				"down": {"uv": [6.125, 6, 5.5, 6.625], "texture": "#1"}
			}
		},
		{
			"from": [6.755, 9.50893, 14.37258],
			"to": [9.245, 10.49893, 16.86258],
			"rotation": {"angle": 22.5, "axis": "x", "origin": [8, 9.91568, 16.43418]},
			"faces": {
				"north": {"uv": [7.25, 6.75, 7.875, 7], "texture": "#1"},
				"east": {"uv": [7.5, 5.75, 8.125, 6], "texture": "#1"},
				"south": {"uv": [7.5, 6, 8.125, 6.25], "texture": "#1"},
				"west": {"uv": [7, 7.5, 7.625, 7.75], "texture": "#1"},
				"up": {"uv": [6.875, 5.625, 6.25, 5], "texture": "#1"},
				"down": {"uv": [6.875, 5.75, 6.25, 6.375], "texture": "#1"}
			}
		},
		{
			"from": [6.757, 8.53353, 16.74881],
			"to": [9.243, 10.01817, 17.14959],
			"rotation": {"angle": -22.5, "axis": "x", "origin": [8, 9.91568, 16.43418]},
			"faces": {
				"north": {"uv": [7, 2.25, 7.625, 2.625], "texture": "#1"},
				"east": {"uv": [8, 7.75, 8.125, 8.125], "texture": "#1"},
				"south": {"uv": [7, 2.75, 7.625, 3.125], "texture": "#1"},
				"west": {"uv": [0.25, 8.25, 0.375, 8.625], "texture": "#1"},
				"up": {"uv": [1.875, 8.125, 1.25, 8], "texture": "#1"},
				"down": {"uv": [8.625, 1.5, 8, 1.625], "texture": "#1"}
			}
		},
		{
			"from": [7, 11.15, 6.1],
			"to": [9, 11.65, 12.1],
			"rotation": {"angle": 0, "axis": "y", "origin": [7, 11.15, 8.1]},
			"faces": {
				"north": {"uv": [2.5, 8, 3, 8.125], "texture": "#1"},
				"east": {"uv": [4.75, 1.25, 6.25, 1.375], "texture": "#1"},
				"south": {"uv": [6, 8, 6.5, 8.125], "texture": "#1"},
				"west": {"uv": [7, 0, 8.5, 0.125], "texture": "#1"},
				"up": {"uv": [4, 5.25, 3.5, 3.75], "texture": "#1"},
				"down": {"uv": [4.5, 2.25, 4, 3.75], "texture": "#1"}
			}
		},
		{
			"from": [7.25, 11.15, 12.35],
			"to": [8.75, 11.65, 14.85],
			"rotation": {"angle": 0, "axis": "y", "origin": [7, 11.15, 14.35]},
			"faces": {
				"north": {"uv": [1, 8.25, 1.375, 8.375], "texture": "#1"},
				"east": {"uv": [5.25, 8, 5.875, 8.125], "texture": "#1"},
				"south": {"uv": [8.25, 1, 8.625, 1.125], "texture": "#1"},
				"west": {"uv": [6.75, 8, 7.375, 8.125], "texture": "#1"},
				"up": {"uv": [2.375, 7.625, 2, 7], "texture": "#1"},
				"down": {"uv": [3.875, 7, 3.5, 7.625], "texture": "#1"}
			}
		},
		{
			"from": [7, 10.65, 13.35],
			"to": [9, 12.15, 14.85],
			"rotation": {"angle": 45, "axis": "x", "origin": [8, 11.4, 14.1]},
			"faces": {
				"north": {"uv": [7, 5.75, 7.5, 6.125], "texture": "#1"},
				"east": {"uv": [1.5, 7.5, 1.875, 7.875], "texture": "#1"},
				"south": {"uv": [7, 7, 7.5, 7.375], "texture": "#1"},
				"west": {"uv": [2.5, 7.5, 2.875, 7.875], "texture": "#1"},
				"up": {"uv": [7.75, 2.125, 7.25, 1.75], "texture": "#1"},
				"down": {"uv": [3.5, 7.25, 3, 7.625], "texture": "#1"}
			}
		},
		{
			"from": [6.995, 6.97597, 14.59067],
			"to": [9.005, 8.48597, 16.60067],
			"rotation": {"angle": 22.5, "axis": "x", "origin": [8, 7.73097, 15.59567]},
			"faces": {
				"north": {"uv": [7.25, 3.25, 7.75, 3.625], "texture": "#1"},
				"east": {"uv": [7.25, 3.75, 7.75, 4.125], "texture": "#1"},
				"south": {"uv": [4, 7.25, 4.5, 7.625], "texture": "#1"},
				"west": {"uv": [7.25, 4.25, 7.75, 4.625], "texture": "#1"},
				"up": {"uv": [7.25, 7, 6.75, 6.5], "texture": "#1"},
				"down": {"uv": [0.5, 7, 0, 7.5], "texture": "#1"}
			}
		},
		{
			"from": [7.005, 4.17548, 15.53637],
			"to": [8.995, 7.91548, 17.77637],
			"rotation": {"angle": -22.5, "axis": "x", "origin": [8, 6.04548, 16.65637]},
			"faces": {
				"north": {"uv": [3.5, 5.25, 4, 6.25], "texture": "#1"},
				"east": {"uv": [4.5, 2.25, 5.125, 3.25], "texture": "#1"},
				"south": {"uv": [4.75, 5.25, 5.25, 6.25], "texture": "#1"},
				"west": {"uv": [4, 4.75, 4.625, 5.75], "texture": "#1"},
				"up": {"uv": [3.5, 7.125, 3, 6.5], "texture": "#1"}
			}
		},
		{
			"from": [7, 3.99373, 15.91327],
			"to": [9, 5.24373, 18.41327],
			"rotation": {"angle": 0, "axis": "y", "origin": [8, 4.24373, 16.91327]},
			"faces": {
				"north": {"uv": [4.75, 7.25, 5.25, 7.625], "texture": "#1"},
				"east": {"uv": [7, 4.75, 7.625, 5.125], "texture": "#1"},
				"south": {"uv": [6.25, 7.25, 6.75, 7.625], "texture": "#1"},
				"west": {"uv": [7, 5.25, 7.625, 5.625], "texture": "#1"},
				"up": {"uv": [4.5, 7.125, 4, 6.5], "texture": "#1"},
				"down": {"uv": [6.75, 6.5, 6.25, 7.125], "texture": "#1"}
			}
		},
		{
			"from": [7, 8.30656, 14.9588],
			"to": [9, 8.80656, 17.4588],
			"rotation": {"angle": 0, "axis": "y", "origin": [8, 7.80656, 15.9588]},
			"faces": {
				"north": {"uv": [8, 7.25, 8.5, 7.375], "texture": "#1"},
				"east": {"uv": [8, 6.75, 8.625, 6.875], "texture": "#1"},
				"south": {"uv": [7.5, 8, 8, 8.125], "texture": "#1"},
				"west": {"uv": [8, 7, 8.625, 7.125], "texture": "#1"},
				"up": {"uv": [7.25, 3.875, 6.75, 3.25], "texture": "#1"},
				"down": {"uv": [7.25, 4, 6.75, 4.625], "texture": "#1"}
			}
		},
		{
			"from": [7.375, 7.4959, 16.91591],
			"to": [8.625, 7.9959, 18.41591],
			"rotation": {"angle": 45, "axis": "x", "origin": [7.375, 7.7459, 18.16591]},
			"faces": {
				"north": {"uv": [8.25, 1.25, 8.625, 1.375], "texture": "#1"},
				"east": {"uv": [1.5, 8.25, 1.875, 8.375], "texture": "#1"},
				"south": {"uv": [8.25, 1.75, 8.625, 1.875], "texture": "#1"},
				"west": {"uv": [2, 8.25, 2.375, 8.375], "texture": "#1"},
				"up": {"uv": [7.875, 7.375, 7.5, 7], "texture": "#1"},
				"down": {"uv": [8.125, 1.75, 7.75, 2.125], "texture": "#1"}
			}
		},
		{
			"from": [7.008, 7.5039, 15.92391],
			"to": [8.992, 8.4879, 17.40791],
			"rotation": {"angle": 22.5, "axis": "x", "origin": [8, 7.7459, 17.16591]},
			"faces": {
				"north": {"uv": [6, 7.75, 6.5, 8], "texture": "#1"},
				"east": {"uv": [7.5, 7.75, 7.875, 8], "texture": "#1"},
				"south": {"uv": [7.75, 6.25, 8.25, 6.5], "texture": "#1"},
				"west": {"uv": [7.75, 7.5, 8.125, 7.75], "texture": "#1"},
				"up": {"uv": [7.75, 6.625, 7.25, 6.25], "texture": "#1"},
				"down": {"uv": [0.5, 7.5, 0, 7.875], "texture": "#1"}
			}
		},
		{
			"from": [8, 6.75, 10.75],
			"to": [8, 8.75, 15.75],
			"rotation": {"angle": 0, "axis": "y", "origin": [7, 6.75, 10.75]},
			"faces": {
				"north": {"uv": [0, 0, 0, 0.5], "texture": "#1"},
				"east": {"uv": [4.5, 3.25, 5.75, 3.75], "texture": "#1"},
				"south": {"uv": [0, 0, 0, 0.5], "texture": "#1"},
				"west": {"uv": [4.75, 4.75, 6, 5.25], "texture": "#1"},
				"up": {"uv": [0, 1.25, 0, 0], "texture": "#1"},
				"down": {"uv": [0, 0, 0, 1.25], "texture": "#1"}
			}
		},
		{
			"from": [7, 3.75, 28.25],
			"to": [9, 9.75, 30.25],
			"rotation": {"angle": 0, "axis": "y", "origin": [7, 3.75, 28.25]},
			"faces": {
				"north": {"uv": [3.5, 2.25, 4, 3.75], "texture": "#1"},
				"east": {"uv": [0, 3.75, 0.5, 5.25], "texture": "#1"},
				"south": {"uv": [0.5, 3.75, 1, 5.25], "texture": "#1"},
				"west": {"uv": [1, 3.75, 1.5, 5.25], "texture": "#1"},
				"up": {"uv": [5.75, 3.25, 5.25, 2.75], "texture": "#1"},
				"down": {"uv": [7.25, 1.75, 6.75, 2.25], "texture": "#1"}
			}
		},
		{
			"from": [7.25, 5.5, 20.5],
			"to": [8.75, 7, 28.5],
			"rotation": {"angle": 22.5, "axis": "x", "origin": [7, 5.5, 26.5]},
			"faces": {
				"north": {"uv": [2, 7.75, 2.375, 8.125], "texture": "#1"},
				"east": {"uv": [4, 3.75, 6, 4.125], "texture": "#1"},
				"south": {"uv": [7.75, 2.25, 8.125, 2.625], "texture": "#1"},
				"west": {"uv": [4, 4.25, 6, 4.625], "texture": "#1"},
				"up": {"uv": [2.875, 6.5, 2.5, 4.5], "texture": "#1"},
				"down": {"uv": [3.375, 4.5, 3, 6.5], "texture": "#1"}
			}
		},
		{
			"from": [7.5, 7.93192, 16.53075],
			"to": [8.5, 8.93192, 21.53075],
			"rotation": {"angle": 0, "axis": "y", "origin": [7.25, 7.68192, 19.53075]},
			"faces": {
				"north": {"uv": [5.75, 3.5, 6, 3.75], "texture": "#1"},
				"east": {"uv": [2.25, 1.25, 3.5, 1.5], "texture": "#1"},
				"south": {"uv": [6, 5, 6.25, 5.25], "texture": "#1"},
				"west": {"uv": [3.5, 1.25, 4.75, 1.5], "texture": "#1"},
				"up": {"uv": [1.25, 7.75, 1, 6.5], "texture": "#1"},
				"down": {"uv": [4.75, 6.5, 4.5, 7.75], "texture": "#1"}
			}
		},
		{
			"from": [7.375, 5.75, 27.25],
			"to": [8.625, 9.25, 28.25],
			"rotation": {"angle": 0, "axis": "y", "origin": [7.625, 5.75, 26.5]},
			"faces": {
				"north": {"uv": [6.5, 2.25, 6.875, 3.125], "texture": "#1"},
				"east": {"uv": [6, 6.75, 6.25, 7.625], "texture": "#1"},
				"south": {"uv": [2.5, 6.5, 2.875, 7.375], "texture": "#1"},
				"west": {"uv": [6.75, 7, 7, 7.875], "texture": "#1"},
				"up": {"uv": [8.375, 0.75, 8, 0.5], "texture": "#1"},
				"down": {"uv": [8.375, 0.75, 8, 1], "texture": "#1"}
			}
		},
		{
			"from": [7.5, 8.5, 19.75],
			"to": [8.5, 9.75, 27.75],
			"rotation": {"angle": 22.5, "axis": "x", "origin": [8.5, 9.5, 22.75]},
			"faces": {
				"north": {"uv": [0.75, 8, 1, 8.375], "texture": "#1"},
				"east": {"uv": [4.5, 0.25, 6.5, 0.625], "texture": "#1"},
				"south": {"uv": [8, 1, 8.25, 1.375], "texture": "#1"},
				"west": {"uv": [4.5, 0.75, 6.5, 1.125], "texture": "#1"},
				"up": {"uv": [1.5, 7.25, 1.25, 5.25], "texture": "#1"},
				"down": {"uv": [5.5, 5.25, 5.25, 7.25], "texture": "#1"}
			}
		},
		{
			"from": [7.505, 7.82255, 22.47007],
			"to": [8.495, 9.81255, 27.46007],
			"rotation": {"angle": 0, "axis": "y", "origin": [8, 8.81755, 24.96507]},
			"faces": {
				"north": {"uv": [1, 7.75, 1.25, 8.25], "texture": "#1"},
				"east": {"uv": [0, 5.25, 1.25, 5.75], "texture": "#1"},
				"south": {"uv": [5, 7.75, 5.25, 8.25], "texture": "#1"},
				"west": {"uv": [5.25, 2.25, 6.5, 2.75], "texture": "#1"},
				"up": {"uv": [5.75, 8, 5.5, 6.75], "texture": "#1"},
				"down": {"uv": [6, 6.75, 5.75, 8], "texture": "#1"}
			}
		}
	],
	"display": {
		"thirdperson": {
			"rotation": [95, 0, -180],
			"translation": [0, 3.2, -1.2],
			"scale": [0.6, 0.85, 0.6]
		},
		"firstperson": {
			"rotation": [0, -50, 0],
			"translation": [-6, 5.2, 0],
			"scale": [0.9, 1.2, 0.8]
		},
		"ground": {
			"translation": [0, 2, 0],
			"scale": [1.5, 1.5, 1.5]
		},
		"gui": {
			"translation": [0, 1, 0],
			"rotation": [40, 225, 0],
			"scale": [0.75, 1.3, 0.75]
		}
	},
	"groups": [
		0,
		1,
		2,
		3,
		4,
		5,
		6,
		7,
		{
			"name": "group",
			"origin": [7.5, 14.95232, 14.58867],
			"color": 0,
			"children": [8, 9, 10, 11]
		},
		{
			"name": "group",
			"origin": [8, 11.4, 14.1],
			"color": 0,
			"children": [12, 13, 14]
		},
		{
			"name": "group",
			"origin": [8, 7.7459, 17.16591],
			"color": 0,
			"children": [15, 16, 17, 18, 19, 20]
		},
		21,
		{
			"name": "group",
			"origin": [7, 7.68192, 19.53075],
			"color": 0,
			"children": [22, 23, 24]
		},
		25,
		26,
		27
	]
}