{
	"credit": "Made with Blockbench",
	"texture_size": [64, 64],
	"textures": {
		"0": "weapons/famas_acog",
		"particle": "weapons/famas_acog"
	},
	"elements": [
		{
			"from": [7.5, 8, -12.75],
			"to": [8.5, 9, -9.75],
			"rotation": {"angle": 0, "axis": "y", "origin": [6.5, 7, -12.75]},
			"faces": {
				"north": {"uv": [10.5, 1.5, 10.75, 1.75], "texture": "#0"},
				"east": {"uv": [10, 2.75, 10.75, 3], "texture": "#0"},
				"south": {"uv": [2.75, 11.25, 3, 11.5], "texture": "#0"},
				"west": {"uv": [10, 10, 10.75, 10.25], "texture": "#0"},
				"up": {"uv": [0.25, 11, 0, 10.25], "texture": "#0"},
				"down": {"uv": [10.5, 0, 10.25, 0.75], "texture": "#0"}
			}
		},
		{
			"from": [7.25, 7.75, -5.75],
			"to": [8.75, 9.25, -3.75],
			"rotation": {"angle": 0, "axis": "y", "origin": [6.75, 7, -5.75]},
			"faces": {
				"north": {"uv": [0.75, 10.75, 1.125, 11.125], "texture": "#0"},
				"east": {"uv": [0.25, 10.25, 0.75, 10.625], "texture": "#0"},
				"south": {"uv": [1.25, 10.75, 1.625, 11.125], "texture": "#0"},
				"west": {"uv": [0.75, 10.25, 1.25, 10.625], "texture": "#0"},
				"up": {"uv": [1.625, 10.75, 1.25, 10.25], "texture": "#0"},
				"down": {"uv": [2.125, 10.25, 1.75, 10.75], "texture": "#0"}
			}
		},
		{
			"from": [7.625, 8.125, -9.75],
			"to": [8.375, 8.875, -5.75],
			"rotation": {"angle": 0, "axis": "y", "origin": [6.375, 7.125, -9.75]},
			"faces": {
				"north": {"uv": [11.25, 2.75, 11.5, 3], "texture": "#0"},
				"east": {"uv": [5.25, 2.25, 6.25, 2.5], "texture": "#0"},
				"south": {"uv": [3, 11.25, 3.25, 11.5], "texture": "#0"},
				"west": {"uv": [6.25, 2.75, 7.25, 3], "texture": "#0"},
				"up": {"uv": [1.5, 5.75, 1.25, 4.75], "texture": "#0"},
				"down": {"uv": [5.5, 3.75, 5.25, 4.75], "texture": "#0"}
			}
		},
		{
			"from": [7.005, 7.90145, -4.68434],
			"to": [8.995, 8.89145, -2.69434],
			"rotation": {"angle": 45, "axis": "x", "origin": [8, 8.39645, -3.68934]},
			"faces": {
				"north": {"uv": [5.5, 7.5, 6, 7.75], "texture": "#0"},
				"east": {"uv": [8.75, 4.25, 9.25, 4.5], "texture": "#0"},
				"south": {"uv": [10.5, 0.5, 11, 0.75], "texture": "#0"},
				"west": {"uv": [10.5, 3, 11, 3.25], "texture": "#0"},
				"up": {"uv": [1.75, 9.25, 1.25, 8.75], "texture": "#0"},
				"down": {"uv": [9.25, 3.75, 8.75, 4.25], "texture": "#0"}
			}
		},
		{
			"from": [7, 8, -3.5],
			"to": [9, 10, 11],
			"rotation": {"angle": 0, "axis": "y", "origin": [7.25, 8, 0]},
			"faces": {
				"north": {"uv": [8.75, 5, 9.25, 5.5], "texture": "#0"},
				"east": {"uv": [1.5, 1.5, 5.125, 2], "texture": "#0"},
				"south": {"uv": [8.75, 5.5, 9.25, 6], "texture": "#0"},
				"west": {"uv": [1.5, 2, 5.125, 2.5], "texture": "#0"},
				"up": {"uv": [2, 6.125, 1.5, 2.5], "texture": "#0"},
				"down": {"uv": [2.5, 2.5, 2, 6.125], "texture": "#0"}
			}
		},
		{
			"from": [7, 8.75, -4.75],
			"to": [9, 10, -3.5],
			"rotation": {"angle": 0, "axis": "y", "origin": [7.25, 8, -1.25]},
			"faces": {
				"north": {"uv": [9.75, 0, 10.25, 0.375], "texture": "#0"},
				"east": {"uv": [10, 10.25, 10.375, 10.625], "texture": "#0"},
				"south": {"uv": [1, 9.75, 1.5, 10.125], "texture": "#0"},
				"west": {"uv": [10.5, 0, 10.875, 0.375], "texture": "#0"},
				"up": {"uv": [2, 10.125, 1.5, 9.75], "texture": "#0"},
				"down": {"uv": [3.5, 9.75, 3, 10.125], "texture": "#0"}
			}
		},
		{
			"from": [6.75, 6.5, -4.25],
			"to": [9.25, 8, 8],
			"rotation": {"angle": 0, "axis": "y", "origin": [7, 6, -0.25]},
			"faces": {
				"north": {"uv": [9.5, 0.5, 10.125, 0.875], "texture": "#0"},
				"east": {"uv": [3.25, 0.75, 6.375, 1.125], "texture": "#0"},
				"south": {"uv": [9.5, 4.5, 10.125, 4.875], "texture": "#0"},
				"west": {"uv": [2.5, 3.25, 5.625, 3.625], "texture": "#0"},
				"up": {"uv": [0.625, 4.625, 0, 1.5], "texture": "#0"},
				"down": {"uv": [1.375, 1.5, 0.75, 4.625], "texture": "#0"}
			}
		},
		{
			"from": [6.875, 6.75, 7.5],
			"to": [9.125, 8.25, 9.5],
			"rotation": {"angle": 0, "axis": "y", "origin": [6.375, 6.75, 7.5]},
			"faces": {
				"north": {"uv": [9.25, 1, 9.875, 1.375], "texture": "#0"},
				"east": {"uv": [9.75, 3.25, 10.25, 3.625], "texture": "#0"},
				"south": {"uv": [1.25, 9.25, 1.875, 9.625], "texture": "#0"},
				"west": {"uv": [5.25, 9.75, 5.75, 10.125], "texture": "#0"},
				"up": {"uv": [9.125, 1.5, 8.5, 1], "texture": "#0"},
				"down": {"uv": [3.125, 8.5, 2.5, 9], "texture": "#0"}
			}
		},
		{
			"from": [6.875, 7.5, 9.5],
			"to": [9.125, 8.5, 12],
			"rotation": {"angle": 0, "axis": "y", "origin": [6.375, 7, 10]},
			"faces": {
				"north": {"uv": [10.25, 0.75, 10.875, 1], "texture": "#0"},
				"east": {"uv": [10.25, 3.25, 10.875, 3.5], "texture": "#0"},
				"south": {"uv": [10.25, 3.5, 10.875, 3.75], "texture": "#0"},
				"west": {"uv": [10.25, 4.5, 10.875, 4.75], "texture": "#0"},
				"up": {"uv": [8.125, 5.875, 7.5, 5.25], "texture": "#0"},
				"down": {"uv": [8.125, 7, 7.5, 7.625], "texture": "#0"}
			}
		},
		{
			"from": [6.88, 7.19529, 9.21851],
			"to": [9.12, 8.18529, 11.70851],
			"rotation": {"angle": -22.5, "axis": "x", "origin": [8, 7.69029, 10.46351]},
			"faces": {
				"north": {"uv": [4.75, 10.25, 5.375, 10.5], "texture": "#0"},
				"east": {"uv": [10.25, 4.75, 10.875, 5], "texture": "#0"},
				"south": {"uv": [5.5, 10.25, 6.125, 10.5], "texture": "#0"},
				"west": {"uv": [10.25, 6, 10.875, 6.25], "texture": "#0"},
				"up": {"uv": [8.375, 1.625, 7.75, 1], "texture": "#0"},
				"down": {"uv": [8.375, 2.25, 7.75, 2.875], "texture": "#0"}
			}
		},
		{
			"from": [7.25, 10, -4.7],
			"to": [8.75, 12.5, -2.7],
			"rotation": {"angle": 0, "axis": "y", "origin": [7, 10, -4.7]},
			"faces": {
				"north": {"uv": [9.25, 3.25, 9.625, 3.875], "texture": "#0"},
				"east": {"uv": [4, 8.5, 4.5, 9.125], "texture": "#0"},
				"south": {"uv": [3.5, 9.25, 3.875, 9.875], "texture": "#0"},
				"west": {"uv": [5.5, 8.5, 6, 9.125], "texture": "#0"},
				"up": {"uv": [6.125, 10.25, 5.75, 9.75], "texture": "#0"},
				"down": {"uv": [10.125, 6, 9.75, 6.5], "texture": "#0"}
			}
		},
		{
			"from": [7.255, 11.43178, -4.10401],
			"to": [8.745, 12.48244, -3.36401],
			"rotation": {"angle": 45, "axis": "x", "origin": [8, 12.67678, -3.10901]},
			"faces": {
				"north": {"uv": [11, 3.5, 11.375, 3.75], "texture": "#0"},
				"east": {"uv": [11.25, 7, 11.375, 7.25], "texture": "#0"},
				"south": {"uv": [3.75, 11, 4.125, 11.25], "texture": "#0"},
				"west": {"uv": [7.5, 11.25, 7.625, 11.5], "texture": "#0"},
				"up": {"uv": [5.375, 11.375, 5, 11.25], "texture": "#0"},
				"down": {"uv": [5.875, 11.25, 5.5, 11.375], "texture": "#0"}
			}
		},
		{
			"from": [7.255, 11.10678, -2.62901],
			"to": [8.745, 12.65744, -1.88901],
			"rotation": {"angle": 45, "axis": "x", "origin": [8, 12.35178, -1.63401]},
			"faces": {
				"north": {"uv": [10.5, 1, 10.875, 1.375], "texture": "#0"},
				"east": {"uv": [11, 3.75, 11.25, 4.125], "texture": "#0"},
				"south": {"uv": [3.5, 10.5, 3.875, 10.875], "texture": "#0"},
				"west": {"uv": [4.25, 11, 4.5, 11.375], "texture": "#0"},
				"up": {"uv": [11.375, 4.5, 11, 4.25], "texture": "#0"},
				"down": {"uv": [4.875, 11, 4.5, 11.25], "texture": "#0"}
			}
		},
		{
			"from": [7.25, 12.5, -3.95],
			"to": [8.75, 13.25, 1.05],
			"rotation": {"angle": 0, "axis": "y", "origin": [7, 10.75, -2.95]},
			"faces": {
				"north": {"uv": [11, 4.5, 11.375, 4.75], "texture": "#0"},
				"east": {"uv": [4.5, 3, 5.75, 3.25], "texture": "#0"},
				"south": {"uv": [11, 4.75, 11.375, 5], "texture": "#0"},
				"west": {"uv": [5.25, 0.5, 6.5, 0.75], "texture": "#0"},
				"up": {"uv": [3.875, 8.25, 3.5, 7], "texture": "#0"},
				"down": {"uv": [6.875, 7, 6.5, 8.25], "texture": "#0"}
			}
		},
		{
			"from": [7.25, 12.5, 1.05],
			"to": [8.75, 13.5, 7.05],
			"rotation": {"angle": 0, "axis": "y", "origin": [7, 10.75, 1.05]},
			"faces": {
				"north": {"uv": [5, 11, 5.375, 11.25], "texture": "#0"},
				"east": {"uv": [7.75, 1.75, 9.25, 2], "texture": "#0"},
				"south": {"uv": [11, 5, 11.375, 5.25], "texture": "#0"},
				"west": {"uv": [8, 0.75, 9.5, 1], "texture": "#0"},
				"up": {"uv": [2.375, 7.75, 2, 6.25], "texture": "#0"},
				"down": {"uv": [4.375, 6.5, 4, 8], "texture": "#0"}
			}
		},
		{
			"from": [7.25, 12.5, 7.05],
			"to": [8.75, 13.75, 13.05],
			"rotation": {"angle": 0, "axis": "y", "origin": [7, 10.75, 7.05]},
			"faces": {
				"north": {"uv": [10.5, 3.75, 10.875, 4.125], "texture": "#0"},
				"east": {"uv": [6.25, 2.25, 7.75, 2.625], "texture": "#0"},
				"south": {"uv": [4, 10.5, 4.375, 10.875], "texture": "#0"},
				"west": {"uv": [6.5, 0.5, 8, 0.875], "texture": "#0"},
				"up": {"uv": [4.875, 8, 4.5, 6.5], "texture": "#0"},
				"down": {"uv": [5.375, 6.5, 5, 8], "texture": "#0"}
			}
		},
		{
			"from": [7.25, 8.75, 10.55],
			"to": [8.75, 9.75, 14.05],
			"rotation": {"angle": 0, "axis": "y", "origin": [7, 7.75, 8.05]},
			"faces": {
				"north": {"uv": [11, 5.25, 11.375, 5.5], "texture": "#0"},
				"east": {"uv": [9.25, 1.75, 10.125, 2], "texture": "#0"},
				"south": {"uv": [5.5, 11, 5.875, 11.25], "texture": "#0"},
				"west": {"uv": [9.5, 3, 10.375, 3.25], "texture": "#0"},
				"up": {"uv": [8.625, 5.875, 8.25, 5], "texture": "#0"},
				"down": {"uv": [6.875, 8.25, 6.5, 9.125], "texture": "#0"}
			}
		},
		{
			"from": [7.25, 9.75, 12.3],
			"to": [8.75, 12.75, 14.05],
			"rotation": {"angle": 0, "axis": "y", "origin": [7, 8.5, 8.05]},
			"faces": {
				"north": {"uv": [8.75, 0, 9.125, 0.75], "texture": "#0"},
				"east": {"uv": [0, 7.75, 0.5, 8.5], "texture": "#0"},
				"south": {"uv": [0.75, 8.75, 1.125, 9.5], "texture": "#0"},
				"west": {"uv": [2, 7.75, 2.5, 8.5], "texture": "#0"},
				"up": {"uv": [10.125, 7, 9.75, 6.5], "texture": "#0"},
				"down": {"uv": [10.125, 7, 9.75, 7.5], "texture": "#0"}
			}
		},
		{
			"from": [7.255, 11.38108, 13.48806],
			"to": [8.745, 12.78529, 14.47806],
			"rotation": {"angle": -45, "axis": "x", "origin": [8, 11.54029, 12.60806]},
			"faces": {
				"north": {"uv": [4.5, 10.5, 4.875, 10.875], "texture": "#0"},
				"east": {"uv": [11, 5.5, 11.25, 5.875], "texture": "#0"},
				"south": {"uv": [5, 10.5, 5.375, 10.875], "texture": "#0"},
				"west": {"uv": [6, 11, 6.25, 11.375], "texture": "#0"},
				"up": {"uv": [11.375, 6.25, 11, 6], "texture": "#0"},
				"down": {"uv": [6.625, 11, 6.25, 11.25], "texture": "#0"}
			}
		},
		{
			"from": [7.255, 12.505, 12.305],
			"to": [8.745, 13.495, 12.795],
			"rotation": {"angle": -45, "axis": "x", "origin": [8, 12.25, 13.175]},
			"faces": {
				"north": {"uv": [11, 6.25, 11.375, 6.5], "texture": "#0"},
				"east": {"uv": [7.75, 11.25, 7.875, 11.5], "texture": "#0"},
				"south": {"uv": [11, 6.5, 11.375, 6.75], "texture": "#0"},
				"west": {"uv": [8, 11.25, 8.125, 11.5], "texture": "#0"},
				"up": {"uv": [11.625, 5.625, 11.25, 5.5], "texture": "#0"},
				"down": {"uv": [11.625, 5.75, 11.25, 5.875], "texture": "#0"}
			}
		},
		{
			"from": [7.255, 9.34339, 11.95773],
			"to": [8.745, 10.58339, 13.19773],
			"rotation": {"angle": 45, "axis": "x", "origin": [8, 10.08839, 12.20273]},
			"faces": {
				"north": {"uv": [10.5, 5, 10.875, 5.375], "texture": "#0"},
				"east": {"uv": [5.5, 10.5, 5.875, 10.875], "texture": "#0"},
				"south": {"uv": [10.5, 5.5, 10.875, 5.875], "texture": "#0"},
				"west": {"uv": [6, 10.5, 6.375, 10.875], "texture": "#0"},
				"up": {"uv": [6.875, 10.875, 6.5, 10.5], "texture": "#0"},
				"down": {"uv": [7.375, 10.5, 7, 10.875], "texture": "#0"}
			}
		},
		{
			"from": [6.875, 8.65, 13.75],
			"to": [9.125, 10.15, 14.75],
			"rotation": {"angle": 0, "axis": "y", "origin": [7.125, 8.15, 12.75]},
			"faces": {
				"north": {"uv": [9.25, 4, 9.875, 4.375], "texture": "#0"},
				"east": {"uv": [6.75, 11, 7, 11.375], "texture": "#0"},
				"south": {"uv": [9.25, 5, 9.875, 5.375], "texture": "#0"},
				"west": {"uv": [11, 6.75, 11.25, 7.125], "texture": "#0"},
				"up": {"uv": [10.875, 6.5, 10.25, 6.25], "texture": "#0"},
				"down": {"uv": [10.875, 6.5, 10.25, 6.75], "texture": "#0"}
			}
		},
		{
			"from": [6.88, 7.72822, 14.13888],
			"to": [9.12, 9.21822, 15.12888],
			"rotation": {"angle": -45, "axis": "x", "origin": [8.125, 8.47322, 14.63388]},
			"faces": {
				"north": {"uv": [5.5, 9.25, 6.125, 9.625], "texture": "#0"},
				"east": {"uv": [7, 11, 7.25, 11.375], "texture": "#0"},
				"south": {"uv": [9.25, 5.5, 9.875, 5.875], "texture": "#0"},
				"west": {"uv": [7.25, 11, 7.5, 11.375], "texture": "#0"},
				"up": {"uv": [10.875, 7, 10.25, 6.75], "texture": "#0"},
				"down": {"uv": [10.875, 7, 10.25, 7.25], "texture": "#0"}
			}
		},
		{
			"from": [6.875, 6.76256, 14.74454],
			"to": [9.125, 8.51256, 16.49454],
			"rotation": {"angle": 22.5, "axis": "x", "origin": [8.125, 7.41256, 15.69454]},
			"faces": {
				"north": {"uv": [8.5, 3.25, 9.125, 3.75], "texture": "#0"},
				"east": {"uv": [8.75, 7, 9.25, 7.5], "texture": "#0"},
				"south": {"uv": [8.5, 6, 9.125, 6.5], "texture": "#0"},
				"west": {"uv": [8.75, 7.5, 9.25, 8], "texture": "#0"},
				"up": {"uv": [9.125, 7, 8.5, 6.5], "texture": "#0"},
				"down": {"uv": [8.125, 8.5, 7.5, 9], "texture": "#0"}
			}
		},
		{
			"from": [7, 8.5, 14],
			"to": [9, 10.5, 21],
			"rotation": {"angle": 0, "axis": "y", "origin": [7, 0, 0]},
			"faces": {
				"north": {"uv": [8.75, 8, 9.25, 8.5], "texture": "#0"},
				"east": {"uv": [4.5, 2.5, 6.25, 3], "texture": "#0"},
				"south": {"uv": [8.75, 8.5, 9.25, 9], "texture": "#0"},
				"west": {"uv": [5.25, 0, 7, 0.5], "texture": "#0"},
				"up": {"uv": [3, 7, 2.5, 5.25], "texture": "#0"},
				"down": {"uv": [3.5, 5.25, 3, 7], "texture": "#0"}
			}
		},
		{
			"from": [7, 7.75, 17.5],
			"to": [9, 8.5, 18.5],
			"rotation": {"angle": 0, "axis": "y", "origin": [7, 0, 0]},
			"faces": {
				"north": {"uv": [10.5, 4.25, 11, 4.5], "texture": "#0"},
				"east": {"uv": [6.5, 1, 6.75, 1.25], "texture": "#0"},
				"south": {"uv": [10.5, 8.5, 11, 8.75], "texture": "#0"},
				"west": {"uv": [7.75, 3.75, 8, 4], "texture": "#0"},
				"up": {"uv": [11.25, 2.25, 10.75, 2], "texture": "#0"},
				"down": {"uv": [2.75, 10.75, 2.25, 11], "texture": "#0"}
			}
		},
		{
			"from": [7.008, 8.00172, 17.09639],
			"to": [8.992, 8.73572, 18.08039],
			"rotation": {"angle": -45, "axis": "x", "origin": [8, 8.36872, 17.58839]},
			"faces": {
				"north": {"uv": [10.75, 2.25, 11.25, 2.5], "texture": "#0"},
				"east": {"uv": [8, 5, 8.25, 5.25], "texture": "#0"},
				"south": {"uv": [10.75, 2.5, 11.25, 2.75], "texture": "#0"},
				"west": {"uv": [9.25, 0.5, 9.5, 0.75], "texture": "#0"},
				"up": {"uv": [3.25, 11, 2.75, 10.75], "texture": "#0"},
				"down": {"uv": [11.25, 2.75, 10.75, 3], "texture": "#0"}
			}
		},
		{
			"from": [7.005, 8.29078, 16.19456],
			"to": [8.995, 9.28078, 18.18456],
			"rotation": {"angle": 22.5, "axis": "x", "origin": [8, 8.88578, 16.81456]},
			"faces": {
				"north": {"uv": [10, 10.75, 10.5, 11], "texture": "#0"},
				"east": {"uv": [10.75, 10, 11.25, 10.25], "texture": "#0"},
				"south": {"uv": [10.5, 10.75, 11, 11], "texture": "#0"},
				"west": {"uv": [11, 0, 11.5, 0.25], "texture": "#0"},
				"up": {"uv": [9.5, 2.75, 9, 2.25], "texture": "#0"},
				"down": {"uv": [3, 9, 2.5, 9.5], "texture": "#0"}
			}
		},
		{
			"from": [7.005, 8.29078, 17.81544],
			"to": [8.995, 9.28078, 19.80544],
			"rotation": {"angle": -22.5, "axis": "x", "origin": [8, 8.88578, 19.18544]},
			"faces": {
				"north": {"uv": [11, 0.25, 11.5, 0.5], "texture": "#0"},
				"east": {"uv": [11, 0.5, 11.5, 0.75], "texture": "#0"},
				"south": {"uv": [11, 0.75, 11.5, 1], "texture": "#0"},
				"west": {"uv": [11, 1, 11.5, 1.25], "texture": "#0"},
				"up": {"uv": [9.5, 3.25, 9, 2.75], "texture": "#0"},
				"down": {"uv": [8, 9, 7.5, 9.5], "texture": "#0"}
			}
		},
		{
			"from": [7.008, 8.00172, 17.91961],
			"to": [8.992, 8.73572, 18.90361],
			"rotation": {"angle": 45, "axis": "x", "origin": [8, 8.36872, 18.41161]},
			"faces": {
				"north": {"uv": [11, 1.25, 11.5, 1.5], "texture": "#0"},
				"east": {"uv": [7.25, 9.25, 7.5, 9.5], "texture": "#0"},
				"south": {"uv": [2.25, 11, 2.75, 11.25], "texture": "#0"},
				"west": {"uv": [1, 9.5, 1.25, 9.75], "texture": "#0"},
				"up": {"uv": [3.25, 11.25, 2.75, 11], "texture": "#0"},
				"down": {"uv": [11.5, 3, 11, 3.25], "texture": "#0"}
			}
		},
		{
			"from": [7.25, 6.5, 20],
			"to": [8.75, 9, 27.25],
			"rotation": {"angle": 0, "axis": "y", "origin": [7, 0, 0]},
			"faces": {
				"north": {"uv": [4, 9.25, 4.375, 9.875], "texture": "#0"},
				"east": {"uv": [2.5, 2.5, 4.375, 3.125], "texture": "#0"},
				"south": {"uv": [9.25, 6, 9.625, 6.625], "texture": "#0"},
				"west": {"uv": [3.25, 0, 5.125, 0.625], "texture": "#0"},
				"up": {"uv": [5.875, 7.375, 5.5, 5.5], "texture": "#0"},
				"down": {"uv": [0.375, 5.75, 0, 7.625], "texture": "#0"}
			}
		},
		{
			"from": [7.25, 7, 18.5],
			"to": [8.75, 9, 20],
			"rotation": {"angle": 0, "axis": "y", "origin": [7, 0, 0]},
			"faces": {
				"north": {"uv": [9.75, 7.5, 10.125, 8], "texture": "#0"},
				"east": {"uv": [9.75, 8, 10.125, 8.5], "texture": "#0"},
				"south": {"uv": [9.75, 8.5, 10.125, 9], "texture": "#0"},
				"west": {"uv": [9.25, 9.75, 9.625, 10.25], "texture": "#0"},
				"up": {"uv": [7.875, 10.875, 7.5, 10.5], "texture": "#0"},
				"down": {"uv": [10.875, 8, 10.5, 8.375], "texture": "#0"}
			}
		},
		{
			"from": [7.255, 6.71589, 19.56523],
			"to": [8.745, 7.70589, 20.05523],
			"rotation": {"angle": -22.5, "axis": "x", "origin": [8, 7.71089, 20.31023]},
			"faces": {
				"north": {"uv": [11, 7.25, 11.375, 7.5], "texture": "#0"},
				"east": {"uv": [8.25, 11.25, 8.375, 11.5], "texture": "#0"},
				"south": {"uv": [7.5, 11, 7.875, 11.25], "texture": "#0"},
				"west": {"uv": [8.5, 11.25, 8.625, 11.5], "texture": "#0"},
				"up": {"uv": [6.625, 11.375, 6.25, 11.25], "texture": "#0"},
				"down": {"uv": [11.625, 6.75, 11.25, 6.875], "texture": "#0"}
			}
		},
		{
			"from": [7.25, 5.75, 24.75],
			"to": [8.75, 6.5, 27.25],
			"rotation": {"angle": 0, "axis": "y", "origin": [7, 0, 0]},
			"faces": {
				"north": {"uv": [11, 7.5, 11.375, 7.75], "texture": "#0"},
				"east": {"uv": [7.25, 10.25, 7.875, 10.5], "texture": "#0"},
				"south": {"uv": [11, 7.75, 11.375, 8], "texture": "#0"},
				"west": {"uv": [10.25, 7.25, 10.875, 7.5], "texture": "#0"},
				"up": {"uv": [6.625, 9.875, 6.25, 9.25], "texture": "#0"},
				"down": {"uv": [7.125, 9.25, 6.75, 9.875], "texture": "#0"}
			}
		},
		{
			"from": [7.255, 6.52905, 23.88628],
			"to": [8.745, 7.26905, 25.37628],
			"rotation": {"angle": 45, "axis": "x", "origin": [8, 6.89905, 24.13128]},
			"faces": {
				"north": {"uv": [8, 11, 8.375, 11.25], "texture": "#0"},
				"east": {"uv": [11, 8, 11.375, 8.25], "texture": "#0"},
				"south": {"uv": [11, 8.25, 11.375, 8.5], "texture": "#0"},
				"west": {"uv": [8.5, 11, 8.875, 11.25], "texture": "#0"},
				"up": {"uv": [9.375, 10.875, 9, 10.5], "texture": "#0"},
				"down": {"uv": [10.875, 9, 10.5, 9.375], "texture": "#0"}
			}
		},
		{
			"from": [7.375, 8.75, 23],
			"to": [8.625, 11.25, 27.5],
			"rotation": {"angle": 0, "axis": "y", "origin": [7.375, 0, 0]},
			"faces": {
				"north": {"uv": [9.25, 6.75, 9.625, 7.375], "texture": "#0"},
				"east": {"uv": [5.75, 3, 6.875, 3.625], "texture": "#0"},
				"south": {"uv": [9.25, 7.5, 9.625, 8.125], "texture": "#0"},
				"west": {"uv": [6, 3.75, 7.125, 4.375], "texture": "#0"},
				"up": {"uv": [1.125, 8.625, 0.75, 7.5], "texture": "#0"},
				"down": {"uv": [7.875, 4, 7.5, 5.125], "texture": "#0"}
			}
		},
		{
			"from": [7.375, 4.75, 25.5],
			"to": [8.625, 5.75, 27],
			"rotation": {"angle": 0, "axis": "y", "origin": [7.375, 0, 0]},
			"faces": {
				"north": {"uv": [11, 8.5, 11.375, 8.75], "texture": "#0"},
				"east": {"uv": [11, 8.75, 11.375, 9], "texture": "#0"},
				"south": {"uv": [9, 11, 9.375, 11.25], "texture": "#0"},
				"west": {"uv": [11, 9, 11.375, 9.25], "texture": "#0"},
				"up": {"uv": [9.875, 10.875, 9.5, 10.5], "texture": "#0"},
				"down": {"uv": [10.875, 9.5, 10.5, 9.875], "texture": "#0"}
			}
		},
		{
			"from": [7.38, 5.13888, 23.57822],
			"to": [8.62, 6.12888, 26.06822],
			"rotation": {"angle": 45, "axis": "x", "origin": [8.375, 5.63388, 25.32322]},
			"faces": {
				"north": {"uv": [11, 9.25, 11.375, 9.5], "texture": "#0"},
				"east": {"uv": [10.25, 7.5, 10.875, 7.75], "texture": "#0"},
				"south": {"uv": [9.5, 11, 9.875, 11.25], "texture": "#0"},
				"west": {"uv": [10.25, 7.75, 10.875, 8], "texture": "#0"},
				"up": {"uv": [9.625, 8.875, 9.25, 8.25], "texture": "#0"},
				"down": {"uv": [0.375, 9.5, 0, 10.125], "texture": "#0"}
			}
		},
		{
			"from": [7.38, 7.98911, 22.35537],
			"to": [8.62, 10.47911, 23.34537],
			"rotation": {"angle": 22.5, "axis": "x", "origin": [8.375, 9.23411, 24.60037]},
			"faces": {
				"north": {"uv": [0.5, 9.5, 0.875, 10.125], "texture": "#0"},
				"east": {"uv": [3.25, 10.25, 3.5, 10.875], "texture": "#0"},
				"south": {"uv": [2, 9.5, 2.375, 10.125], "texture": "#0"},
				"west": {"uv": [8, 10.25, 8.25, 10.875], "texture": "#0"},
				"up": {"uv": [11.375, 9.75, 11, 9.5], "texture": "#0"},
				"down": {"uv": [11.375, 9.75, 11, 10], "texture": "#0"}
			}
		},
		{
			"from": [7.5, 8.25, 20.5],
			"to": [8.5, 10.25, 23.5],
			"rotation": {"angle": 0, "axis": "y", "origin": [7.5, 0, 0]},
			"faces": {
				"north": {"uv": [1.25, 7.5, 1.5, 8], "texture": "#0"},
				"east": {"uv": [7, 0, 7.75, 0.5], "texture": "#0"},
				"south": {"uv": [7.75, 0, 8, 0.5], "texture": "#0"},
				"west": {"uv": [4, 8, 4.75, 8.5], "texture": "#0"},
				"up": {"uv": [7.25, 3.75, 7, 3], "texture": "#0"},
				"down": {"uv": [6.25, 8.5, 6, 9.25], "texture": "#0"}
			}
		},
		{
			"from": [7.5, 6.28887, 20.5136],
			"to": [8.5, 8.28887, 26.2636],
			"rotation": {"angle": 22.5, "axis": "x", "origin": [8.5, 7.43887, 22.0136]},
			"faces": {
				"north": {"uv": [1.75, 8.75, 2, 9.25], "texture": "#0"},
				"east": {"uv": [5.25, 1.25, 6.75, 1.75], "texture": "#0"},
				"south": {"uv": [0, 11, 0.25, 11.5], "texture": "#0"},
				"west": {"uv": [5.25, 1.75, 6.75, 2.25], "texture": "#0"},
				"up": {"uv": [6.5, 9.25, 6.25, 7.75], "texture": "#0"},
				"down": {"uv": [5, 8, 4.75, 9.5], "texture": "#0"}
			}
		},
		{
			"from": [7, 4.5, 26.75],
			"to": [9, 11.5, 28.25],
			"rotation": {"angle": 0, "axis": "y", "origin": [7, 0, 0]},
			"faces": {
				"north": {"uv": [3.5, 5.25, 4, 7], "texture": "#0"},
				"east": {"uv": [6, 6, 6.375, 7.75], "texture": "#0"},
				"south": {"uv": [5.5, 3.75, 6, 5.5], "texture": "#0"},
				"west": {"uv": [1.5, 6.25, 1.875, 8], "texture": "#0"},
				"up": {"uv": [10.75, 2.625, 10.25, 2.25], "texture": "#0"},
				"down": {"uv": [3.25, 10.25, 2.75, 10.625], "texture": "#0"}
			}
		},
		{
			"from": [7.5, 0.45, 16.25],
			"to": [8.5, 6.45, 19.25],
			"rotation": {"angle": 0, "axis": "y", "origin": [7.5, 0, 0]},
			"faces": {
				"north": {"uv": [5, 8, 5.25, 9.5], "texture": "#0"},
				"east": {"uv": [2.5, 3.75, 3.25, 5.25], "texture": "#0"},
				"south": {"uv": [5.25, 8, 5.5, 9.5], "texture": "#0"},
				"west": {"uv": [3.25, 3.75, 4, 5.25], "texture": "#0"},
				"up": {"uv": [3.25, 9.75, 3, 9], "texture": "#0"},
				"down": {"uv": [4.75, 9.75, 4.5, 10.5], "texture": "#0"}
			}
		},
		{
			"from": [7.505, 7.16458, 15.48037],
			"to": [8.495, 8.30263, 18.24201],
			"rotation": {"angle": 22.5, "axis": "x", "origin": [7.5, 1.85763, -1.00299]},
			"faces": {
				"north": {"uv": [5.25, 9.5, 5.5, 9.75], "texture": "#0"},
				"east": {"uv": [9.75, 1.5, 10.5, 1.75], "texture": "#0"},
				"south": {"uv": [9.25, 9.5, 9.5, 9.75], "texture": "#0"},
				"west": {"uv": [9.75, 3.75, 10.5, 4], "texture": "#0"},
				"up": {"uv": [10, 10.5, 9.75, 9.75], "texture": "#0"},
				"down": {"uv": [10.25, 2, 10, 2.75], "texture": "#0"}
			}
		},
		{
			"from": [7.37, 7.495, 11.995],
			"to": [8.63, 9.505, 14.005],
			"rotation": {"angle": 0, "axis": "y", "origin": [6.625, 0, 0]},
			"faces": {
				"north": {"uv": [10, 1, 10.375, 1.5], "texture": "#0"},
				"east": {"uv": [8, 9, 8.5, 9.5], "texture": "#0"},
				"south": {"uv": [3.5, 10, 3.875, 10.5], "texture": "#0"},
				"west": {"uv": [8.5, 9, 9, 9.5], "texture": "#0"},
				"up": {"uv": [4.375, 10.5, 4, 10], "texture": "#0"},
				"down": {"uv": [10.375, 4, 10, 4.5], "texture": "#0"}
			}
		},
		{
			"from": [7.375, 7.65, 13.5],
			"to": [8.625, 9.65, 15.5],
			"rotation": {"angle": 22.5, "axis": "x", "origin": [7.625, 8.5, 13]},
			"faces": {
				"north": {"uv": [10, 5, 10.375, 5.5], "texture": "#0"},
				"east": {"uv": [9, 9, 9.5, 9.5], "texture": "#0"},
				"south": {"uv": [10, 5.5, 10.375, 6], "texture": "#0"},
				"west": {"uv": [9.25, 0, 9.75, 0.5], "texture": "#0"},
				"up": {"uv": [6.625, 10.5, 6.25, 10], "texture": "#0"},
				"down": {"uv": [7.125, 10, 6.75, 10.5], "texture": "#0"}
			}
		},
		{
			"from": [7.38, 4.56956, 14.44822],
			"to": [8.62, 8.05956, 19.18822],
			"rotation": {"angle": -22.5, "axis": "x", "origin": [7.625, 8.06456, 14.44322]},
			"faces": {
				"north": {"uv": [7, 8.25, 7.375, 9.125], "texture": "#0"},
				"east": {"uv": [4, 3.75, 5.25, 4.625], "texture": "#0"},
				"south": {"uv": [8.25, 7, 8.625, 7.875], "texture": "#0"},
				"west": {"uv": [0, 4.75, 1.25, 5.625], "texture": "#0"},
				"up": {"uv": [7.375, 8.25, 7, 7], "texture": "#0"},
				"down": {"uv": [7.625, 2.75, 7.25, 4], "texture": "#0"}
			}
		},
		{
			"from": [7.375, 4.83098, 15.78261],
			"to": [8.625, 8.33098, 17.53261],
			"rotation": {"angle": 0, "axis": "y", "origin": [7.625, 8.33098, 15.78261]},
			"faces": {
				"north": {"uv": [8.25, 8, 8.625, 8.875], "texture": "#0"},
				"east": {"uv": [0, 8.5, 0.375, 9.375], "texture": "#0"},
				"south": {"uv": [2, 8.5, 2.375, 9.375], "texture": "#0"},
				"west": {"uv": [8.5, 2.25, 8.875, 3.125], "texture": "#0"},
				"up": {"uv": [10.875, 10.625, 10.5, 10.25], "texture": "#0"},
				"down": {"uv": [0.625, 10.75, 0.25, 11.125], "texture": "#0"}
			}
		},
		{
			"from": [7.375, 7.0412, 8.69344],
			"to": [8.625, 9.0412, 12.69344],
			"rotation": {"angle": -22.5, "axis": "x", "origin": [7.625, 8.0412, 10.69344]},
			"faces": {
				"north": {"uv": [10, 9, 10.375, 9.5], "texture": "#0"},
				"east": {"uv": [6.75, 1, 7.75, 1.5], "texture": "#0"},
				"south": {"uv": [10, 9.5, 10.375, 10], "texture": "#0"},
				"west": {"uv": [6.75, 1.5, 7.75, 2], "texture": "#0"},
				"up": {"uv": [8.375, 7, 8, 6], "texture": "#0"},
				"down": {"uv": [3.875, 8.25, 3.5, 9.25], "texture": "#0"}
			}
		},
		{
			"from": [7.245, 1.39137, 9.22404],
			"to": [8.755, 8.15137, 11.73404],
			"rotation": {"angle": -22.5, "axis": "x", "origin": [8, 4.77137, 10.47904]},
			"faces": {
				"north": {"uv": [0.5, 5.75, 0.875, 7.5], "texture": "#0"},
				"east": {"uv": [4, 4.75, 4.625, 6.5], "texture": "#0"},
				"south": {"uv": [1, 5.75, 1.375, 7.5], "texture": "#0"},
				"west": {"uv": [4.75, 4.75, 5.375, 6.5], "texture": "#0"},
				"up": {"uv": [9.875, 2.875, 9.5, 2.25], "texture": "#0"},
				"down": {"uv": [2.875, 9.5, 2.5, 10.125], "texture": "#0"}
			}
		},
		{
			"from": [7.255, 2.13664, 11.93045],
			"to": [8.745, 4.62664, 12.92045],
			"rotation": {"angle": 0, "axis": "y", "origin": [8, 3.38164, 12.42545]},
			"faces": {
				"north": {"uv": [4.75, 9.5, 5.125, 10.125], "texture": "#0"},
				"east": {"uv": [10.25, 8, 10.5, 8.625], "texture": "#0"},
				"south": {"uv": [7.25, 9.5, 7.625, 10.125], "texture": "#0"},
				"west": {"uv": [8.25, 10.25, 8.5, 10.875], "texture": "#0"},
				"up": {"uv": [10.375, 11.25, 10, 11], "texture": "#0"},
				"down": {"uv": [11.375, 10.25, 11, 10.5], "texture": "#0"}
			}
		},
		{
			"from": [7.25, 4.76552, 11.24867],
			"to": [8.75, 7.26552, 12.24867],
			"rotation": {"angle": -45, "axis": "x", "origin": [8, 5.51552, 12.74867]},
			"faces": {
				"north": {"uv": [7.75, 9.5, 8.125, 10.125], "texture": "#0"},
				"east": {"uv": [8.5, 10.25, 8.75, 10.875], "texture": "#0"},
				"south": {"uv": [8.25, 9.5, 8.625, 10.125], "texture": "#0"},
				"west": {"uv": [8.75, 10.25, 9, 10.875], "texture": "#0"},
				"up": {"uv": [10.875, 11.25, 10.5, 11], "texture": "#0"},
				"down": {"uv": [11.375, 10.5, 11, 10.75], "texture": "#0"}
			}
		},
		{
			"from": [7.25, 7.26552, 11.49867],
			"to": [8.75, 8.26552, 13.99867],
			"rotation": {"angle": -45, "axis": "x", "origin": [8, 5.51552, 12.74867]},
			"faces": {
				"north": {"uv": [11, 10.75, 11.375, 11], "texture": "#0"},
				"east": {"uv": [10.25, 8.75, 10.875, 9], "texture": "#0"},
				"south": {"uv": [11, 11, 11.375, 11.25], "texture": "#0"},
				"west": {"uv": [9, 10.25, 9.625, 10.5], "texture": "#0"},
				"up": {"uv": [9.125, 10.125, 8.75, 9.5], "texture": "#0"},
				"down": {"uv": [9.875, 9, 9.5, 9.625], "texture": "#0"}
			}
		},
		{
			"from": [8, 6, -2.25],
			"to": [8, 7, 3.25],
			"rotation": {"angle": 0, "axis": "y", "origin": [7, 0, 0]},
			"faces": {
				"north": {"uv": [0, 0, 0, 0.25], "texture": "#0"},
				"east": {"uv": [8, 4.5, 9.375, 4.75], "texture": "#0"},
				"south": {"uv": [0, 0, 0, 0.25], "texture": "#0"},
				"west": {"uv": [8, 4.75, 9.375, 5], "texture": "#0"},
				"up": {"uv": [0, 1.375, 0, 0], "texture": "#0"},
				"down": {"uv": [0, 0, 0, 1.375], "texture": "#0"}
			}
		},
		{
			"from": [8, 4.5, 4.75],
			"to": [8, 7, 9.25],
			"rotation": {"angle": 0, "axis": "y", "origin": [7, 0, 0]},
			"faces": {
				"north": {"uv": [0, 0, 0, 0.625], "texture": "#0"},
				"east": {"uv": [6, 4.5, 7.125, 5.125], "texture": "#0"},
				"south": {"uv": [0, 0, 0, 0.625], "texture": "#0"},
				"west": {"uv": [6, 5.25, 7.125, 5.875], "texture": "#0"},
				"up": {"uv": [0, 1.125, 0, 0], "texture": "#0"},
				"down": {"uv": [0, 0, 0, 1.125], "texture": "#0"}
			}
		},
		{
			"from": [8, 9.75, -3.25],
			"to": [8, 12.25, 9.25],
			"rotation": {"angle": 0, "axis": "y", "origin": [7, 0, 0]},
			"faces": {
				"north": {"uv": [0, 0, 0, 0.625], "texture": "#0"},
				"east": {"uv": [0, 0, 3.125, 0.625], "texture": "#0"},
				"south": {"uv": [0, 0, 0, 0.625], "texture": "#0"},
				"west": {"uv": [0, 0.75, 3.125, 1.375], "texture": "#0"},
				"up": {"uv": [0, 3.125, 0, 0], "texture": "#0"},
				"down": {"uv": [0, 0, 0, 3.125], "texture": "#0"}
			}
		}
	],
	"display": {
		"thirdperson": {
			"rotation": [90, 0, -180],
			"translation": [0, 1, -1.9],
			"scale": [0.5, 0.7, 0.5]
		},
		"firstperson": {
			"rotation": [0, -55, 0],
			"translation": [-6, 5.8, 1],
			"scale": [0.65, 0.85, 0.65]
		},
		"ground": {
			"translation": [0, 2, 0],
			"scale": [1.5, 1.5, 1.5]
		},
		"gui": {
			"rotation": [40, 225, 0],
			"scale": [0.7, 0.85, 0.7]
		}
	},
	"groups": [
		0,
		1,
		2,
		{
			"name": "group",
			"origin": [7.25, 8, -1.25],
			"color": 0,
			"children": [3, 4, 5]
		},
		6,
		{
			"name": "group",
			"origin": [6.375, 6.4794, 10.15328],
			"color": 0,
			"children": [7, 8, 9]
		},
		{
			"name": "group",
			"origin": [8, 10.08839, 12.20273],
			"color": 0,
			"children": [10, 11, 12, 13, 14, 15, 16, 17, 18, 19, 20]
		},
		{
			"name": "group",
			"origin": [8.125, 7.41256, 15.69454],
			"color": 0,
			"children": [21, 22, 23]
		},
		{
			"name": "group",
			"origin": [8, 8.36872, 18.41161],
			"color": 0,
			"children": [24, 25, 26, 27, 28, 29]
		},
		{
			"name": "group",
			"origin": [8, 6.89905, 24.13128],
			"color": 0,
			"children": [30, 31, 32, 33, 34]
		},
		{
			"name": "group",
			"origin": [8.375, 9.23411, 24.60037],
			"color": 0,
			"children": [35, 36, 37, 38]
		},
		{
			"name": "group",
			"origin": [8.5, 7.43887, 22.0136],
			"color": 0,
			"children": [39, 40]
		},
		41,
		{
			"name": "group",
			"origin": [7.5, 1.85763, -1.00299],
			"color": 0,
			"children": [42, 43]
		},
		{
			"name": "group",
			"origin": [7.625, 8.0412, 10.69344],
			"color": 0,
			"children": [44, 45, 46, 47, 48]
		},
		{
			"name": "group",
			"origin": [8, 5.51552, 12.74867],
			"color": 0,
			"children": [49, 50, 51, 52]
		},
		{
			"name": "group",
			"origin": [7, 0, 0],
			"color": 0,
			"children": [53, 54, 55]
		}
	]
}