{
	"credit": "Made with Blockbench",
	"texture_size": [64, 64],
	"textures": {
		"2": "weapons/usp_s"
	},
	"elements": [
		{
			"from": [6.5, 11, -9.825],
			"to": [9.5, 14, 5.675],
			"rotation": {"angle": 45, "axis": "z", "origin": [8, 12.5, -2.075]},
			"faces": {
				"north": {"uv": [7, 0, 7.75, 0.75], "texture": "#2"},
				"east": {"uv": [1.5, 0, 5.375, 0.75], "texture": "#2"},
				"south": {"uv": [7, 3.5, 7.75, 4.25], "texture": "#2"},
				"west": {"uv": [1.5, 0.75, 5.375, 1.5], "texture": "#2"},
				"up": {"uv": [2.25, 5.375, 1.5, 1.5], "texture": "#2"},
				"down": {"uv": [3, 1.5, 2.25, 5.375], "texture": "#2"}
			}
		},
		{
			"from": [7, 11.5, 5.675],
			"to": [9, 13.5, 6.175],
			"rotation": {"angle": 0, "axis": "y", "origin": [7, 0, 0]},
			"faces": {
				"north": {"uv": [5.5, 1, 6, 1.5], "texture": "#2"},
				"east": {"uv": [3.25, 8.25, 3.375, 8.75], "texture": "#2"},
				"south": {"uv": [2.75, 7.5, 3.25, 8], "texture": "#2"},
				"west": {"uv": [6.5, 8.25, 6.625, 8.75], "texture": "#2"},
				"up": {"uv": [8.75, 6.375, 8.25, 6.25], "texture": "#2"},
				"down": {"uv": [7.25, 8.25, 6.75, 8.375], "texture": "#2"}
			}
		},
		{
			"from": [7.25, 11.75, 6.175],
			"to": [8.75, 13.25, 6.675],
			"rotation": {"angle": 0, "axis": "y", "origin": [7, 0, 0.5]},
			"faces": {
				"north": {"uv": [0, 8.25, 0.375, 8.625], "texture": "#2"},
				"east": {"uv": [8.5, 0.25, 8.625, 0.625], "texture": "#2"},
				"south": {"uv": [0.5, 8.25, 0.875, 8.625], "texture": "#2"},
				"west": {"uv": [1, 8.5, 1.125, 8.875], "texture": "#2"},
				"up": {"uv": [1.625, 8.625, 1.25, 8.5], "texture": "#2"},
				"down": {"uv": [8.875, 2, 8.5, 2.125], "texture": "#2"}
			}
		},
		{
			"from": [6.5, 10.75, 6.25],
			"to": [9.5, 11.75, 23.25],
			"rotation": {"angle": 0, "axis": "y", "origin": [7.5, 0, 0]},
			"faces": {
				"north": {"uv": [3.75, 7.5, 4.5, 7.75], "texture": "#2"},
				"east": {"uv": [6, 3, 10.25, 3.25], "texture": "#2"},
				"south": {"uv": [7.75, 0, 8.5, 0.25], "texture": "#2"},
				"west": {"uv": [6, 3.25, 10.25, 3.5], "texture": "#2"},
				"up": {"uv": [0.75, 4.25, 0, 0], "texture": "#2"},
				"down": {"uv": [1.5, 0, 0.75, 4.25], "texture": "#2"}
			}
		},
		{
			"from": [6.5, 11.75, 15.75],
			"to": [9.5, 12.75, 23.25],
			"rotation": {"angle": 0, "axis": "y", "origin": [7.5, 0, 0]},
			"faces": {
				"north": {"uv": [7.75, 0.25, 8.5, 0.5], "texture": "#2"},
				"east": {"uv": [7, 0.75, 8.875, 1], "texture": "#2"},
				"south": {"uv": [7.75, 0.5, 8.5, 0.75], "texture": "#2"},
				"west": {"uv": [7, 4.25, 8.875, 4.5], "texture": "#2"},
				"up": {"uv": [1.5, 6.125, 0.75, 4.25], "texture": "#2"},
				"down": {"uv": [5.5, 3.5, 4.75, 5.375], "texture": "#2"}
			}
		},
		{
			"from": [6.75, 12.75, 15.5],
			"to": [9.25, 13.5, 23],
			"rotation": {"angle": 0, "axis": "y", "origin": [7, 0, 0]},
			"faces": {
				"north": {"uv": [7, 8, 7.625, 8.25], "texture": "#2"},
				"east": {"uv": [7.5, 1, 9.375, 1.25], "texture": "#2"},
				"south": {"uv": [8, 7, 8.625, 7.25], "texture": "#2"},
				"west": {"uv": [7.5, 1.25, 9.375, 1.5], "texture": "#2"},
				"up": {"uv": [6.375, 7.125, 5.75, 5.25], "texture": "#2"},
				"down": {"uv": [6.625, 1, 6, 2.875], "texture": "#2"}
			}
		},
		{
			"from": [6.75, 11.75, 6.3],
			"to": [9.25, 12.75, 16.3],
			"rotation": {"angle": 0, "axis": "y", "origin": [7, 0, 0]},
			"faces": {
				"north": {"uv": [4.5, 8, 5.125, 8.25], "texture": "#2"},
				"east": {"uv": [6.25, 4.5, 8.75, 4.75], "texture": "#2"},
				"south": {"uv": [5.25, 8, 5.875, 8.25], "texture": "#2"},
				"west": {"uv": [6.25, 4.75, 8.75, 5], "texture": "#2"},
				"up": {"uv": [4.625, 6, 4, 3.5], "texture": "#2"},
				"down": {"uv": [0.625, 4.25, 0, 6.75], "texture": "#2"}
			}
		},
		{
			"from": [7, 12.475, 6.4],
			"to": [9, 13.475, 16.4],
			"rotation": {"angle": 0, "axis": "y", "origin": [7, 0, 0]},
			"faces": {
				"north": {"uv": [1, 8.25, 1.5, 8.5], "texture": "#2"},
				"east": {"uv": [6.25, 5, 8.75, 5.25], "texture": "#2"},
				"south": {"uv": [1.5, 8.25, 2, 8.5], "texture": "#2"},
				"west": {"uv": [6.5, 5.25, 9, 5.5], "texture": "#2"},
				"up": {"uv": [5.25, 8, 4.75, 5.5], "texture": "#2"},
				"down": {"uv": [5.75, 5.5, 5.25, 8], "texture": "#2"}
			}
		},
		{
			"from": [7.5, 13.325, 6.65],
			"to": [8.5, 14.075, 8.15],
			"rotation": {"angle": 0, "axis": "y", "origin": [6.75, 0, 0]},
			"faces": {
				"north": {"uv": [5.5, 5.25, 5.75, 5.5], "texture": "#2"},
				"east": {"uv": [8.25, 1.5, 8.625, 1.75], "texture": "#2"},
				"south": {"uv": [3.75, 5.75, 4, 6], "texture": "#2"},
				"west": {"uv": [8.25, 1.75, 8.625, 2], "texture": "#2"},
				"up": {"uv": [2.25, 8.625, 2, 8.25], "texture": "#2"},
				"down": {"uv": [8.5, 2, 8.25, 2.375], "texture": "#2"}
			}
		},
		{
			"from": [6.625, 1.25, 17.75],
			"to": [9.375, 5.25, 23.25],
			"rotation": {"angle": 0, "axis": "y", "origin": [6.875, 0, 0]},
			"faces": {
				"east": {"uv": [5.5, 0, 6.875, 1], "texture": "#2"},
				"south": {"uv": [0.75, 6.25, 1.5, 7.25], "texture": "#2"},
				"west": {"uv": [1.5, 5.5, 2.875, 6.5], "texture": "#2"},
				"down": {"uv": [4.5, 6, 3.75, 7.375], "texture": "#2"}
			}
		},
		{
			"from": [6.625, 0.20141, 23.25966],
			"to": [9.375, 2.70141, 25.50966],
			"rotation": {"angle": -22.5, "axis": "x", "origin": [6.875, -0.29859, 0.50966]},
			"faces": {
				"north": {"uv": [7, 6.5, 7.75, 7.125], "texture": "#2"},
				"east": {"uv": [0, 7.5, 0.625, 8.125], "texture": "#2"},
				"south": {"uv": [0.75, 7.25, 1.5, 7.875], "texture": "#2"},
				"west": {"uv": [1.5, 7.5, 2.125, 8.125], "texture": "#2"},
				"up": {"uv": [6.5, 7.875, 5.75, 7.25], "texture": "#2"},
				"down": {"uv": [7.75, 7.25, 7, 7.875], "texture": "#2"}
			}
		},
		{
			"from": [6.63, 8.29602, 19.58826],
			"to": [9.37, 9.78602, 20.57826],
			"rotation": {"angle": 22.5, "axis": "x", "origin": [8, 5.76291, 20.34068]},
			"faces": {
				"north": {"uv": [7.5, 1.5, 8.25, 1.875], "texture": "#2"},
				"east": {"uv": [2.25, 8.25, 2.5, 8.625], "texture": "#2"},
				"south": {"uv": [7.5, 2, 8.25, 2.375], "texture": "#2"},
				"west": {"uv": [2.5, 8.25, 2.75, 8.625], "texture": "#2"},
				"up": {"uv": [8.5, 3.75, 7.75, 3.5], "texture": "#2"},
				"down": {"uv": [4.5, 7.75, 3.75, 8], "texture": "#2"}
			}
		},
		{
			"from": [6.625, 8.91452, 18.30084],
			"to": [9.375, 9.91452, 18.80084],
			"rotation": {"angle": -45, "axis": "x", "origin": [7.875, 7.41452, 18.02584]},
			"faces": {
				"north": {"uv": [7.75, 3.75, 8.5, 4], "texture": "#2"},
				"east": {"uv": [1.75, 8.5, 1.875, 8.75], "texture": "#2"},
				"south": {"uv": [7.75, 4, 8.5, 4.25], "texture": "#2"},
				"west": {"uv": [8.5, 2.25, 8.625, 2.5], "texture": "#2"},
				"up": {"uv": [4.5, 8.375, 3.75, 8.25], "texture": "#2"},
				"down": {"uv": [5.25, 8.25, 4.5, 8.375], "texture": "#2"}
			}
		},
		{
			"from": [6.62, 3.21321, 18.05785],
			"to": [9.38, 10.22321, 22.06785],
			"rotation": {"angle": -22.5, "axis": "x", "origin": [8, 6.71821, 20.06285]},
			"faces": {
				"north": {"uv": [3, 5, 3.75, 6.75], "texture": "#2"},
				"east": {"uv": [3, 1.5, 4, 3.25], "texture": "#2"},
				"south": {"uv": [5.5, 3.5, 6.25, 5.25], "texture": "#2"},
				"west": {"uv": [3, 3.25, 4, 5], "texture": "#2"},
				"up": {"uv": [7, 4.5, 6.25, 3.5], "texture": "#2"},
				"down": {"uv": [2.25, 6.5, 1.5, 7.5], "texture": "#2"}
			}
		},
		{
			"from": [6.63, 9.31135, 16.18763],
			"to": [9.37, 9.80135, 19.17763],
			"rotation": {"angle": 0, "axis": "y", "origin": [8, 9.55635, 17.68263]},
			"faces": {
				"north": {"uv": [5.25, 8.25, 6, 8.375], "texture": "#2"},
				"east": {"uv": [8.25, 5.5, 9, 5.625], "texture": "#2"},
				"south": {"uv": [8.25, 5.75, 9, 5.875], "texture": "#2"},
				"west": {"uv": [8.25, 6, 9, 6.125], "texture": "#2"},
				"up": {"uv": [0.75, 7.5, 0, 6.75], "texture": "#2"},
				"down": {"uv": [7.5, 1, 6.75, 1.75], "texture": "#2"}
			}
		},
		{
			"from": [6.63, 0.9898, 20.1031],
			"to": [9.37, 3.9798, 21.0931],
			"rotation": {"angle": 22.5, "axis": "x", "origin": [8, 5.76291, 20.34068]},
			"faces": {
				"north": {"uv": [6.75, 1.75, 7.5, 2.5], "texture": "#2"},
				"east": {"uv": [3.75, 5, 4, 5.75], "texture": "#2"},
				"west": {"uv": [3.25, 7.5, 3.5, 8.25], "texture": "#2"},
				"up": {"uv": [8.5, 6.75, 7.75, 6.5], "texture": "#2"},
				"down": {"uv": [8.5, 6.75, 7.75, 7], "texture": "#2"}
			}
		},
		{
			"from": [6.63, 2.42089, 18.85463],
			"to": [9.37, 5.41089, 19.84463],
			"rotation": {"angle": 0, "axis": "y", "origin": [8, 5.76291, 20.34068]},
			"faces": {
				"north": {"uv": [2.75, 6.75, 3.5, 7.5], "texture": "#2"},
				"east": {"uv": [7.75, 7, 8, 7.75], "texture": "#2"},
				"west": {"uv": [7.75, 7.75, 8, 8.5], "texture": "#2"},
				"up": {"uv": [1.5, 8.25, 0.75, 8], "texture": "#2"},
				"down": {"uv": [4.5, 8, 3.75, 8.25], "texture": "#2"}
			}
		},
		{
			"from": [7.25, 9.6, 14],
			"to": [8.75, 11.1, 20.5],
			"rotation": {"angle": 0, "axis": "y", "origin": [7.25, 0, 0]},
			"faces": {
				"north": {"uv": [2.75, 8, 3.125, 8.375], "texture": "#2"},
				"east": {"uv": [6.5, 5.5, 8.125, 5.875], "texture": "#2"},
				"south": {"uv": [6, 8, 6.375, 8.375], "texture": "#2"},
				"west": {"uv": [6.5, 6, 8.125, 6.375], "texture": "#2"},
				"up": {"uv": [2.625, 8.125, 2.25, 6.5], "texture": "#2"},
				"down": {"uv": [6.875, 6.5, 6.5, 8.125], "texture": "#2"}
			}
		},
		{
			"from": [7.255, 9.64358, 13.69896],
			"to": [8.745, 11.13358, 14.18896],
			"rotation": {"angle": -22.5, "axis": "x", "origin": [8, 10.38858, 13.94396]},
			"faces": {
				"north": {"uv": [8, 7.25, 8.375, 7.625], "texture": "#2"},
				"east": {"uv": [7.5, 8.25, 7.625, 8.625], "texture": "#2"},
				"south": {"uv": [8, 7.75, 8.375, 8.125], "texture": "#2"},
				"west": {"uv": [8, 8.25, 8.125, 8.625], "texture": "#2"},
				"up": {"uv": [8.625, 8.375, 8.25, 8.25], "texture": "#2"},
				"down": {"uv": [8.875, 0, 8.5, 0.125], "texture": "#2"}
			}
		},
		{
			"from": [7.5, 9.75, 6.35],
			"to": [8.5, 10.75, 14.35],
			"rotation": {"angle": 0, "axis": "y", "origin": [6.5, 0, 0]},
			"faces": {
				"north": {"uv": [2.75, 6.5, 3, 6.75], "texture": "#2"},
				"east": {"uv": [6.75, 2.5, 8.75, 2.75], "texture": "#2"},
				"south": {"uv": [7.25, 8.25, 7.5, 8.5], "texture": "#2"},
				"west": {"uv": [6.75, 2.75, 8.75, 3], "texture": "#2"},
				"up": {"uv": [4.75, 8, 4.5, 6], "texture": "#2"},
				"down": {"uv": [3.75, 6.75, 3.5, 8.75], "texture": "#2"}
			}
		},
		{
			"from": [8, 6.5, 11],
			"to": [8, 10, 19],
			"rotation": {"angle": 0, "axis": "y", "origin": [6, 0, 0]},
			"faces": {
				"north": {"uv": [0, 0, 0, 0.875], "texture": "#2"},
				"east": {"uv": [4, 1.5, 6, 2.375], "texture": "#2"},
				"south": {"uv": [0, 0, 0, 0.875], "texture": "#2"},
				"west": {"uv": [4, 2.5, 6, 3.375], "texture": "#2"},
				"up": {"uv": [0, 2, 0, 0], "texture": "#2"},
				"down": {"uv": [0, 0, 0, 2], "texture": "#2"}
			}
		}
	],
	"display": {
		"thirdperson": {
			"rotation": [90, 0, -180],
			"translation": [0, 2.4, -1.3],
			"scale": [0.4, 0.4, 0.35]
		},
		"firstperson": {
			"rotation": [0, -50, 0],
			"translation": [-6, 5.6, 0.2],
			"scale": [0.55, 0.55, 0.55]
		},
		"ground": {
			"translation": [0, 2, 0],
			"scale": [1.3, 1.3, 1.3]
		},
		"gui": {
			"translation": [1, 1, 0],
			"rotation": [40, 225, 0],
			"scale": [0.7, 0.7, 0.7]
		}
	},
	"groups": [
		0,
		1,
		2,
		{
			"name": "group",
			"origin": [7.5, 0, 0],
			"color": 0,
			"children": [3, 4]
		},
		5,
		{
			"name": "group",
			"origin": [0, 0, 0],
			"color": 0,
			"children": [6, 7, 8]
		},
		{
			"name": "group",
			"origin": [7.875, 3.26589, 17.14963],
			"color": 0,
			"children": [9, 10, 11, 12, 13, 14, 15, 16]
		},
		{
			"name": "group",
			"origin": [8.25, 11.44096, 16.48463],
			"color": 0,
			"children": [17, 18]
		},
		19,
		20
	]
}