{
	"credit": "Made with Blockbench",
	"texture_size": [64, 64],
	"textures": {
		"0": "weapons/rpg",
		"particle": "weapons/rpg"
	},
	"elements": [
		{
			"from": [7.25, 4, -1],
			"to": [8.75, 5.5, 8],
			"rotation": {"angle": 0, "axis": "y", "origin": [6.75, 0, 0]},
			"faces": {
				"north": {"uv": [7.25, 1.5, 7.625, 1.875], "texture": "#0"},
				"east": {"uv": [3, 0, 5.25, 0.375], "texture": "#0"},
				"south": {"uv": [3, 7.25, 3.375, 7.625], "texture": "#0"},
				"west": {"uv": [3, 0.5, 5.25, 0.875], "texture": "#0"},
				"up": {"uv": [0.375, 5.75, 0, 3.5], "texture": "#0"},
				"down": {"uv": [0.875, 3.5, 0.5, 5.75], "texture": "#0"}
			}
		},
		{
			"from": [7, 3.75, 7.5],
			"to": [9, 5.75, 12],
			"rotation": {"angle": 0, "axis": "y", "origin": [7, 0, 0]},
			"faces": {
				"north": {"uv": [3, 6.75, 3.5, 7.25], "texture": "#0"},
				"east": {"uv": [4.75, 3, 5.875, 3.5], "texture": "#0"},
				"south": {"uv": [6.75, 3, 7.25, 3.5], "texture": "#0"},
				"west": {"uv": [4.75, 3.5, 5.875, 4], "texture": "#0"},
				"up": {"uv": [2, 6.125, 1.5, 5], "texture": "#0"},
				"down": {"uv": [2.5, 5, 2, 6.125], "texture": "#0"}
			}
		},
		{
			"from": [6.75, 3.5, 12],
			"to": [9.25, 6, 19.5],
			"rotation": {"angle": 0, "axis": "y", "origin": [7, 0, 0]},
			"faces": {
				"north": {"uv": [0, 5.75, 0.625, 6.375], "texture": "#0"},
				"east": {"uv": [0, 0, 1.875, 0.625], "texture": "#0"},
				"south": {"uv": [5.75, 1.5, 6.375, 2.125], "texture": "#0"},
				"west": {"uv": [0, 0.75, 1.875, 1.375], "texture": "#0"},
				"up": {"uv": [0.625, 3.375, 0, 1.5], "texture": "#0"},
				"down": {"uv": [1.375, 1.5, 0.75, 3.375], "texture": "#0"}
			}
		},
		{
			"from": [7.125, 3.875, 19.5],
			"to": [8.875, 5.625, 25.5],
			"rotation": {"angle": 0, "axis": "y", "origin": [7.125, 0, 0]},
			"faces": {
				"north": {"uv": [3.5, 6.75, 4, 7.25], "texture": "#0"},
				"east": {"uv": [4, 1, 5.5, 1.5], "texture": "#0"},
				"south": {"uv": [4, 6.75, 4.5, 7.25], "texture": "#0"},
				"west": {"uv": [4.75, 2.5, 6.25, 3], "texture": "#0"},
				"up": {"uv": [1.5, 5, 1, 3.5], "texture": "#0"},
				"down": {"uv": [1.5, 5, 1, 6.5], "texture": "#0"}
			}
		},
		{
			"from": [6.875, 3.625, 25.5],
			"to": [9.125, 5.875, 28],
			"rotation": {"angle": 0, "axis": "y", "origin": [6.875, 0, 0]},
			"faces": {
				"north": {"uv": [5.75, 4, 6.375, 4.625], "texture": "#0"},
				"east": {"uv": [5.75, 4.75, 6.375, 5.375], "texture": "#0"},
				"south": {"uv": [6, 0, 6.625, 0.625], "texture": "#0"},
				"west": {"uv": [6, 3, 6.625, 3.625], "texture": "#0"},
				"up": {"uv": [3.875, 6.625, 3.25, 6], "texture": "#0"},
				"down": {"uv": [4.625, 6, 4, 6.625], "texture": "#0"}
			}
		},
		{
			"from": [6.625, 3.375, 28],
			"to": [9.375, 6.125, 30],
			"rotation": {"angle": 0, "axis": "y", "origin": [6.625, 0, 0]},
			"faces": {
				"north": {"uv": [5, 1.5, 5.75, 2.25], "texture": "#0"},
				"east": {"uv": [1.5, 6.25, 2, 7], "texture": "#0"},
				"south": {"uv": [5, 4, 5.75, 4.75], "texture": "#0"},
				"west": {"uv": [2, 6.25, 2.5, 7], "texture": "#0"},
				"up": {"uv": [7, 2.75, 6.25, 2.25], "texture": "#0"},
				"down": {"uv": [3.25, 6.25, 2.5, 6.75], "texture": "#0"}
			}
		},
		{
			"from": [6.125, 2.875, 30],
			"to": [9.875, 6.625, 31],
			"rotation": {"angle": 0, "axis": "y", "origin": [6.125, 0, 0]},
			"faces": {
				"north": {"uv": [1.5, 1.5, 2.5, 2.5], "texture": "#0"},
				"east": {"uv": [4.75, 6, 5, 7], "texture": "#0"},
				"south": {"uv": [2, 0, 3, 1], "texture": "#0"},
				"west": {"uv": [1.25, 6.5, 1.5, 7.5], "texture": "#0"},
				"up": {"uv": [7.5, 2.25, 6.5, 2], "texture": "#0"},
				"down": {"uv": [7.75, 3.5, 6.75, 3.75], "texture": "#0"}
			}
		},
		{
			"from": [7.5, 0.25, 10.25],
			"to": [8.5, 4.25, 11.75],
			"rotation": {"angle": 0, "axis": "y", "origin": [6.5, 0, 0]},
			"faces": {
				"north": {"uv": [4.5, 6.75, 4.75, 7.75], "texture": "#0"},
				"east": {"uv": [6, 6.25, 6.375, 7.25], "texture": "#0"},
				"south": {"uv": [5, 6.75, 5.25, 7.75], "texture": "#0"},
				"west": {"uv": [0, 6.5, 0.375, 7.5], "texture": "#0"},
				"up": {"uv": [7.5, 4.625, 7.25, 4.25], "texture": "#0"},
				"down": {"uv": [5.5, 7.25, 5.25, 7.625], "texture": "#0"}
			}
		},
		{
			"from": [7.375, 3.5, 2.5],
			"to": [8.625, 4.5, 7],
			"rotation": {"angle": 0, "axis": "y", "origin": [6.375, 0, 0]},
			"faces": {
				"north": {"uv": [7.25, 5.5, 7.625, 5.75], "texture": "#0"},
				"east": {"uv": [5, 2.25, 6.125, 2.5], "texture": "#0"},
				"south": {"uv": [7.25, 5.75, 7.625, 6], "texture": "#0"},
				"west": {"uv": [6.25, 2.75, 7.375, 3], "texture": "#0"},
				"up": {"uv": [5.375, 6.625, 5, 5.5], "texture": "#0"},
				"down": {"uv": [5.875, 5.5, 5.5, 6.625], "texture": "#0"}
			}
		},
		{
			"from": [7.375, 1.5, 4],
			"to": [8.625, 3.5, 6.5],
			"rotation": {"angle": 0, "axis": "y", "origin": [6.375, 0, 0]},
			"faces": {
				"north": {"uv": [7, 2.25, 7.375, 2.75], "texture": "#0"},
				"east": {"uv": [6.5, 3.75, 7.125, 4.25], "texture": "#0"},
				"south": {"uv": [6.5, 7, 6.875, 7.5], "texture": "#0"},
				"west": {"uv": [6.5, 4.25, 7.125, 4.75], "texture": "#0"},
				"up": {"uv": [1.875, 7.625, 1.5, 7], "texture": "#0"},
				"down": {"uv": [2.375, 7, 2, 7.625], "texture": "#0"}
			}
		},
		{
			"from": [7.38, 2.27277, 2.15145],
			"to": [8.62, 4.26277, 5.14145],
			"rotation": {"angle": 45, "axis": "x", "origin": [8, 3.26777, 3.64645]},
			"faces": {
				"north": {"uv": [7, 6.75, 7.375, 7.25], "texture": "#0"},
				"east": {"uv": [0.5, 6.5, 1.25, 7], "texture": "#0"},
				"south": {"uv": [7.25, 0, 7.625, 0.5], "texture": "#0"},
				"west": {"uv": [6.5, 1.5, 7.25, 2], "texture": "#0"},
				"up": {"uv": [6.875, 5.5, 6.5, 4.75], "texture": "#0"},
				"down": {"uv": [6.875, 6.25, 6.5, 7], "texture": "#0"}
			}
		},
		{
			"from": [7.5, -1, 4.5],
			"to": [8.5, 2, 6],
			"rotation": {"angle": 0, "axis": "y", "origin": [7.5, 0, 0]},
			"faces": {
				"north": {"uv": [0.75, 5.75, 1, 6.5], "texture": "#0"},
				"east": {"uv": [6.75, 0, 7.125, 0.75], "texture": "#0"},
				"south": {"uv": [5.75, 6.75, 6, 7.5], "texture": "#0"},
				"west": {"uv": [2.5, 6.75, 2.875, 7.5], "texture": "#0"},
				"up": {"uv": [5.75, 7.625, 5.5, 7.25], "texture": "#0"},
				"down": {"uv": [6.25, 7.25, 6, 7.625], "texture": "#0"}
			}
		},
		{
			"from": [7.25, 4, -11.5],
			"to": [8.75, 5.5, -2],
			"rotation": {"angle": 0, "axis": "y", "origin": [6.75, 3.5, -3]},
			"faces": {
				"north": {"uv": [7.25, 3, 7.625, 3.375], "texture": "#0"},
				"east": {"uv": [2.5, 1.5, 4.875, 1.875], "texture": "#0"},
				"south": {"uv": [3.5, 7.25, 3.875, 7.625], "texture": "#0"},
				"west": {"uv": [2.5, 2, 4.875, 2.375], "texture": "#0"},
				"up": {"uv": [2.875, 5.375, 2.5, 3], "texture": "#0"},
				"down": {"uv": [3.375, 3, 3, 5.375], "texture": "#0"}
			}
		},
		{
			"from": [7.5, 4.25, -12.5],
			"to": [8.5, 5.25, -11.5],
			"rotation": {"angle": 0, "axis": "y", "origin": [6.5, 3.5, -3]},
			"faces": {
				"north": {"uv": [5.25, 0.75, 5.5, 1], "texture": "#0"},
				"east": {"uv": [6.75, 6, 7, 6.25], "texture": "#0"},
				"south": {"uv": [7.5, 2, 7.75, 2.25], "texture": "#0"},
				"west": {"uv": [7.5, 2.25, 7.75, 2.5], "texture": "#0"},
				"up": {"uv": [2.75, 7.75, 2.5, 7.5], "texture": "#0"},
				"down": {"uv": [7.75, 2.5, 7.5, 2.75], "texture": "#0"}
			}
		},
		{
			"from": [7.75, 4.5, -13.5],
			"to": [8.25, 5, -12.5],
			"rotation": {"angle": 0, "axis": "y", "origin": [6.25, 3.5, -3]},
			"faces": {
				"north": {"uv": [5.75, 7.5, 5.875, 7.625], "texture": "#0"},
				"east": {"uv": [7.5, 2.75, 7.75, 2.875], "texture": "#0"},
				"south": {"uv": [7.5, 6, 7.625, 6.125], "texture": "#0"},
				"west": {"uv": [7.5, 4.25, 7.75, 4.375], "texture": "#0"},
				"up": {"uv": [7.625, 4.75, 7.5, 4.5], "texture": "#0"},
				"down": {"uv": [7.625, 4.75, 7.5, 5], "texture": "#0"}
			}
		},
		{
			"from": [7, 3.75, -10.5],
			"to": [9, 5.75, -3],
			"rotation": {"angle": 0, "axis": "y", "origin": [7, 3.5, -3]},
			"faces": {
				"north": {"uv": [0.5, 7, 1, 7.5], "texture": "#0"},
				"east": {"uv": [2, 1, 3.875, 1.5], "texture": "#0"},
				"south": {"uv": [7, 0.75, 7.5, 1.25], "texture": "#0"},
				"west": {"uv": [1.5, 2.5, 3.375, 3], "texture": "#0"},
				"up": {"uv": [2, 4.875, 1.5, 3], "texture": "#0"},
				"down": {"uv": [2.5, 3, 2, 4.875], "texture": "#0"}
			}
		},
		{
			"from": [6.75, 3.5, -9.5],
			"to": [9.25, 6, -4.5],
			"rotation": {"angle": 0, "axis": "y", "origin": [6.75, 3.5, -3]},
			"faces": {
				"north": {"uv": [6, 5.5, 6.625, 6.125], "texture": "#0"},
				"east": {"uv": [3.5, 2.5, 4.75, 3.125], "texture": "#0"},
				"south": {"uv": [6.25, 0.75, 6.875, 1.375], "texture": "#0"},
				"west": {"uv": [3.5, 3.25, 4.75, 3.875], "texture": "#0"},
				"up": {"uv": [4.125, 5.25, 3.5, 4], "texture": "#0"},
				"down": {"uv": [4.875, 4, 4.25, 5.25], "texture": "#0"}
			}
		},
		{
			"from": [6.5, 3.25, -8.5],
			"to": [9.5, 6.25, -6],
			"rotation": {"angle": 0, "axis": "y", "origin": [6.5, 3.5, -3]},
			"faces": {
				"north": {"uv": [5, 4.75, 5.75, 5.5], "texture": "#0"},
				"east": {"uv": [3.5, 5.25, 4.125, 6], "texture": "#0"},
				"south": {"uv": [5.25, 0, 6, 0.75], "texture": "#0"},
				"west": {"uv": [4.25, 5.25, 4.875, 6], "texture": "#0"},
				"up": {"uv": [6.25, 1.375, 5.5, 0.75], "texture": "#0"},
				"down": {"uv": [3.25, 5.5, 2.5, 6.125], "texture": "#0"}
			}
		},
		{
			"from": [7, 3.75, -2],
			"to": [9, 5.75, -1],
			"rotation": {"angle": 0, "axis": "y", "origin": [7, 3.5, -3]},
			"faces": {
				"north": {"uv": [5.25, 6.75, 5.75, 7.25], "texture": "#0"},
				"east": {"uv": [3.25, 5.5, 3.5, 6], "texture": "#0"},
				"south": {"uv": [6.75, 5.5, 7.25, 6], "texture": "#0"},
				"west": {"uv": [7.25, 3.75, 7.5, 4.25], "texture": "#0"},
				"up": {"uv": [6.5, 4, 6, 3.75], "texture": "#0"},
				"down": {"uv": [4.5, 7.25, 4, 7.5], "texture": "#0"}
			}
		},
		{
			"from": [7.5, 5.5, -0.5],
			"to": [8.5, 6, 2],
			"rotation": {"angle": 0, "axis": "y", "origin": [7.5, 0, 0]},
			"faces": {
				"north": {"uv": [7.5, 5, 7.75, 5.125], "texture": "#0"},
				"east": {"uv": [7.5, 0.75, 8.125, 0.875], "texture": "#0"},
				"south": {"uv": [7.5, 5.25, 7.75, 5.375], "texture": "#0"},
				"west": {"uv": [7.5, 1, 8.125, 1.125], "texture": "#0"},
				"up": {"uv": [1.25, 7.625, 1, 7], "texture": "#0"},
				"down": {"uv": [5, 7, 4.75, 7.625], "texture": "#0"}
			}
		},
		{
			"from": [7.25, 5.5, 8.5],
			"to": [8.75, 6.5, 11],
			"rotation": {"angle": 0, "axis": "y", "origin": [7, 0, 0]},
			"faces": {
				"north": {"uv": [7, 7.25, 7.375, 7.5], "texture": "#0"},
				"east": {"uv": [7, 1.25, 7.625, 1.5], "texture": "#0"},
				"south": {"uv": [0, 7.5, 0.375, 7.75], "texture": "#0"},
				"west": {"uv": [7.25, 0.5, 7.875, 0.75], "texture": "#0"},
				"up": {"uv": [7.375, 5.375, 7, 4.75], "texture": "#0"},
				"down": {"uv": [7.375, 6, 7, 6.625], "texture": "#0"}
			}
		},
		{
			"from": [7.75, 6.25, 10.5],
			"to": [8.25, 7.75, 11],
			"rotation": {"angle": 22.5, "axis": "x", "origin": [7.25, 7.25, 10.75]},
			"faces": {
				"north": {"uv": [2.75, 7.5, 2.875, 7.875], "texture": "#0"},
				"east": {"uv": [7.5, 3.75, 7.625, 4.125], "texture": "#0"},
				"south": {"uv": [4, 7.5, 4.125, 7.875], "texture": "#0"},
				"west": {"uv": [4.25, 7.5, 4.375, 7.875], "texture": "#0"},
				"up": {"uv": [7.625, 6.375, 7.5, 6.25], "texture": "#0"},
				"down": {"uv": [6.625, 7.5, 6.5, 7.625], "texture": "#0"}
			}
		},
		{
			"from": [7.75, 4.36438, 0.07928],
			"to": [8.25, 6.86438, 0.57928],
			"rotation": {"angle": 45, "axis": "x", "origin": [8.5, 6.11438, 1.07928]},
			"faces": {
				"north": {"uv": [6.25, 7.25, 6.375, 7.875], "texture": "#0"},
				"east": {"uv": [0.5, 7.5, 0.625, 8.125], "texture": "#0"},
				"south": {"uv": [0.75, 7.5, 0.875, 8.125], "texture": "#0"},
				"west": {"uv": [1.25, 7.5, 1.375, 8.125], "texture": "#0"},
				"up": {"uv": [7.625, 6.625, 7.5, 6.5], "texture": "#0"},
				"down": {"uv": [6.875, 7.5, 6.75, 7.625], "texture": "#0"}
			}
		}
	],
	"display": {
		"thirdperson": {
			"rotation": [90, 0, -180],
			"translation": [0, 2.4, -3.8],
			"scale": [0.7, 1, 0.7]
		},
		"firstperson": {
			"rotation": [0, -55, 0],
			"translation": [-5.5, 7.5, -0.3],
			"scale": [0.8, 1.1, 0.8]
		},
		"ground": {
			"translation": [0, 2, 0],
			"scale": [2.2, 2.2, 2.2]
		},
		"gui": {
			"translation": [-1.5, 2, 0],
			"rotation": [40, 225, 0],
			"scale": [0.7, 1.4, 0.7]
		}
	}
}