{
	"credit": "Made with Blockbench",
	"texture_size": [64, 64],
	"textures": {
		"2": "explosives/c4"
	},
	"elements": [
		{
			"from": [3.275, -0.1002, 4.9625],
			"to": [12.725, 3.2748, 11.0375],
			"rotation": {"angle": 0, "axis": "y", "origin": [2.6, -0.1002, 4.9625]},
			"faces": {
				"north": {"uv": [7, 5.5, 10.5, 6.75], "texture": "#2"},
				"east": {"uv": [2.5, 7.75, 4.75, 9], "texture": "#2"},
				"south": {"uv": [7, 6.75, 10.5, 8], "texture": "#2"},
				"west": {"uv": [4.75, 7.75, 7, 9], "texture": "#2"},
				"up": {"uv": [3.5, 7.75, 0, 5.5], "texture": "#2"},
				"down": {"uv": [7, 5.5, 3.5, 7.75], "texture": "#2"}
			}
		},
		{
			"from": [6.3125, 1.9248, 5.6375],
			"to": [9.6875, 3.9498, 7.6625],
			"rotation": {"angle": -22.5, "axis": "x", "origin": [8, 2.9373, 6.65]},
			"faces": {
				"north": {"uv": [6.25, 9.25, 7.5, 10], "texture": "#2"},
				"east": {"uv": [6.25, 10, 7, 10.75], "texture": "#2"},
				"south": {"uv": [7.5, 9.25, 8.75, 10], "texture": "#2"},
				"west": {"uv": [7, 10, 7.75, 10.75], "texture": "#2"},
				"up": {"uv": [10, 10, 8.75, 9.25], "texture": "#2"},
				"down": {"uv": [5.75, 9.75, 4.5, 10.5], "texture": "#2"}
			}
		},
		{
			"from": [9.6875, -0.26895, 4.625],
			"to": [11.0375, 3.78105, 11.375],
			"rotation": {"angle": -22.5, "axis": "z", "origin": [10.3625, 1.75605, 8]},
			"faces": {
				"north": {"uv": [1.75, 9.25, 2.25, 10.75], "texture": "#2"},
				"east": {"uv": [7.5, 0, 10, 1.5], "texture": "#2"},
				"south": {"uv": [5.75, 9.75, 6.25, 11.25], "texture": "#2"},
				"west": {"uv": [7.5, 1.5, 10, 3], "texture": "#2"},
				"up": {"uv": [3, 11.5, 2.5, 9], "texture": "#2"},
				"down": {"uv": [3.5, 9, 3, 11.5], "texture": "#2"}
			}
		},
		{
			"from": [4.9625, -0.26895, 4.625],
			"to": [6.3125, 3.78105, 11.375],
			"rotation": {"angle": 22.5, "axis": "z", "origin": [5.6375, 1.75605, 8]},
			"faces": {
				"north": {"uv": [10, 1.5, 10.5, 3], "texture": "#2"},
				"east": {"uv": [7.5, 3, 10, 4.5], "texture": "#2"},
				"south": {"uv": [10, 3, 10.5, 4.5], "texture": "#2"},
				"west": {"uv": [0, 7.75, 2.5, 9.25], "texture": "#2"},
				"up": {"uv": [4, 11.5, 3.5, 9], "texture": "#2"},
				"down": {"uv": [4.5, 9, 4, 11.5], "texture": "#2"}
			}
		},
		{
			"from": [7.325, 3.10605, 5.6375],
			"to": [7.325, 6.48105, 10.3625],
			"rotation": {"angle": -22.5, "axis": "y", "origin": [7.325, 4.79355, 8]},
			"faces": {
				"east": {"uv": [7, 8, 8.75, 9.25], "texture": "#2"},
				"west": {"uv": [8.75, 8, 10.5, 9.25], "texture": "#2"}
			}
		},
		{
			"from": [2.2625, 0.2373, 7.325],
			"to": [12.3875, 7.6623, 7.325],
			"rotation": {"angle": 22.5, "axis": "y", "origin": [8.675, 5.2998, 7.325]},
			"faces": {
				"north": {"uv": [0, 0, 3.75, 2.75], "texture": "#2"},
				"south": {"uv": [0, 2.75, 3.75, 5.5], "texture": "#2"}
			}
		},
		{
			"from": [8.94651, -0.1002, 2.77912],
			"to": [8.94651, 7.3248, 12.90412],
			"rotation": {"angle": -22.5, "axis": "z", "origin": [8.94651, 3.6123, 7.84162]},
			"faces": {
				"east": {"uv": [3.75, 0, 7.5, 2.75], "texture": "#2"},
				"west": {"uv": [3.75, 2.75, 7.5, 5.5], "texture": "#2"}
			}
		},
		{
			"from": [5.80625, -0.63143, 4.67638],
			"to": [10.19375, 1.39357, 6.02638],
			"rotation": {"angle": -22.5, "axis": "x", "origin": [8.84375, -0.63143, 4.00138]},
			"faces": {
				"north": {"uv": [7.5, 4.5, 9.125, 5.25], "texture": "#2"},
				"east": {"uv": [7.75, 10, 8.25, 10.75], "texture": "#2"},
				"south": {"uv": [4.5, 9, 6.125, 9.75], "texture": "#2"},
				"west": {"uv": [8.25, 10, 8.75, 10.75], "texture": "#2"},
				"up": {"uv": [1.625, 10.5, 0, 10], "texture": "#2"},
				"down": {"uv": [11.625, 0, 10, 0.5], "texture": "#2"}
			}
		},
		{
			"from": [5.80625, -0.63143, 9.97362],
			"to": [10.19375, 1.39357, 11.32362],
			"rotation": {"angle": 22.5, "axis": "x", "origin": [7.15625, -0.63143, 11.99862]},
			"faces": {
				"north": {"uv": [4.5, 9, 6.125, 9.75], "texture": "#2"},
				"east": {"uv": [8.25, 10, 8.75, 10.75], "texture": "#2"},
				"south": {"uv": [7.5, 4.5, 9.125, 5.25], "texture": "#2"},
				"west": {"uv": [7.75, 10, 8.25, 10.75], "texture": "#2"},
				"up": {"uv": [0, 10, 1.625, 10.5], "texture": "#2"},
				"down": {"uv": [10, 0.5, 11.625, 0], "texture": "#2"}
			}
		}
	],
	"display": {
		"thirdperson": {
			"rotation": [90, 90, -180],
			"translation": [-1.5, 2.3, -0.5],
			"scale": [0.55, 0.55, 0.55]
		},
		"firstperson": {
			"rotation": [0, 0, 10],
			"translation": [-6, 6.7, 1.2],
			"scale": [0.65, 0.65, 0.65]
		},
		"ground": {
			"translation": [0, 2, 0],
			"scale": [1.8, 1.8, 1.8]
		},
		"gui": {
			"rotation": [-30, 0, 0],
			"translation": [-2.9, 2.8, 0],
			"scale": [2, 2, 2]
		}
	}
}