{
	"credit": "Made with Blockbench",
	"texture_size": [64, 64],
	"textures": {
		"1": "explosives/dynamite"
	},
	"elements": [
		{
			"from": [4.475, 1.78, 7.53],
			"to": [5.415, 2.72, 8.47],
			"rotation": {"angle": 0, "axis": "y", "origin": [8, 2.25, 8]},
			"faces": {
				"north": {"uv": [6.75, 7, 6.25, 7.5], "rotation": 90, "texture": "#1"},
				"east": {"uv": [5.75, 12.75, 6.25, 13.25], "rotation": 270, "texture": "#1"},
				"south": {"uv": [12.75, 12.25, 12.25, 12.75], "rotation": 270, "texture": "#1"},
				"west": {"uv": [5.25, 13.25, 5.75, 12.75], "rotation": 270, "texture": "#1"},
				"up": {"uv": [12, 12.5, 11.5, 13], "rotation": 270, "texture": "#1"},
				"down": {"uv": [12.75, 11.75, 12.25, 12.25], "rotation": 270, "texture": "#1"}
			}
		},
		{
			"from": [0.48, 2.25, 5.885],
			"to": [7.06, 2.25, 10.115],
			"rotation": {"angle": 22.5, "axis": "x", "origin": [8, 2.25, 8]},
			"faces": {
				"up": {"uv": [4.5, 0, 2.25, 3.5], "rotation": 270, "texture": "#1"},
				"down": {"uv": [2.25, 0, 0, 3.5], "rotation": 270, "texture": "#1"}
			}
		},
		{
			"from": [0.48, 2.25, 5.885],
			"to": [7.06, 2.25, 10.115],
			"rotation": {"angle": -22.5, "axis": "x", "origin": [8, 2.25, 8]},
			"faces": {
				"up": {"uv": [4.5, 3.5, 2.25, 7], "rotation": 270, "texture": "#1"},
				"down": {"uv": [2.25, 3.5, 0, 7], "rotation": 270, "texture": "#1"}
			}
		},
		{
			"from": [0.48, 0.135, 8],
			"to": [7.06, 4.365, 8],
			"rotation": {"angle": 0, "axis": "y", "origin": [8, 2.25, 8]},
			"faces": {
				"north": {"uv": [6.75, 0, 4.5, 3.5], "rotation": 90, "texture": "#1"},
				"south": {"uv": [4.5, 0, 6.75, 3.5], "rotation": 270, "texture": "#1"}
			}
		},
		{
			"from": [6.59, 0.0175, 7.295],
			"to": [14.11, 1.4275, 8.705],
			"rotation": {"angle": 0, "axis": "y", "origin": [8, 2.25, 8]},
			"faces": {
				"north": {"uv": [2.5, 7, 1.75, 11], "rotation": 90, "texture": "#1"},
				"east": {"uv": [11.5, 9.5, 12.25, 10.25], "rotation": 270, "texture": "#1"},
				"south": {"uv": [4, 7, 3.25, 11], "rotation": 270, "texture": "#1"},
				"west": {"uv": [7.75, 12.25, 8.5, 11.5], "rotation": 270, "texture": "#1"},
				"up": {"uv": [4.75, 7, 4, 11], "rotation": 270, "texture": "#1"},
				"down": {"uv": [3.25, 7, 2.5, 11], "rotation": 270, "texture": "#1"}
			}
		},
		{
			"from": [6.59, 3.0725, 7.295],
			"to": [14.11, 4.4825, 8.705],
			"rotation": {"angle": 0, "axis": "y", "origin": [8, 2.25, 8]},
			"faces": {
				"north": {"uv": [5.5, 7, 4.75, 11], "rotation": 90, "texture": "#1"},
				"east": {"uv": [11.5, 11, 12.25, 11.75], "rotation": 270, "texture": "#1"},
				"south": {"uv": [7, 7.5, 6.25, 11.5], "rotation": 270, "texture": "#1"},
				"west": {"uv": [11.5, 11, 12.25, 10.25], "rotation": 270, "texture": "#1"},
				"up": {"uv": [7.75, 7.5, 7, 11.5], "rotation": 270, "texture": "#1"},
				"down": {"uv": [6.25, 7, 5.5, 11], "rotation": 270, "texture": "#1"}
			}
		},
		{
			"from": [6.59, 1.545, 7.295],
			"to": [14.11, 2.955, 8.705],
			"rotation": {"angle": 0, "axis": "y", "origin": [8, 2.25, 8]},
			"faces": {
				"north": {"uv": [8.5, 7.5, 7.75, 11.5], "rotation": 90, "texture": "#1"},
				"east": {"uv": [5.25, 12, 6, 12.75], "rotation": 270, "texture": "#1"},
				"south": {"uv": [9.25, 4, 8.5, 8], "rotation": 270, "texture": "#1"},
				"west": {"uv": [11.5, 12.5, 12.25, 11.75], "rotation": 270, "texture": "#1"},
				"up": {"uv": [9.25, 8, 8.5, 12], "rotation": 270, "texture": "#1"},
				"down": {"uv": [9.25, 0, 8.5, 4], "rotation": 270, "texture": "#1"}
			}
		},
		{
			"from": [6.59, 2.30875, 5.7675],
			"to": [14.11, 3.71875, 7.1775],
			"rotation": {"angle": 0, "axis": "y", "origin": [8, 2.25, 8]},
			"faces": {
				"north": {"uv": [10, 0, 9.25, 4], "rotation": 90, "texture": "#1"},
				"east": {"uv": [6.75, 12, 7.5, 12.75], "rotation": 270, "texture": "#1"},
				"south": {"uv": [10, 8, 9.25, 12], "rotation": 270, "texture": "#1"},
				"west": {"uv": [6, 12.75, 6.75, 12], "rotation": 270, "texture": "#1"},
				"up": {"uv": [0.75, 9.5, 0, 13.5], "rotation": 270, "texture": "#1"},
				"down": {"uv": [10, 4, 9.25, 8], "rotation": 270, "texture": "#1"}
			}
		},
		{
			"from": [6.59, 0.78125, 5.7675],
			"to": [14.11, 2.19125, 7.1775],
			"rotation": {"angle": 0, "axis": "y", "origin": [8, 2.25, 8]},
			"faces": {
				"north": {"uv": [1.5, 9.5, 0.75, 13.5], "rotation": 90, "texture": "#1"},
				"east": {"uv": [9.25, 12, 10, 12.75], "rotation": 270, "texture": "#1"},
				"south": {"uv": [10.75, 4, 10, 8], "rotation": 270, "texture": "#1"},
				"west": {"uv": [8.5, 12.75, 9.25, 12], "rotation": 270, "texture": "#1"},
				"up": {"uv": [10.75, 8, 10, 12], "rotation": 270, "texture": "#1"},
				"down": {"uv": [10.75, 0, 10, 4], "rotation": 270, "texture": "#1"}
			}
		},
		{
			"from": [6.59, 2.30875, 8.8225],
			"to": [14.11, 3.71875, 10.2325],
			"rotation": {"angle": 0, "axis": "y", "origin": [8, 2.25, 8]},
			"faces": {
				"north": {"uv": [3, 11, 2.25, 15], "rotation": 90, "texture": "#1"},
				"east": {"uv": [12.25, 9.5, 13, 10.25], "rotation": 270, "texture": "#1"},
				"south": {"uv": [4.5, 11, 3.75, 15], "rotation": 270, "texture": "#1"},
				"west": {"uv": [7.5, 13, 8.25, 12.25], "rotation": 270, "texture": "#1"},
				"up": {"uv": [5.25, 11, 4.5, 15], "rotation": 270, "texture": "#1"},
				"down": {"uv": [3.75, 11, 3, 15], "rotation": 270, "texture": "#1"}
			}
		},
		{
			"from": [6.59, 0.78125, 8.8225],
			"to": [14.11, 2.19125, 10.2325],
			"rotation": {"angle": 0, "axis": "y", "origin": [8, 2.25, 8]},
			"faces": {
				"north": {"uv": [11.5, 0, 10.75, 4], "rotation": 90, "texture": "#1"},
				"east": {"uv": [10.75, 12, 11.5, 12.75], "rotation": 270, "texture": "#1"},
				"south": {"uv": [11.5, 8, 10.75, 12], "rotation": 270, "texture": "#1"},
				"west": {"uv": [10, 12.75, 10.75, 12], "rotation": 270, "texture": "#1"},
				"up": {"uv": [2.25, 11, 1.5, 15], "rotation": 270, "texture": "#1"},
				"down": {"uv": [11.5, 4, 10.75, 8], "rotation": 270, "texture": "#1"}
			}
		},
		{
			"from": [8.00235, 0.60735, 5.65235],
			"to": [8.93765, 3.89265, 10.34765],
			"rotation": {"angle": 0, "axis": "y", "origin": [8, 2.25, 8]},
			"faces": {
				"north": {"uv": [13.25, 7.5, 11.5, 8], "rotation": 90, "texture": "#1"},
				"east": {"uv": [6.75, 2.5, 8.5, 5], "rotation": 270, "texture": "#1"},
				"south": {"uv": [13.25, 8, 11.5, 8.5], "rotation": 270, "texture": "#1"},
				"west": {"uv": [6.75, 2.5, 8.5, 0], "rotation": 270, "texture": "#1"},
				"up": {"uv": [14, 4.5, 11.5, 5], "rotation": 270, "texture": "#1", "tintindex": 7},
				"down": {"uv": [14, 4, 11.5, 4.5], "rotation": 270, "texture": "#1"}
			}
		},
		{
			"from": [8, -0.1, 7.06],
			"to": [8.94, 4.6, 8.94],
			"rotation": {"angle": 0, "axis": "y", "origin": [8, 2.25, 8]},
			"faces": {
				"north": {"uv": [14, 5, 11.5, 5.5], "rotation": 90, "texture": "#1", "tintindex": 7},
				"east": {"uv": [11.5, 1, 14, 2], "rotation": 270, "texture": "#1"},
				"south": {"uv": [7.75, 11.5, 5.25, 12], "rotation": 270, "texture": "#1"},
				"west": {"uv": [11.5, 1, 14, 0], "rotation": 270, "texture": "#1"},
				"up": {"uv": [13.25, 10.25, 12.25, 10.75], "rotation": 270, "texture": "#1"},
				"down": {"uv": [6.25, 11, 5.25, 11.5], "rotation": 270, "texture": "#1"}
			}
		},
		{
			"from": [11.76, -0.1, 7.06],
			"to": [12.7, 4.6, 8.94],
			"rotation": {"angle": 0, "axis": "y", "origin": [8, 2.25, 8]},
			"faces": {
				"north": {"uv": [14, 6.5, 11.5, 7], "rotation": 90, "texture": "#1", "tintindex": 7},
				"east": {"uv": [11.5, 3, 14, 4], "rotation": 270, "texture": "#1"},
				"south": {"uv": [14, 7, 11.5, 7.5], "rotation": 270, "texture": "#1"},
				"west": {"uv": [11.5, 3, 14, 2], "rotation": 270, "texture": "#1"},
				"up": {"uv": [13.25, 11.25, 12.25, 11.75], "rotation": 270, "texture": "#1"},
				"down": {"uv": [13.25, 10.75, 12.25, 11.25], "rotation": 270, "texture": "#1"}
			}
		},
		{
			"from": [11.76, 0.605, 5.65],
			"to": [12.7, 3.895, 10.35],
			"rotation": {"angle": 0, "axis": "y", "origin": [8, 2.25, 8]},
			"faces": {
				"north": {"uv": [13.25, 8.5, 11.5, 9], "rotation": 90, "texture": "#1"},
				"east": {"uv": [0, 7, 1.75, 9.5], "rotation": 270, "texture": "#1"},
				"south": {"uv": [13.25, 9, 11.5, 9.5], "rotation": 270, "texture": "#1"},
				"west": {"uv": [6.75, 7.5, 8.5, 5], "rotation": 270, "texture": "#1"},
				"up": {"uv": [14, 6, 11.5, 6.5], "rotation": 270, "texture": "#1", "tintindex": 7},
				"down": {"uv": [14, 5.5, 11.5, 6], "rotation": 270, "texture": "#1"}
			}
		}
	],
	"display": {
		"thirdperson": {
			"rotation": [90, 90, -180],
			"translation": [-1.5, 2.3, -0.5],
			"scale": [0.55, 0.55, 0.55]
		},
		"firstperson": {
			"rotation": [0, 0, -90],
			"translation": [-6, 6.7, 1.2],
			"scale": [0.65, 0.65, 0.65]
		},
		"ground": {
			"translation": [0, 2, 0],
			"scale": [1.8, 1.8, 1.8]
		},
		"gui": {
			"rotation": [-30, 0, 0],
			"translation": [-3.5, 2.8, 0],
			"scale": [2, 2, 2]
		}
	}
}