{
	"credit": "Made with Blockbench",
	"texture_size": [32, 32],
	"textures": {
		"0": "ammo/12ga_00_buckshots",
		"particle": "ammo/12ga_00_buckshots"
	},
	"elements": [
		{
			"from": [5, 1, 5],
			"to": [11, 2, 11],
			"rotation": {"angle": 0, "axis": "y", "origin": [5, 0, -1]},
			"faces": {
				"north": {"uv": [10.5, 0, 13.5, 0.5], "texture": "#0"},
				"east": {"uv": [10.5, 0.5, 13.5, 1], "texture": "#0"},
				"south": {"uv": [10.5, 1, 13.5, 1.5], "texture": "#0"},
				"west": {"uv": [10.5, 1.5, 13.5, 2], "texture": "#0"},
				"up": {"uv": [5.5, 9, 2.5, 6], "texture": "#0"},
				"down": {"uv": [8.5, 6, 5.5, 9], "texture": "#0"}
			}
		},
		{
			"from": [5.25, 2, 5.25],
			"to": [10.75, 3.5, 10.75],
			"rotation": {"angle": 0, "axis": "y", "origin": [5.25, 0, -1]},
			"faces": {
				"north": {"uv": [2.5, 9, 5.25, 9.75], "texture": "#0"},
				"east": {"uv": [5.5, 9, 8.25, 9.75], "texture": "#0"},
				"south": {"uv": [2.5, 10, 5.25, 10.75], "texture": "#0"},
				"west": {"uv": [5.5, 10, 8.25, 10.75], "texture": "#0"},
				"up": {"uv": [10.25, 2.75, 7.5, 0], "texture": "#0"},
				"down": {"uv": [10.25, 3, 7.5, 5.75], "texture": "#0"}
			}
		},
		{
			"from": [5.5, 3.5, 5.5],
			"to": [10.5, 15, 10.5],
			"rotation": {"angle": 0, "axis": "y", "origin": [5.5, 0, -1]},
			"faces": {
				"north": {"uv": [0, 0, 2.5, 5.75], "texture": "#0"},
				"east": {"uv": [2.5, 0, 5, 5.75], "texture": "#0"},
				"south": {"uv": [5, 0, 7.5, 5.75], "texture": "#0"},
				"west": {"uv": [0, 6, 2.5, 11.75], "texture": "#0"},
				"up": {"uv": [11, 8.5, 8.5, 6], "texture": "#0"},
				"down": {"uv": [11, 8.5, 8.5, 11], "texture": "#0"}
			}
		}
	],
	"display": {
		"thirdperson": {
			"rotation": [90, 0, -180],
			"translation": [0, 1.7, -1.2],
			"scale": [0.3, 0.3, 0.3]
		},
		"firstperson": {
			"rotation": [0, -55, 0],
			"translation": [-6, 4.5, 1.2],
			"scale": [0.4, 0.4, 0.4]
		},
		"ground": {
			"translation": [0, 2, 0],
			"scale": [1, 1, 1]
		},
		"gui": {
			"rotation": [0, 0, 0],
			"scale": [1.4, 1.4, 1.4]
		}
	}
}