{
	"credit": "Made with Blockbench",
	"texture_size": [64, 64],
	"textures": {
		"0": "armor/kevlar_helmet",
		"particle": "armor/kevlar_helmet"
	},
	"elements": [
		{
			"from": [3.5, 3.5, 5.15],
			"to": [12.5, 12.5, 12.15],
			"rotation": {"angle": 0, "axis": "y", "origin": [4.5, 3.5, 4.15]},
			"faces": {
				"north": {"uv": [0, 0, 2.25, 2.25], "texture": "#0"},
				"east": {"uv": [2.25, 3.5, 4, 5.75], "texture": "#0"},
				"south": {"uv": [0, 2.25, 2.25, 4.5], "texture": "#0"},
				"west": {"uv": [4, 3.5, 5.75, 5.75], "texture": "#0"},
				"up": {"uv": [2.25, 6.25, 0, 4.5], "texture": "#0"},
				"down": {"uv": [7, 0, 4.75, 1.75], "texture": "#0"}
			}
		},
		{
			"from": [4, 3.5, 11.15],
			"to": [12, 9.5, 14.15],
			"rotation": {"angle": 22.5, "axis": "x", "origin": [8, 7.5, 13.15]},
			"faces": {
				"north": {"uv": [6, 5.25, 8, 6.75], "texture": "#0"},
				"east": {"uv": [4.75, 1.75, 5.5, 3.25], "texture": "#0"},
				"south": {"uv": [0, 6.25, 2, 7.75], "texture": "#0"},
				"west": {"uv": [4.5, 7.25, 5.25, 8.75], "texture": "#0"},
				"up": {"uv": [9.75, 5.25, 7.75, 4.5], "texture": "#0"},
				"down": {"uv": [9.75, 6.75, 7.75, 7.5], "texture": "#0"}
			}
		},
		{
			"from": [4.5, 7.5, 5.65],
			"to": [11.5, 13.5, 13.65],
			"rotation": {"angle": -22.5, "axis": "x", "origin": [8, 9, 9.15]},
			"faces": {
				"north": {"uv": [6, 6.75, 7.75, 8.25], "texture": "#0"},
				"east": {"uv": [5.75, 3.75, 7.75, 5.25], "texture": "#0"},
				"south": {"uv": [7, 0, 8.75, 1.5], "texture": "#0"},
				"west": {"uv": [4, 5.75, 6, 7.25], "texture": "#0"},
				"up": {"uv": [7.5, 3.75, 5.75, 1.75], "texture": "#0"},
				"down": {"uv": [4, 5.75, 2.25, 7.75], "texture": "#0"}
			}
		},
		{
			"from": [11.75, 1, 2.9],
			"to": [12.75, 2.5, 8.9],
			"rotation": {"angle": -45, "axis": "x", "origin": [8.25, 5, 2.15]},
			"faces": {
				"north": {"uv": [5.75, 5.25, 6, 5.625], "texture": "#0"},
				"east": {"uv": [8.25, 8.25, 9.75, 8.625], "texture": "#0"},
				"south": {"uv": [4, 7.25, 4.25, 7.625], "texture": "#0"},
				"west": {"uv": [0, 8.5, 1.5, 8.875], "texture": "#0"},
				"up": {"uv": [5.75, 3.25, 5.5, 1.75], "texture": "#0"},
				"down": {"uv": [2.25, 6.25, 2, 7.75], "texture": "#0"}
			}
		},
		{
			"from": [3.25, 1, 2.9],
			"to": [4.25, 2.5, 8.9],
			"rotation": {"angle": -45, "axis": "x", "origin": [7.75, 5, 2.15]},
			"faces": {
				"north": {"uv": [4.25, 7.25, 4.5, 7.625], "texture": "#0"},
				"east": {"uv": [1.5, 8.5, 3, 8.875], "texture": "#0"},
				"south": {"uv": [8.75, 0.25, 9, 0.625], "texture": "#0"},
				"west": {"uv": [3, 8.5, 4.5, 8.875], "texture": "#0"},
				"up": {"uv": [4.75, 10.25, 4.5, 8.75], "texture": "#0"},
				"down": {"uv": [5, 8.75, 4.75, 10.25], "texture": "#0"}
			}
		},
		{
			"from": [3.75, -0.18569, 3.49184],
			"to": [12.25, 1.31431, 4.49184],
			"rotation": {"angle": -22.5, "axis": "x", "origin": [7.75, 3.81431, -2.25816]},
			"faces": {
				"north": {"uv": [8, 6, 10.125, 6.375], "texture": "#0"},
				"east": {"uv": [8.75, 0.75, 9, 1.125], "texture": "#0"},
				"south": {"uv": [5.25, 8.25, 7.375, 8.625], "texture": "#0"},
				"west": {"uv": [5, 8.75, 5.25, 9.125], "texture": "#0"},
				"up": {"uv": [10.125, 6.75, 8, 6.5], "texture": "#0"},
				"down": {"uv": [10.875, 0, 8.75, 0.25], "texture": "#0"}
			}
		},
		{
			"from": [3, 7.5, 4.15],
			"to": [13, 10.5, 11.15],
			"rotation": {"angle": 22.5, "axis": "x", "origin": [12.5, 9, 8.65]},
			"faces": {
				"north": {"uv": [7.5, 1.5, 10, 2.25], "texture": "#0"},
				"east": {"uv": [7.75, 7.5, 9.5, 8.25], "texture": "#0"},
				"south": {"uv": [7.5, 2.25, 10, 3], "texture": "#0"},
				"west": {"uv": [8, 5.25, 9.75, 6], "texture": "#0"},
				"up": {"uv": [4.75, 1.75, 2.25, 0], "texture": "#0"},
				"down": {"uv": [4.75, 1.75, 2.25, 3.5], "texture": "#0"}
			}
		},
		{
			"from": [3.5, 9.07822, 3.02955],
			"to": [12.5, 12.07822, 6.02955],
			"rotation": {"angle": -22.5, "axis": "x", "origin": [8, 10.07822, 4.52955]},
			"faces": {
				"north": {"uv": [7.5, 3, 9.75, 3.75], "texture": "#0"},
				"east": {"uv": [5.25, 7.25, 6, 8], "texture": "#0"},
				"south": {"uv": [0, 7.75, 2.25, 8.5], "texture": "#0"},
				"west": {"uv": [7.5, 8.25, 8.25, 9], "texture": "#0"},
				"up": {"uv": [4.5, 8.5, 2.25, 7.75], "texture": "#0"},
				"down": {"uv": [10, 3.75, 7.75, 4.5], "texture": "#0"}
			}
		}
	],
	"display": {
		"thirdperson": {
			"rotation": [0,  0, 180],
			"translation": [0, 1.2, -2.8],
			"scale": [0.45, 0.45, 0.45]
		},
		"firstperson": {
			"rotation": [0, 0, 0],
			"translation": [-6, 5, 1.2],
			"scale": [0.55, 0.55, 0.55]
		},
		"ground": {
			"translation": [0, 2, 0],
			"scale": [1.5, 1.5, 1.5]
		},
		"gui": {
			"rotation": [30, 0, 0],
			"scale": [1.35, 1.35, 1.35]
		},
		"head": {
			"scale": [1.8, 1.8, 1.8]
		}
	}
}