{
	"credit": "Made with Blockbench",
	"texture_size": [32, 32],
	"textures": {
		"1": "swords/baseball_bat_with_wire"
	},
	"elements": [
		{
			"from": [7, -7.25, 7],
			"to": [9, -5.25, 9],
			"rotation": {"angle": 0, "axis": "y", "origin": [7, -7.25, 7]},
			"faces": {
				"north": {"uv": [11.5, 3, 12.5, 4], "texture": "#1"},
				"east": {"uv": [11.5, 4, 12.5, 5], "texture": "#1"},
				"south": {"uv": [11.5, 5, 12.5, 6], "texture": "#1"},
				"west": {"uv": [12, 6, 13, 7], "texture": "#1"},
				"up": {"uv": [13, 8, 12, 7], "texture": "#1"},
				"down": {"uv": [13, 8, 12, 9], "texture": "#1"}
			}
		},
		{
			"from": [7.5, -5.25, 7.5],
			"to": [8.5, -1.25, 8.5],
			"rotation": {"angle": 0, "axis": "y", "origin": [7.5, -6.25, 7]},
			"faces": {
				"north": {"uv": [12, 9, 12.5, 11], "texture": "#1"},
				"east": {"uv": [12, 11, 12.5, 13], "texture": "#1"},
				"south": {"uv": [12.5, 3, 13, 5], "texture": "#1"},
				"west": {"uv": [12.5, 9, 13, 11], "texture": "#1"},
				"up": {"uv": [13, 12.5, 12.5, 12], "texture": "#1"},
				"down": {"uv": [13, 12.5, 12.5, 13], "texture": "#1"}
			}
		},
		{
			"from": [7, -1.25, 7],
			"to": [9, 5.75, 9],
			"rotation": {"angle": 0, "axis": "y", "origin": [7, 3.75, 6.5]},
			"faces": {
				"north": {"uv": [11, 6, 12, 9.5], "texture": "#1"},
				"east": {"uv": [9, 11, 10, 14.5], "texture": "#1"},
				"south": {"uv": [11, 9.5, 12, 13], "texture": "#1"},
				"west": {"uv": [10, 11, 11, 14.5], "texture": "#1"},
				"up": {"uv": [13.5, 6, 12.5, 5], "texture": "#1"},
				"down": {"uv": [13.5, 11, 12.5, 12], "texture": "#1"}
			}
		},
		{
			"from": [6.5, 5.75, 6.5],
			"to": [9.5, 14.75, 9.5],
			"rotation": {"angle": 0, "axis": "y", "origin": [6.5, 9.75, 6]},
			"faces": {
				"north": {"uv": [3, 9, 4.5, 13.5], "texture": "#1"},
				"east": {"uv": [4.5, 9, 6, 13.5], "texture": "#1"},
				"south": {"uv": [6, 9, 7.5, 13.5], "texture": "#1"},
				"west": {"uv": [7.5, 9, 9, 13.5], "texture": "#1"},
				"up": {"uv": [13, 1.5, 11.5, 0], "texture": "#1"},
				"down": {"uv": [13, 1.5, 11.5, 3], "texture": "#1"}
			}
		},
		{
			"from": [6, 14.75, 6],
			"to": [10, 23.75, 10],
			"rotation": {"angle": 0, "axis": "y", "origin": [6, 17.75, 5.5]},
			"faces": {
				"north": {"uv": [2, 4.5, 4, 9], "texture": "#1"},
				"east": {"uv": [4, 4.5, 6, 9], "texture": "#1"},
				"south": {"uv": [6, 0, 8, 4.5], "texture": "#1"},
				"west": {"uv": [6, 4.5, 8, 9], "texture": "#1"},
				"up": {"uv": [11.5, 4, 9.5, 2], "texture": "#1"},
				"down": {"uv": [11.5, 4, 9.5, 6], "texture": "#1"}
			}
		},
		{
			"from": [6.25, 5.5, 6.25],
			"to": [9.75, 15, 9.75],
			"rotation": {"angle": 0, "axis": "y", "origin": [8, 10.75, 8]},
			"faces": {
				"north": {"uv": [8, 0, 9.5, 4.5], "texture": "#1"},
				"east": {"uv": [8, 4.5, 9.5, 9], "texture": "#1"},
				"south": {"uv": [0, 9, 1.5, 13.5], "texture": "#1"},
				"west": {"uv": [1.5, 9, 3, 13.5], "texture": "#1"},
				"up": {"uv": [11, 7.5, 9.5, 6], "texture": "#1"},
				"down": {"uv": [11, 7.5, 9.5, 9], "texture": "#1"}
			}
		},
		{
			"from": [5.75, 14.5, 5.75],
			"to": [10.25, 24, 10.25],
			"rotation": {"angle": 0, "axis": "y", "origin": [8, 10.75, 8]},
			"faces": {
				"north": {"uv": [0, 0, 2, 4.5], "texture": "#1"},
				"east": {"uv": [2, 0, 4, 4.5], "texture": "#1"},
				"south": {"uv": [4, 0, 6, 4.5], "texture": "#1"},
				"west": {"uv": [0, 4.5, 2, 9], "texture": "#1"},
				"up": {"uv": [11, 11, 9, 9], "texture": "#1"},
				"down": {"uv": [11.5, 0, 9.5, 2], "texture": "#1"}
			}
		}
	],
	"display": {
		"thirdperson": {
			"rotation": [90, 0, -180],
			"translation": [0, 1.15, -3.3],
			"scale": [0.6, 0.6, 0.6]
		},
		"firstperson": {
			"rotation": [0, -55, 0],
			"translation": [-6, 6.4, 1],
			"scale": [0.7, 0.7, 0.7]
		},
		"ground": {
			"translation": [0, 2, 0],
			"scale": [1.5, 1.5, 1.5]
		},
		"gui": {
			"rotation": [30, 225, 0],
			"translation": [0, -0.5, 0],
			"scale": [1.65, 0.85, 1.65]
		}
	},
	"groups": [
		0,
		1,
		2,
		3,
		4,
		{
			"name": "group",
			"origin": [8, 10.75, 8],
			"color": 0,
			"children": [5, 6]
		}
	]
}