{
	"credit": "Made with Blockbench",
	"texture_size": [64, 64],
	"textures": {
		"0": "armor/hard_hat",
		"particle": "armor/hard_hat"
	},
	"elements": [
		{
			"from": [3, 8.75, -1],
			"to": [13, 9.25, 13],
			"rotation": {"angle": 0, "axis": "y", "origin": [4, 4.75, 4]},
			"faces": {
				"north": {"uv": [7, 5.5, 9.5, 5.625], "texture": "#0"},
				"east": {"uv": [6.75, 1.25, 10.25, 1.375], "texture": "#0"},
				"south": {"uv": [7, 5.75, 9.5, 5.875], "texture": "#0"},
				"west": {"uv": [6.75, 1.5, 10.25, 1.625], "texture": "#0"},
				"up": {"uv": [2.5, 3.5, 0, 0], "texture": "#0"},
				"down": {"uv": [5, 0, 2.5, 3.5], "texture": "#0"}
			}
		},
		{
			"from": [3.5, 9.25, 3.5],
			"to": [12.5, 12.25, 12.5],
			"rotation": {"angle": 0, "axis": "y", "origin": [4.5, 5.25, 4.5]},
			"faces": {
				"north": {"uv": [0, 5.75, 2.25, 6.5], "texture": "#0"},
				"east": {"uv": [2.25, 5.75, 4.5, 6.5], "texture": "#0"},
				"south": {"uv": [6.25, 3, 8.5, 3.75], "texture": "#0"},
				"west": {"uv": [6.25, 3.75, 8.5, 4.5], "texture": "#0"},
				"up": {"uv": [2.25, 5.75, 0, 3.5], "texture": "#0"},
				"down": {"uv": [4.5, 3.5, 2.25, 5.75], "texture": "#0"}
			}
		},
		{
			"from": [3.25, 9.25, 9.5],
			"to": [12.75, 10.25, 11.5],
			"rotation": {"angle": 0, "axis": "y", "origin": [4.75, 5.25, 4.5]},
			"faces": {
				"north": {"uv": [6.25, 5, 8.625, 5.25], "texture": "#0"},
				"east": {"uv": [5, 3, 5.5, 3.25], "texture": "#0"},
				"south": {"uv": [6.75, 0, 9.125, 0.25], "texture": "#0"},
				"west": {"uv": [5, 3.25, 5.5, 3.5], "texture": "#0"},
				"up": {"uv": [8.625, 5, 6.25, 4.5], "texture": "#0"},
				"down": {"uv": [3.375, 6.5, 1, 7], "texture": "#0"}
			}
		},
		{
			"from": [3.25, 9.25, 4.5],
			"to": [12.75, 10.25, 6.5],
			"rotation": {"angle": 0, "axis": "y", "origin": [4.75, 5.25, -0.5]},
			"faces": {
				"north": {"uv": [6.75, 0.25, 9.125, 0.5], "texture": "#0"},
				"east": {"uv": [5.5, 3, 6, 3.25], "texture": "#0"},
				"south": {"uv": [6.75, 0.5, 9.125, 0.75], "texture": "#0"},
				"west": {"uv": [5.5, 3.25, 6, 3.5], "texture": "#0"},
				"up": {"uv": [5.875, 7, 3.5, 6.5], "texture": "#0"},
				"down": {"uv": [8.375, 6.5, 6, 7], "texture": "#0"}
			}
		},
		{
			"from": [7, 9.25, 3],
			"to": [9, 13.75, 13],
			"rotation": {"angle": 0, "axis": "y", "origin": [5, 6.75, 5]},
			"faces": {
				"north": {"uv": [1, 7, 1.5, 8.125], "texture": "#0"},
				"east": {"uv": [5, 1.75, 7.5, 2.875], "texture": "#0"},
				"south": {"uv": [1.5, 7, 2, 8.125], "texture": "#0"},
				"west": {"uv": [4.5, 5.25, 7, 6.375], "texture": "#0"},
				"up": {"uv": [0.5, 9, 0, 6.5], "texture": "#0"},
				"down": {"uv": [1, 6.5, 0.5, 9], "texture": "#0"}
			}
		},
		{
			"from": [4.5, 12.25, 4.5],
			"to": [11.5, 13.25, 11.5],
			"rotation": {"angle": 0, "axis": "y", "origin": [5.5, 8.25, 3.5]},
			"faces": {
				"north": {"uv": [2, 7, 3.75, 7.25], "texture": "#0"},
				"east": {"uv": [3.75, 7, 5.5, 7.25], "texture": "#0"},
				"south": {"uv": [7, 5.25, 8.75, 5.5], "texture": "#0"},
				"west": {"uv": [5.5, 7, 7.25, 7.25], "texture": "#0"},
				"up": {"uv": [6.25, 5.25, 4.5, 3.5], "texture": "#0"},
				"down": {"uv": [6.75, 0, 5, 1.75], "texture": "#0"}
			}
		},
		{
			"from": [4, 8.75, -2],
			"to": [12, 9.25, -1],
			"rotation": {"angle": 0, "axis": "y", "origin": [4, 4.75, -10]},
			"faces": {
				"north": {"uv": [7, 6, 9, 6.125], "texture": "#0"},
				"east": {"uv": [6, 3, 6.25, 3.125], "texture": "#0"},
				"south": {"uv": [7, 6.25, 9, 6.375], "texture": "#0"},
				"west": {"uv": [6, 3.25, 6.25, 3.375], "texture": "#0"},
				"up": {"uv": [8.75, 1, 6.75, 0.75], "texture": "#0"},
				"down": {"uv": [8.75, 1, 6.75, 1.25], "texture": "#0"}
			}
		}
	],
	"display": {
		"thirdperson": {
			"rotation": [0,  0, 180],
			"translation": [0, 1.2, -2.8],
			"scale": [0.45, 0.45, 0.45]
		},
		"firstperson": {
			"rotation": [0, 0, 0],
			"translation": [-6, 3.8, 1.2],
			"scale": [0.55, 0.55, 0.55]
		},
		"ground": {
			"translation": [0, 2, 0],
			"scale": [1.5, 1.5, 1.5]
		},
		"gui": {
			"rotation": [30, 0, 0],
			"translation": [1, -0.8, 0],
			"scale": [1.45, 1.45, 1.45]
		},
		"head": {
			"scale": [1.8, 1.8, 1.8]
		}
	}
}