{
	"credit": "Made with Blockbench",
	"texture_size": [32, 32],
	"textures": {
		"1": "grenades/flashbang"
	},
	"elements": [
		{
			"from": [5, -2.75, 5.5],
			"to": [11, 0.25, 11.5],
			"faces": {
				"north": {"uv": [10.5, 0, 13.5, 1.5], "texture": "#1"},
				"east": {"uv": [10.5, 1.5, 13.5, 3], "texture": "#1"},
				"south": {"uv": [5.5, 10.5, 8.5, 12], "texture": "#1"},
				"west": {"uv": [10.5, 8, 13.5, 9.5], "texture": "#1"},
				"up": {"uv": [5.5, 8, 2.5, 5], "texture": "#1"},
				"down": {"uv": [8.5, 5, 5.5, 8], "texture": "#1"}
			}
		},
		{
			"from": [5, 10.25, 5.5],
			"to": [11, 13.25, 11.5],
			"rotation": {"angle": 0, "axis": "y", "origin": [0, 10.5, 0]},
			"faces": {
				"north": {"uv": [8.5, 10.5, 11.5, 12], "texture": "#1"},
				"east": {"uv": [0, 11, 3, 12.5], "texture": "#1"},
				"south": {"uv": [11, 3, 14, 4.5], "texture": "#1"},
				"west": {"uv": [11, 4.5, 14, 6], "texture": "#1"},
				"up": {"uv": [10.5, 3, 7.5, 0], "texture": "#1"},
				"down": {"uv": [5.5, 8, 2.5, 11], "texture": "#1"}
			}
		},
		{
			"from": [6.5, 13, 7],
			"to": [9.5, 13.5, 10],
			"rotation": {"angle": 0, "axis": "y", "origin": [6.5, 0, 0]},
			"faces": {
				"north": {"uv": [13, 7, 14.5, 7.25], "texture": "#1"},
				"east": {"uv": [13, 7.5, 14.5, 7.75], "texture": "#1"},
				"south": {"uv": [12.5, 13, 14, 13.25], "texture": "#1"},
				"west": {"uv": [13.5, 0, 15, 0.25], "texture": "#1"},
				"up": {"uv": [7.5, 13.5, 6, 12], "texture": "#1"},
				"down": {"uv": [9, 12, 7.5, 13.5], "texture": "#1"}
			}
		},
		{
			"from": [5.5, 0.25, 6],
			"to": [10.5, 10.25, 11],
			"rotation": {"angle": 0, "axis": "y", "origin": [5.5, 0, 0]},
			"faces": {
				"north": {"uv": [0, 0, 2.5, 5], "texture": "#1"},
				"east": {"uv": [2.5, 0, 5, 5], "texture": "#1"},
				"south": {"uv": [0, 5, 2.5, 10], "texture": "#1"},
				"west": {"uv": [5, 0, 7.5, 5], "texture": "#1"},
				"up": {"uv": [8, 10.5, 5.5, 8], "texture": "#1"},
				"down": {"uv": [10.5, 8, 8, 10.5], "texture": "#1"}
			}
		},
		{
			"from": [7, 4.25, 3.25],
			"to": [9, 9.25, 4],
			"rotation": {"angle": 0, "axis": "y", "origin": [7, 0, 0]},
			"faces": {
				"north": {"uv": [11.5, 11, 12.5, 13.5], "texture": "#1"},
				"east": {"uv": [11, 12, 11.5, 14.5], "texture": "#1"},
				"south": {"uv": [5, 12, 6, 14.5], "texture": "#1"},
				"west": {"uv": [2, 12.5, 2.5, 15], "texture": "#1"},
				"up": {"uv": [8.5, 5, 7.5, 4.5], "texture": "#1"},
				"down": {"uv": [12, 7.5, 11, 8], "texture": "#1"}
			}
		},
		{
			"from": [7, 10.81723, 1.87099],
			"to": [9, 18.81723, 2.62099],
			"rotation": {"angle": 22.5, "axis": "x", "origin": [7, 6.56723, -1.37901]},
			"faces": {
				"north": {"uv": [3, 11, 4, 15], "texture": "#1"},
				"east": {"uv": [9, 12, 9.5, 16], "texture": "#1"},
				"south": {"uv": [4, 11, 5, 15], "texture": "#1"},
				"west": {"uv": [9.5, 12, 10, 16], "texture": "#1"},
				"up": {"uv": [13, 8, 12, 7.5], "texture": "#1"},
				"down": {"uv": [13.5, 12.5, 12.5, 13], "texture": "#1"}
			}
		},
		{
			"from": [7, 15.89104, 6.31147],
			"to": [9, 16.64104, 9.31147],
			"rotation": {"angle": 0, "axis": "y", "origin": [7, 19.89104, 2.06147]},
			"faces": {
				"north": {"uv": [13, 6, 14, 6.5], "texture": "#1"},
				"east": {"uv": [0, 10, 1.5, 10.5], "texture": "#1"},
				"south": {"uv": [13, 6.5, 14, 7], "texture": "#1"},
				"west": {"uv": [0, 10.5, 1.5, 11], "texture": "#1"},
				"up": {"uv": [8.5, 4.5, 7.5, 3], "texture": "#1"},
				"down": {"uv": [11, 12, 10, 13.5], "texture": "#1"}
			}
		},
		{
			"from": [7.25, 13.5, 5.75],
			"to": [8.75, 16.5, 9.75],
			"rotation": {"angle": 0, "axis": "y", "origin": [7, 0, 0]},
			"faces": {
				"east": {"uv": [11, 6, 13, 7.5], "texture": "#1"},
				"south": {"uv": [12.5, 11, 13.25, 12.5], "texture": "#1"},
				"west": {"uv": [11.5, 9.5, 13.5, 11], "texture": "#1"},
				"up": {"uv": [0.75, 14.5, 0, 12.5], "texture": "#1"},
				"down": {"uv": [1.75, 12.5, 1, 14.5], "texture": "#1"}
			}
		},
		{
			"from": [7.255, 15.62427, 9.36561],
			"to": [8.745, 16.61427, 10.85561],
			"rotation": {"angle": -22.5, "axis": "x", "origin": [8, 16.11927, 10.11061]},
			"faces": {
				"north": {"uv": [13.5, 0.5, 14.25, 1], "texture": "#1"},
				"east": {"uv": [13.5, 1, 14.25, 1.5], "texture": "#1"},
				"south": {"uv": [13.5, 1.5, 14.25, 2], "texture": "#1"},
				"west": {"uv": [13.5, 2, 14.25, 2.5], "texture": "#1"},
				"up": {"uv": [2.25, 10.75, 1.5, 10], "texture": "#1"},
				"down": {"uv": [11.25, 9.5, 10.5, 10.25], "texture": "#1"}
			}
		},
		{
			"from": [2.5, 14.5, 4],
			"to": [7.5, 14.5, 9],
			"rotation": {"angle": 22.5, "axis": "z", "origin": [5, 14.5, 6.5]},
			"faces": {
				"north": {"uv": [0, 0, 2.5, 0], "texture": "#1"},
				"east": {"uv": [0, 0, 2.5, 0], "texture": "#1"},
				"south": {"uv": [0, 0, 2.5, 0], "texture": "#1"},
				"west": {"uv": [0, 0, 2.5, 0], "texture": "#1"},
				"up": {"uv": [11, 5.5, 8.5, 3], "texture": "#1"},
				"down": {"uv": [11, 5.5, 8.5, 8], "texture": "#1"}
			}
		}
	],
	"display": {
		"thirdperson": {
			"rotation": [90, 0, -180],
			"translation": [0, 2, -1.2],
			"scale": [0.3, 0.3, 0.3]
		},
		"firstperson": {
			"rotation": [0, -55, 0],
			"translation": [-6, 5, 1.2],
			"scale": [0.35, 0.35, 0.35]
		},
		"ground": {
			"translation": [0, 2, 0],
			"scale": [1, 1, 1]
		},
		"gui": {
			"rotation": [30, 0, 0],
			"scale": [0.8, 0.8, 0.8]
		}
	}
}