{
	"credit": "Made with Blockbench",
	"texture_size": [64, 64],
	"textures": {
		"1": "blocks/tombstone"
	},
	"elements": [
		{
			"from": [0, 0, 5.5],
			"to": [16, 2, 10.5],
			"rotation": {"angle": 0, "axis": "y", "origin": [0, 0, 5.5]},
			"faces": {
				"north": {"uv": [6.5, 6, 10.5, 6.5], "texture": "#1"},
				"east": {"uv": [5.25, 8.5, 6.5, 9], "texture": "#1"},
				"south": {"uv": [10.5, 6, 6.5, 6.5], "texture": "#1"},
				"west": {"uv": [6.5, 8.5, 7.75, 9], "texture": "#1"},
				"up": {"uv": [4, 5.25, 0, 4], "texture": "#1"},
				"down": {"uv": [8, 4, 4, 5.25], "texture": "#1"}
			}
		},
		{
			"from": [3, 3, 6],
			"to": [13, 7, 7],
			"rotation": {"angle": 0, "axis": "y", "origin": [-1, 3, 6]},
			"faces": {
				"north": {"uv": [1.5, 6, 4, 7], "texture": "#1"},
				"east": {"uv": [2.75, 8.25, 3, 9.25], "texture": "#1"},
				"south": {"uv": [4, 6, 6.5, 7], "texture": "#1"},
				"west": {"uv": [8.5, 8.5, 8.75, 9.5], "texture": "#1"},
				"up": {"uv": [11, 3.75, 8.5, 3.5], "texture": "#1"},
				"down": {"uv": [11, 5.75, 8.5, 6], "texture": "#1"}
			}
		},
		{
			"from": [1, 2, 6.5],
			"to": [15, 18, 9.5],
			"rotation": {"angle": 0, "axis": "y", "origin": [0, 2, 5.5]},
			"faces": {
				"north": {"uv": [0, 0, 3.5, 4], "texture": "#1"},
				"east": {"uv": [0, 5.25, 0.75, 9.25], "texture": "#1"},
				"south": {"uv": [3.5, 0, 7, 4], "texture": "#1"},
				"west": {"uv": [0.75, 5.25, 1.5, 9.25], "texture": "#1"},
				"up": {"uv": [5, 6, 1.5, 5.25], "texture": "#1"},
				"down": {"uv": [8.5, 5.25, 5, 6], "texture": "#1"}
			}
		},
		{
			"from": [9.40956, 16.17405, 6.505],
			"to": [15.39956, 21.16405, 9.495],
			"rotation": {"angle": -22.5, "axis": "z", "origin": [8, 16.84462, 8]},
			"faces": {
				"north": {"uv": [7, 0, 8.5, 1.25], "texture": "#1"},
				"east": {"uv": [3, 8, 3.75, 9.25], "texture": "#1"},
				"south": {"uv": [7, 1.25, 8.5, 2.5], "texture": "#1"},
				"west": {"uv": [3.75, 8, 4.5, 9.25], "texture": "#1"},
				"up": {"uv": [7, 7.75, 5.5, 7], "texture": "#1"},
				"down": {"uv": [8.5, 7, 7, 7.75], "texture": "#1"}
			}
		},
		{
			"from": [0.60044, 16.17405, 6.505],
			"to": [6.59044, 21.16405, 9.495],
			"rotation": {"angle": 22.5, "axis": "z", "origin": [8, 16.84462, 8]},
			"faces": {
				"north": {"uv": [8.5, 0, 7, 1.25], "texture": "#1"},
				"east": {"uv": [4.5, 8, 3.75, 9.25], "texture": "#1"},
				"south": {"uv": [8.5, 1.25, 7, 2.5], "texture": "#1"},
				"west": {"uv": [3.75, 8, 3, 9.25], "texture": "#1"},
				"up": {"uv": [5.5, 7.75, 7, 7], "texture": "#1"},
				"down": {"uv": [7, 7, 8.5, 7.75], "texture": "#1"}
			}
		},
		{
			"from": [5.5, 11, 5.25],
			"to": [10.5, 15, 8.25],
			"rotation": {"angle": 22.5, "axis": "x", "origin": [8, 11.5, 6.25]},
			"faces": {
				"north": {"uv": [3, 7, 4.25, 8], "texture": "#1"},
				"east": {"uv": [8.5, 0.75, 9.25, 1.75], "texture": "#1"},
				"south": {"uv": [4.25, 7, 5.5, 8], "texture": "#1"},
				"west": {"uv": [8.5, 1.75, 9.25, 2.75], "texture": "#1"},
				"up": {"uv": [2.75, 9, 1.5, 8.25], "texture": "#1"},
				"down": {"uv": [9.75, 0, 8.5, 0.75], "texture": "#1"}
			}
		},
		{
			"from": [6.25, 9.42074, 5.13478],
			"to": [9.75, 11.42074, 8.13478],
			"rotation": {"angle": 0, "axis": "y", "origin": [8.25, 11.92074, 6.13478]},
			"faces": {
				"north": {"uv": [8.5, 7, 9.375, 7.5], "texture": "#1"},
				"east": {"uv": [7.75, 8.5, 8.5, 9], "texture": "#1"},
				"south": {"uv": [8.5, 7.5, 9.375, 8], "texture": "#1"},
				"west": {"uv": [8.5, 8, 9.25, 8.5], "texture": "#1"},
				"up": {"uv": [9.375, 3.5, 8.5, 2.75], "texture": "#1"},
				"down": {"uv": [9.375, 5, 8.5, 5.75], "texture": "#1"}
			}
		}
	]
}