{
	"credit": "Made with Blockbench",
	"texture_size": [128, 128],
	"textures": {
		"0": "misc/military_box",
		"particle": "misc/military_box"
	},
	"elements": [
		{
			"from": [-2, 13, -2],
			"to": [18, 18, 18],
			"rotation": {"angle": 0, "axis": "y", "origin": [18, 13, 17]},
			"faces": {
				"north": {"uv": [4.25, 4.875, 6.75, 5.5], "texture": "#0"},
				"east": {"uv": [0, 5, 2.5, 5.625], "texture": "#0"},
				"south": {"uv": [2.5, 5.5, 5, 6.125], "texture": "#0"},
				"west": {"uv": [5, 5.5, 7.5, 6.125], "texture": "#0"},
				"up": {"uv": [2.5, 2.5, 0, 0], "texture": "#0"},
				"down": {"uv": [2.5, 2.5, 0, 5], "texture": "#0"}
			}
		},
		{
			"from": [6.5, 3.99429, 13.11071],
			"to": [9.5, 8.99429, 16.11071],
			"rotation": {"angle": -22.5, "axis": "x", "origin": [8, 9.23254, 8]},
			"faces": {
				"north": {"uv": [7.875, 4.25, 8.25, 4.875], "texture": "#0"},
				"east": {"uv": [7.875, 4.875, 8.25, 5.5], "texture": "#0"},
				"south": {"uv": [7.875, 5.5, 8.25, 6.125], "texture": "#0"},
				"west": {"uv": [7.875, 6.125, 8.25, 6.75], "texture": "#0"},
				"up": {"uv": [8.625, 8.75, 8.25, 8.375], "texture": "#0"},
				"down": {"uv": [4.875, 8.5, 4.5, 8.875], "texture": "#0"}
			}
		},
		{
			"from": [6.5, 3.99429, -0.11071],
			"to": [9.5, 8.99429, 2.88929],
			"rotation": {"angle": 22.5, "axis": "x", "origin": [8, 9.23254, 8]},
			"faces": {
				"north": {"uv": [8.25, 5.5, 7.875, 6.125], "texture": "#0"},
				"east": {"uv": [8.25, 4.875, 7.875, 5.5], "texture": "#0"},
				"south": {"uv": [8.25, 4.25, 7.875, 4.875], "texture": "#0"},
				"west": {"uv": [8.25, 6.125, 7.875, 6.75], "texture": "#0"},
				"up": {"uv": [8.625, 8.375, 8.25, 8.75], "texture": "#0"},
				"down": {"uv": [4.875, 8.875, 4.5, 8.5], "texture": "#0"}
			}
		},
		{
			"from": [13.11071, 3.99429, 6.5],
			"to": [16.11071, 8.99429, 9.5],
			"rotation": {"angle": 22.5, "axis": "z", "origin": [8, 9.23254, 8]},
			"faces": {
				"north": {"uv": [8.25, 6.125, 7.875, 6.75], "texture": "#0"},
				"east": {"uv": [8.25, 5.5, 7.875, 6.125], "texture": "#0"},
				"south": {"uv": [8.25, 4.875, 7.875, 5.5], "texture": "#0"},
				"west": {"uv": [8.25, 4.25, 7.875, 4.875], "texture": "#0"},
				"up": {"uv": [8.625, 8.375, 8.25, 8.75], "rotation": 90, "texture": "#0"},
				"down": {"uv": [4.875, 8.875, 4.5, 8.5], "rotation": 270, "texture": "#0"}
			}
		},
		{
			"from": [-0.11071, 3.99429, 6.5],
			"to": [2.88929, 8.99429, 9.5],
			"rotation": {"angle": -22.5, "axis": "z", "origin": [8, 9.23254, 8]},
			"faces": {
				"north": {"uv": [7.875, 6.125, 8.25, 6.75], "texture": "#0"},
				"east": {"uv": [7.875, 4.25, 8.25, 4.875], "texture": "#0"},
				"south": {"uv": [7.875, 4.875, 8.25, 5.5], "texture": "#0"},
				"west": {"uv": [7.875, 5.5, 8.25, 6.125], "texture": "#0"},
				"up": {"uv": [8.625, 8.75, 8.25, 8.375], "rotation": 90, "texture": "#0"},
				"down": {"uv": [4.875, 8.5, 4.5, 8.875], "rotation": 270, "texture": "#0"}
			}
		},
		{
			"from": [0.995, -0.005, 0.995],
			"to": [15.005, 13.005, 15.005],
			"rotation": {"angle": 0, "axis": "y", "origin": [8, 6.5, 8]},
			"faces": {
				"north": {"uv": [6, 3.25, 4.25, 4.875], "texture": "#0"},
				"east": {"uv": [4.25, 0, 6, 1.625], "texture": "#0"},
				"south": {"uv": [4.25, 3.25, 6, 4.875], "texture": "#0"},
				"west": {"uv": [4.25, 3.25, 6, 4.875], "texture": "#0"},
				"up": {"uv": [4.25, 1.75, 2.5, 0], "texture": "#0"},
				"down": {"uv": [4.25, 1.75, 2.5, 3.5], "texture": "#0"}
			}
		},
		{
			"from": [0, 0, 10],
			"to": [6, 13, 16],
			"rotation": {"angle": 0, "axis": "y", "origin": [16, 0, 16]},
			"faces": {
				"north": {"uv": [6.75, 0, 7.5, 1.625], "texture": "#0"},
				"east": {"uv": [6.75, 1.625, 7.5, 3.25], "texture": "#0"},
				"south": {"uv": [6.75, 3.25, 7.5, 4.875], "texture": "#0"},
				"west": {"uv": [7.5, 3.25, 6.75, 4.875], "texture": "#0"},
				"up": {"uv": [8.625, 2.25, 7.875, 1.5], "texture": "#0"},
				"down": {"uv": [8.625, 2.25, 7.875, 3], "texture": "#0"}
			}
		},
		{
			"from": [10, 0, 10],
			"to": [16, 13, 16],
			"rotation": {"angle": 0, "axis": "y", "origin": [0, 0, 16]},
			"faces": {
				"north": {"uv": [7.5, 0, 6.75, 1.625], "texture": "#0"},
				"east": {"uv": [6.75, 3.25, 7.5, 4.875], "texture": "#0"},
				"south": {"uv": [7.5, 3.25, 6.75, 4.875], "texture": "#0"},
				"west": {"uv": [7.5, 1.625, 6.75, 3.25], "texture": "#0"},
				"up": {"uv": [7.875, 2.25, 8.625, 1.5], "texture": "#0"},
				"down": {"uv": [7.875, 2.25, 8.625, 3], "texture": "#0"}
			}
		},
		{
			"from": [10, 0, 0],
			"to": [16, 13, 6],
			"faces": {
				"north": {"uv": [6.75, 3.25, 7.5, 4.875], "texture": "#0"},
				"east": {"uv": [7.5, 3.25, 6.75, 4.875], "texture": "#0"},
				"south": {"uv": [6.75, 0, 7.5, 1.625], "texture": "#0"},
				"west": {"uv": [6.75, 1.625, 7.5, 3.25], "texture": "#0"},
				"up": {"uv": [7.875, 1.5, 8.625, 2.25], "texture": "#0"},
				"down": {"uv": [7.875, 3, 8.625, 2.25], "texture": "#0"}
			}
		},
		{
			"from": [0, 0, 0],
			"to": [6, 13, 6],
			"rotation": {"angle": 0, "axis": "y", "origin": [16, 0, 0]},
			"faces": {
				"north": {"uv": [7.5, 3.25, 6.75, 4.875], "texture": "#0"},
				"east": {"uv": [7.5, 1.625, 6.75, 3.25], "texture": "#0"},
				"south": {"uv": [7.5, 0, 6.75, 1.625], "texture": "#0"},
				"west": {"uv": [6.75, 3.25, 7.5, 4.875], "texture": "#0"},
				"up": {"uv": [8.625, 1.5, 7.875, 2.25], "texture": "#0"},
				"down": {"uv": [8.625, 3, 7.875, 2.25], "texture": "#0"}
			}
		},
		{
			"from": [14.005, 0.005, -0.995],
			"to": [16.995, 12.995, 1.995],
			"rotation": {"angle": 0, "axis": "y", "origin": [8, 6.5, 8]},
			"faces": {
				"north": {"uv": [3.75, 8.25, 4.125, 9.875], "texture": "#0"},
				"east": {"uv": [4.125, 8.25, 4.5, 9.875], "texture": "#0"},
				"south": {"uv": [3, 8.25, 3.375, 9.875], "texture": "#0"},
				"west": {"uv": [3.375, 8.25, 3.75, 9.875], "texture": "#0"},
				"up": {"uv": [8.25, 6.875, 8.625, 7.25], "texture": "#0"},
				"down": {"uv": [8.25, 7.625, 8.625, 7.25], "texture": "#0"}
			}
		},
		{
			"from": [14.005, 0.005, 14.005],
			"to": [16.995, 12.995, 16.995],
			"rotation": {"angle": 0, "axis": "y", "origin": [8, 6.5, 8]},
			"faces": {
				"north": {"uv": [3.375, 8.25, 3, 9.875], "texture": "#0"},
				"east": {"uv": [4.5, 8.25, 4.125, 9.875], "texture": "#0"},
				"south": {"uv": [4.125, 8.25, 3.75, 9.875], "texture": "#0"},
				"west": {"uv": [3.75, 8.25, 3.375, 9.875], "texture": "#0"},
				"up": {"uv": [8.25, 7.25, 8.625, 6.875], "texture": "#0"},
				"down": {"uv": [8.25, 7.25, 8.625, 7.625], "texture": "#0"}
			}
		},
		{
			"from": [-0.995, 0.005, 14.005],
			"to": [1.995, 12.995, 16.995],
			"rotation": {"angle": 0, "axis": "y", "origin": [8, 6.5, 8]},
			"faces": {
				"north": {"uv": [3, 8.25, 3.375, 9.875], "texture": "#0"},
				"east": {"uv": [3.375, 8.25, 3.75, 9.875], "texture": "#0"},
				"south": {"uv": [3.75, 8.25, 4.125, 9.875], "texture": "#0"},
				"west": {"uv": [4.125, 8.25, 4.5, 9.875], "texture": "#0"},
				"up": {"uv": [8.625, 7.25, 8.25, 6.875], "texture": "#0"},
				"down": {"uv": [8.625, 7.25, 8.25, 7.625], "texture": "#0"}
			}
		},
		{
			"from": [-0.995, 0.005, -0.995],
			"to": [1.995, 12.995, 1.995],
			"rotation": {"angle": 0, "axis": "y", "origin": [8, 6.5, 8]},
			"faces": {
				"north": {"uv": [4.125, 8.25, 3.75, 9.875], "texture": "#0"},
				"east": {"uv": [3.75, 8.25, 3.375, 9.875], "texture": "#0"},
				"south": {"uv": [3.375, 8.25, 3, 9.875], "texture": "#0"},
				"west": {"uv": [4.5, 8.25, 4.125, 9.875], "texture": "#0"},
				"up": {"uv": [8.625, 6.875, 8.25, 7.25], "texture": "#0"},
				"down": {"uv": [8.625, 7.625, 8.25, 7.25], "texture": "#0"}
			}
		}
	],
	"display": {
		"thirdperson": {
			"rotation": [0,  0, 180],
			"translation": [0, 1.2, -1.4],
			"scale": [0.45, 0.45, 0.45]
		},
		"firstperson": {
			"rotation": [0, 0, -10],
			"translation": [-6, 5.2, 1.2],
			"scale": [0.45, 0.45, 0.45]
		},
		"ground": {
			"translation": [0, 2, 0],
			"scale": [1.8, 1.8, 1.8]
		},
		"gui": {
			"rotation": [0, 0, 0],
			"translation": [0, 0, 0],
			"scale": [0.6, 0.6, 0.6]
		}
	}
}