{
	"credit": "Made with Blockbench",
	"texture_size": [128, 128],
	"textures": {
		"0": "blocks/recyler_with_solar_panel",
		"particle": "blocks/recyler_with_solar_panel"
	},
	"elements": [
		{
			"from": [18.25, 0, 0],
			"to": [21.25, 9, 3],
			"rotation": {"angle": 0, "axis": "y", "origin": [19.25, 0, 0]},
			"faces": {
				"north": {"uv": [7.375, 8.25, 7.75, 9.375], "texture": "#0"},
				"east": {"uv": [1.5, 9.75, 1.875, 10.875], "texture": "#0"},
				"south": {"uv": [10, 10, 10.375, 11.125], "texture": "#0"},
				"west": {"uv": [6.25, 10.25, 6.625, 11.375], "texture": "#0"},
				"up": {"uv": [11.125, 8.375, 10.75, 8], "texture": "#0"},
				"down": {"uv": [11.125, 8.375, 10.75, 8.75], "texture": "#0"}
			}
		},
		{
			"from": [-10.75, 0, 0],
			"to": [-7.75, 9, 3],
			"rotation": {"angle": 0, "axis": "y", "origin": [-8.75, 0, 0]},
			"faces": {
				"north": {"uv": [7.75, 8.25, 7.375, 9.375], "texture": "#0"},
				"east": {"uv": [6.625, 10.25, 6.25, 11.375], "texture": "#0"},
				"south": {"uv": [10.375, 10, 10, 11.125], "texture": "#0"},
				"west": {"uv": [1.875, 9.75, 1.5, 10.875], "texture": "#0"},
				"up": {"uv": [10.75, 8.375, 11.125, 8], "texture": "#0"},
				"down": {"uv": [10.75, 8.375, 11.125, 8.75], "texture": "#0"}
			}
		},
		{
			"from": [-10.75, 0, 13],
			"to": [-7.75, 9, 16],
			"rotation": {"angle": 0, "axis": "y", "origin": [-8.75, 0, 16]},
			"faces": {
				"north": {"uv": [10, 10, 10.375, 11.125], "texture": "#0"},
				"east": {"uv": [6.25, 10.25, 6.625, 11.375], "texture": "#0"},
				"south": {"uv": [7.375, 8.25, 7.75, 9.375], "texture": "#0"},
				"west": {"uv": [1.5, 9.75, 1.875, 10.875], "texture": "#0"},
				"up": {"uv": [10.75, 8, 11.125, 8.375], "texture": "#0"},
				"down": {"uv": [10.75, 8.75, 11.125, 8.375], "texture": "#0"}
			}
		},
		{
			"from": [18.25, 0, 13],
			"to": [21.25, 9, 16],
			"rotation": {"angle": 0, "axis": "y", "origin": [19.25, 0, 16]},
			"faces": {
				"north": {"uv": [10.375, 10, 10, 11.125], "texture": "#0"},
				"east": {"uv": [1.875, 9.75, 1.5, 10.875], "texture": "#0"},
				"south": {"uv": [7.75, 8.25, 7.375, 9.375], "texture": "#0"},
				"west": {"uv": [6.625, 10.25, 6.25, 11.375], "texture": "#0"},
				"up": {"uv": [11.125, 8, 10.75, 8.375], "texture": "#0"},
				"down": {"uv": [11.125, 8.75, 10.75, 8.375], "texture": "#0"}
			}
		},
		{
			"from": [23.25, 0, 4],
			"to": [29.25, 22, 12],
			"rotation": {"angle": 0, "axis": "y", "origin": [24.25, 0, 10]},
			"faces": {
				"north": {"uv": [4, 8.25, 4.75, 11], "texture": "#0"},
				"east": {"uv": [2, 8.25, 3, 11], "texture": "#0"},
				"south": {"uv": [4.75, 8.25, 5.5, 11], "texture": "#0"},
				"west": {"uv": [3, 8.25, 4, 11], "texture": "#0"},
				"up": {"uv": [10.5, 9, 9.75, 8], "texture": "#0"},
				"down": {"uv": [6.25, 9.875, 5.5, 10.875], "texture": "#0"}
			}
		},
		{
			"from": [22, 16, 2],
			"to": [28, 25, 4],
			"rotation": {"angle": 22.5, "axis": "y", "origin": [23, 2, 2]},
			"faces": {
				"north": {"uv": [0, 9.75, 0.75, 10.875], "texture": "#0"},
				"east": {"uv": [10.75, 10, 11, 11.125], "texture": "#0"},
				"south": {"uv": [0.75, 9.75, 1.5, 10.875], "texture": "#0"},
				"west": {"uv": [0, 10.875, 0.25, 12], "texture": "#0"},
				"up": {"uv": [10.875, 4.25, 10.125, 4], "texture": "#0"},
				"down": {"uv": [10.875, 4.25, 10.125, 4.5], "texture": "#0"}
			}
		},
		{
			"from": [-2.25, 15.5, -2.84149],
			"to": [12.75, 23.5, -0.84149],
			"rotation": {"angle": 22.5, "axis": "x", "origin": [8.25, 18.5, -1.84149]},
			"faces": {
				"north": {"uv": [5.5, 8.25, 7.375, 9.25], "texture": "#0"},
				"east": {"uv": [10.25, 1.75, 10.5, 2.75], "texture": "#0"},
				"south": {"uv": [8.375, 1.75, 10.25, 2.75], "texture": "#0"},
				"west": {"uv": [10.5, 8, 10.75, 9], "texture": "#0"},
				"up": {"uv": [8.125, 10.25, 6.25, 10], "texture": "#0"},
				"down": {"uv": [10, 10, 8.125, 10.25], "texture": "#0"}
			}
		},
		{
			"from": [-10.75, 9, 0],
			"to": [21.25, 21, 16],
			"rotation": {"angle": 0, "axis": "y", "origin": [-9.75, 9, 0]},
			"faces": {
				"north": {"uv": [7.75, 6.5, 11.75, 8], "texture": "#0"},
				"east": {"uv": [7.75, 8, 9.75, 9.5], "texture": "#0"},
				"south": {"uv": [8, 4.5, 12, 6], "texture": "#0"},
				"west": {"uv": [0, 8.25, 2, 9.75], "texture": "#0"},
				"up": {"uv": [4, 6.5, 0, 4.5], "texture": "#0"},
				"down": {"uv": [8, 4.5, 4, 6.5], "texture": "#0"}
			}
		},
		{
			"from": [-11.75, 21, -1],
			"to": [22.25, 23, 17],
			"rotation": {"angle": 0, "axis": "y", "origin": [-9.75, 21, 0]},
			"faces": {
				"north": {"uv": [7.25, 9.5, 11.5, 9.75], "texture": "#0"},
				"east": {"uv": [9.75, 9, 12, 9.25], "texture": "#0"},
				"south": {"uv": [7.25, 9.75, 11.5, 10], "texture": "#0"},
				"west": {"uv": [9.75, 9.25, 12, 9.5], "texture": "#0"},
				"up": {"uv": [4.25, 2.25, 0, 0], "texture": "#0"},
				"down": {"uv": [4.25, 2.25, 0, 4.5], "texture": "#0"}
			}
		},
		{
			"from": [-10.25, 23, 1],
			"to": [20.75, 28, 15],
			"rotation": {"angle": 0, "axis": "y", "origin": [-9.25, 23, 0]},
			"faces": {
				"north": {"uv": [8.375, 0, 12.25, 0.625], "texture": "#0"},
				"east": {"uv": [8.375, 3.75, 10.125, 4.375], "texture": "#0"},
				"south": {"uv": [8.375, 0.625, 12.25, 1.25], "texture": "#0"},
				"west": {"uv": [5.5, 9.25, 7.25, 9.875], "texture": "#0"},
				"up": {"uv": [3.875, 8.25, 0, 6.5], "texture": "#0"},
				"down": {"uv": [7.75, 6.5, 3.875, 8.25], "texture": "#0"}
			}
		},
		{
			"from": [-11.25, 28, -1],
			"to": [21.75, 32, 17],
			"rotation": {"angle": 0, "axis": "y", "origin": [-9.25, 28, 0]},
			"faces": {
				"north": {"uv": [8, 6, 12.125, 6.5], "texture": "#0"},
				"east": {"uv": [8.375, 2.75, 10.625, 3.25], "texture": "#0"},
				"south": {"uv": [8.375, 1.25, 12.5, 1.75], "texture": "#0"},
				"west": {"uv": [8.375, 3.25, 10.625, 3.75], "texture": "#0"},
				"up": {"uv": [8.375, 2.25, 4.25, 0], "texture": "#0"},
				"down": {"uv": [8.375, 2.25, 4.25, 4.5], "texture": "#0"}
			}
		}
	],
	"display": {
		"thirdperson": {
			"rotation": [0, 90, 0],
			"translation": [-1.5, 2.3, -0.5],
			"scale": [0.55, 0.55, 0.55]
		},
		"firstperson": {
			"rotation": [0, 90, 0],
			"translation": [-6, 4, 1.2],
			"scale": [0.45, 0.45, 0.45]
		},
		"ground": {
			"translation": [0, 2, 0],
			"scale": [1.8, 1.8, 1.8]
		},
		"gui": {
			"rotation": [0, 0, 0],
			"translation": [0, -2.2, 0],
			"scale": [0.6, 0.6, 0.6]
		}
	}
}