{
	"credit": "Made with Blockbench",
	"texture_size": [128, 128],
	"textures": {
		"0": "blocks/supply_drop_open",
		"particle": "blocks/supply_drop_open"
	},
	"elements": [
		{
			"from": [-7, 0, 1],
			"to": [23, 13, 15],
			"rotation": {"angle": 0, "axis": "y", "origin": [7, 0, 0]},
			"faces": {
				"north": {"uv": [3.875, 0, 7.625, 1.625], "texture": "#0"},
				"east": {"uv": [3.75, 6.75, 5.5, 8.375], "texture": "#0"},
				"south": {"uv": [3.875, 1.625, 7.625, 3.25], "texture": "#0"},
				"west": {"uv": [5.5, 6.75, 7.25, 8.375], "texture": "#0"},
				"up": {"uv": [3.75, 5.5, 0, 3.75], "texture": "#0"},
				"down": {"uv": [7.5, 3.75, 3.75, 5.5], "texture": "#0"}
			}
		},
		{
			"from": [0.5, 0, 0],
			"to": [15.5, 11, 16],
			"rotation": {"angle": 0, "axis": "y", "origin": [6.5, 0, 0]},
			"faces": {
				"north": {"uv": [7.625, 0.625, 9.5, 2], "texture": "#0"},
				"east": {"uv": [7.25, 6.75, 9.25, 8.125], "texture": "#0"},
				"south": {"uv": [7.25, 8.125, 9.125, 9.5], "texture": "#0"},
				"west": {"uv": [7.5, 3.25, 9.5, 4.625], "texture": "#0"},
				"up": {"uv": [1.875, 8.75, 0, 6.75], "texture": "#0"},
				"down": {"uv": [3.75, 6.75, 1.875, 8.75], "texture": "#0"}
			}
		},
		{
			"from": [-8.5, 5, 3],
			"to": [24.5, 10, 13],
			"rotation": {"angle": 0, "axis": "y", "origin": [7.5, 0, 0]},
			"faces": {
				"north": {"uv": [7.5, 4.625, 11.625, 5.25], "texture": "#0"},
				"east": {"uv": [2, 8.75, 3.25, 9.375], "texture": "#0"},
				"south": {"uv": [7.625, 0, 11.75, 0.625], "texture": "#0"},
				"west": {"uv": [9.125, 8.125, 10.375, 8.75], "texture": "#0"},
				"up": {"uv": [4.125, 6.75, 0, 5.5], "texture": "#0"},
				"down": {"uv": [8.25, 5.5, 4.125, 6.75], "texture": "#0"}
			}
		},
		{
			"from": [-5, 13, 2],
			"to": [9, 14, 8],
			"rotation": {"angle": 0, "axis": "y", "origin": [7, 13, -0.5]},
			"faces": {
				"north": {"uv": [7.625, 3, 9.375, 3.125], "texture": "#0"},
				"east": {"uv": [7.5, 5.25, 8.25, 5.375], "texture": "#0"},
				"south": {"uv": [7.625, 3.125, 9.375, 3.25], "texture": "#0"},
				"west": {"uv": [7.5, 5.375, 8.25, 5.5], "texture": "#0"},
				"up": {"uv": [10, 6, 8.25, 5.25], "texture": "#0"},
				"down": {"uv": [10, 6, 8.25, 6.75], "texture": "#0"}
			}
		},
		{
			"from": [7, 12, 9],
			"to": [9, 16, 11],
			"rotation": {"angle": 22.5, "axis": "x", "origin": [2, 15, 11.25]},
			"faces": {
				"north": {"uv": [10, 1.125, 10.25, 1.625], "texture": "#0"},
				"east": {"uv": [10, 3, 10.25, 3.5], "texture": "#0"},
				"south": {"uv": [10, 3.5, 10.25, 4], "texture": "#0"},
				"west": {"uv": [10, 4, 10.25, 4.5], "texture": "#0"},
				"up": {"uv": [10.5, 8, 10.25, 7.75], "texture": "#0"},
				"down": {"uv": [10, 10.25, 9.75, 10.5], "texture": "#0"}
			}
		},
		{
			"from": [4, 12, 9],
			"to": [6, 16, 11],
			"rotation": {"angle": 22.5, "axis": "x", "origin": [-1, 15, 11.25]},
			"faces": {
				"north": {"uv": [10, 1.125, 10.25, 1.625], "texture": "#0"},
				"east": {"uv": [10, 3, 10.25, 3.5], "texture": "#0"},
				"south": {"uv": [10, 3.5, 10.25, 4], "texture": "#0"},
				"west": {"uv": [10, 4, 10.25, 4.5], "texture": "#0"},
				"up": {"uv": [10.5, 8, 10.25, 7.75], "texture": "#0"},
				"down": {"uv": [10, 10.25, 9.75, 10.5], "texture": "#0"}
			}
		},
		{
			"from": [1, 12, 9],
			"to": [3, 16, 11],
			"rotation": {"angle": 22.5, "axis": "x", "origin": [-4, 15, 11.25]},
			"faces": {
				"north": {"uv": [10, 1.125, 10.25, 1.625], "texture": "#0"},
				"east": {"uv": [10, 3, 10.25, 3.5], "texture": "#0"},
				"south": {"uv": [10, 3.5, 10.25, 4], "texture": "#0"},
				"west": {"uv": [10, 4, 10.25, 4.5], "texture": "#0"},
				"up": {"uv": [10.5, 8, 10.25, 7.75], "texture": "#0"},
				"down": {"uv": [10, 10.25, 9.75, 10.5], "texture": "#0"}
			}
		},
		{
			"from": [-2, 12, 9],
			"to": [0, 16, 11],
			"rotation": {"angle": 22.5, "axis": "x", "origin": [-7, 15, 11.25]},
			"faces": {
				"north": {"uv": [10, 1.125, 10.25, 1.625], "texture": "#0"},
				"east": {"uv": [10, 3, 10.25, 3.5], "texture": "#0"},
				"south": {"uv": [10, 3.5, 10.25, 4], "texture": "#0"},
				"west": {"uv": [10, 4, 10.25, 4.5], "texture": "#0"},
				"up": {"uv": [10.5, 8, 10.25, 7.75], "texture": "#0"},
				"down": {"uv": [10, 10.25, 9.75, 10.5], "texture": "#0"}
			}
		},
		{
			"from": [-5, 12, 9],
			"to": [-3, 16, 11],
			"rotation": {"angle": 22.5, "axis": "x", "origin": [-10, 15, 11.25]},
			"faces": {
				"north": {"uv": [10, 1.125, 10.25, 1.625], "texture": "#0"},
				"east": {"uv": [10, 3, 10.25, 3.5], "texture": "#0"},
				"south": {"uv": [10, 3.5, 10.25, 4], "texture": "#0"},
				"west": {"uv": [10, 4, 10.25, 4.5], "texture": "#0"},
				"up": {"uv": [10.5, 8, 10.25, 7.75], "texture": "#0"},
				"down": {"uv": [10, 10.25, 9.75, 10.5], "texture": "#0"}
			}
		},
		{
			"from": [7, 11.96717, 11.69238],
			"to": [9, 15.96717, 13.69238],
			"rotation": {"angle": 22.5, "axis": "x", "origin": [2, 14.96717, 13.94238]},
			"faces": {
				"north": {"uv": [10, 1.125, 10.25, 1.625], "texture": "#0"},
				"east": {"uv": [10, 3, 10.25, 3.5], "texture": "#0"},
				"south": {"uv": [10, 3.5, 10.25, 4], "texture": "#0"},
				"west": {"uv": [10, 4, 10.25, 4.5], "texture": "#0"},
				"up": {"uv": [10.5, 8, 10.25, 7.75], "texture": "#0"},
				"down": {"uv": [10, 10.25, 9.75, 10.5], "texture": "#0"}
			}
		},
		{
			"from": [4, 11.96717, 11.69238],
			"to": [6, 15.96717, 13.69238],
			"rotation": {"angle": 22.5, "axis": "x", "origin": [-1, 14.96717, 13.94238]},
			"faces": {
				"north": {"uv": [10, 1.125, 10.25, 1.625], "texture": "#0"},
				"east": {"uv": [10, 3, 10.25, 3.5], "texture": "#0"},
				"south": {"uv": [10, 3.5, 10.25, 4], "texture": "#0"},
				"west": {"uv": [10, 4, 10.25, 4.5], "texture": "#0"},
				"up": {"uv": [10.5, 8, 10.25, 7.75], "texture": "#0"},
				"down": {"uv": [10, 10.25, 9.75, 10.5], "texture": "#0"}
			}
		},
		{
			"from": [1, 11.96717, 11.69238],
			"to": [3, 15.96717, 13.69238],
			"rotation": {"angle": 22.5, "axis": "x", "origin": [-4, 14.96717, 13.94238]},
			"faces": {
				"north": {"uv": [10, 1.125, 10.25, 1.625], "texture": "#0"},
				"east": {"uv": [10, 3, 10.25, 3.5], "texture": "#0"},
				"south": {"uv": [10, 3.5, 10.25, 4], "texture": "#0"},
				"west": {"uv": [10, 4, 10.25, 4.5], "texture": "#0"},
				"up": {"uv": [10.5, 8, 10.25, 7.75], "texture": "#0"},
				"down": {"uv": [10, 10.25, 9.75, 10.5], "texture": "#0"}
			}
		},
		{
			"from": [-2, 11.96717, 11.69238],
			"to": [0, 15.96717, 13.69238],
			"rotation": {"angle": 22.5, "axis": "x", "origin": [-7, 14.96717, 13.94238]},
			"faces": {
				"north": {"uv": [10, 1.125, 10.25, 1.625], "texture": "#0"},
				"east": {"uv": [10, 3, 10.25, 3.5], "texture": "#0"},
				"south": {"uv": [10, 3.5, 10.25, 4], "texture": "#0"},
				"west": {"uv": [10, 4, 10.25, 4.5], "texture": "#0"},
				"up": {"uv": [10.5, 8, 10.25, 7.75], "texture": "#0"},
				"down": {"uv": [10, 10.25, 9.75, 10.5], "texture": "#0"}
			}
		},
		{
			"from": [-5, 11.96717, 11.69238],
			"to": [-3, 15.96717, 13.69238],
			"rotation": {"angle": 22.5, "axis": "x", "origin": [-10, 14.96717, 13.94238]},
			"faces": {
				"north": {"uv": [10, 1.125, 10.25, 1.625], "texture": "#0"},
				"east": {"uv": [10, 3, 10.25, 3.5], "texture": "#0"},
				"south": {"uv": [10, 3.5, 10.25, 4], "texture": "#0"},
				"west": {"uv": [10, 4, 10.25, 4.5], "texture": "#0"},
				"up": {"uv": [10.5, 8, 10.25, 7.75], "texture": "#0"},
				"down": {"uv": [10, 10.25, 9.75, 10.5], "texture": "#0"}
			}
		},
		{
			"from": [-7.5, 12, 15.5],
			"to": [23.5, 27, 19.5],
			"rotation": {"angle": -22.5, "axis": "x", "origin": [23.5, 12, 15.5]},
			"faces": {
				"north": {"uv": [0, 0, 3.875, 1.875], "texture": "#0"},
				"east": {"uv": [1, 8.75, 1.5, 10.625], "texture": "#0"},
				"south": {"uv": [0, 1.875, 3.875, 3.75], "texture": "#0"},
				"west": {"uv": [1.5, 8.75, 2, 10.625], "texture": "#0"},
				"up": {"uv": [11.5, 2.5, 7.625, 2], "texture": "#0"},
				"down": {"uv": [11.5, 2.5, 7.625, 3], "texture": "#0"}
			}
		},
		{
			"from": [16.505, 11.39081, 12.44457],
			"to": [20.495, 28.38081, 17.43457],
			"rotation": {"angle": -22.5, "axis": "x", "origin": [8, 19.88581, 14.93957]},
			"faces": {
				"north": {"uv": [6.25, 8.375, 6.75, 10.5], "texture": "#0"},
				"east": {"uv": [3.75, 8.375, 4.375, 10.5], "texture": "#0"},
				"south": {"uv": [6.75, 8.375, 7.25, 10.5], "texture": "#0"},
				"west": {"uv": [4.375, 8.375, 5, 10.5], "texture": "#0"},
				"up": {"uv": [3.75, 9.375, 3.25, 8.75], "texture": "#0"},
				"down": {"uv": [9.625, 8.75, 9.125, 9.375], "texture": "#0"}
			}
		},
		{
			"from": [-4.495, 11.39081, 12.44457],
			"to": [-0.505, 28.38081, 17.43457],
			"rotation": {"angle": -22.5, "axis": "x", "origin": [8, 19.88581, 14.93957]},
			"faces": {
				"north": {"uv": [0, 8.75, 0.5, 10.875], "texture": "#0"},
				"east": {"uv": [5, 8.375, 5.625, 10.5], "texture": "#0"},
				"south": {"uv": [0.5, 8.75, 1, 10.875], "texture": "#0"},
				"west": {"uv": [5.625, 8.375, 6.25, 10.5], "texture": "#0"},
				"up": {"uv": [9.75, 7.375, 9.25, 6.75], "texture": "#0"},
				"down": {"uv": [9.75, 7.375, 9.25, 8], "texture": "#0"}
			}
		},
		{
			"from": [17, 11, 3],
			"to": [21, 15, 7],
			"rotation": {"angle": -22.5, "axis": "z", "origin": [19, 13, 5]},
			"faces": {
				"north": {"uv": [3.875, 3.25, 4.375, 3.75], "texture": "#0"},
				"east": {"uv": [4.375, 3.25, 4.875, 3.75], "texture": "#0"},
				"south": {"uv": [4.875, 3.25, 5.375, 3.75], "texture": "#0"},
				"west": {"uv": [5.375, 3.25, 5.875, 3.75], "texture": "#0"},
				"up": {"uv": [6.375, 3.75, 5.875, 3.25], "texture": "#0"},
				"down": {"uv": [6.875, 3.25, 6.375, 3.75], "texture": "#0"}
			}
		},
		{
			"from": [11, 11, 3.5],
			"to": [15, 15, 7.5],
			"rotation": {"angle": -45, "axis": "y", "origin": [13, 13, 5.5]},
			"faces": {
				"north": {"uv": [3.875, 3.25, 4.375, 3.75], "texture": "#0"},
				"east": {"uv": [4.375, 3.25, 4.875, 3.75], "texture": "#0"},
				"south": {"uv": [4.875, 3.25, 5.375, 3.75], "texture": "#0"},
				"west": {"uv": [5.375, 3.25, 5.875, 3.75], "texture": "#0"},
				"up": {"uv": [6.375, 3.75, 5.875, 3.25], "texture": "#0"},
				"down": {"uv": [6.875, 3.25, 6.375, 3.75], "texture": "#0"}
			}
		},
		{
			"from": [12, 10.7847, 9.83239],
			"to": [16, 14.7847, 13.83239],
			"rotation": {"angle": -45, "axis": "x", "origin": [14, 12.7847, 11.83239]},
			"faces": {
				"north": {"uv": [3.875, 3.25, 4.375, 3.75], "texture": "#0"},
				"east": {"uv": [4.375, 3.25, 4.875, 3.75], "texture": "#0"},
				"south": {"uv": [4.875, 3.25, 5.375, 3.75], "texture": "#0"},
				"west": {"uv": [5.375, 3.25, 5.875, 3.75], "texture": "#0"},
				"up": {"uv": [6.375, 3.75, 5.875, 3.25], "texture": "#0"},
				"down": {"uv": [6.875, 3.25, 6.375, 3.75], "texture": "#0"}
			}
		},
		{
			"from": [17, 12, 9],
			"to": [21, 16, 13],
			"rotation": {"angle": 22.5, "axis": "y", "origin": [19, 14, 11]},
			"faces": {
				"north": {"uv": [5.375, 3.25, 5.875, 3.75], "texture": "#0"},
				"east": {"uv": [3.875, 3.25, 4.375, 3.75], "texture": "#0"},
				"south": {"uv": [4.375, 3.25, 4.875, 3.75], "texture": "#0"},
				"west": {"uv": [4.875, 3.25, 5.375, 3.75], "texture": "#0"},
				"up": {"uv": [6.375, 3.75, 5.875, 3.25], "rotation": 90, "texture": "#0"},
				"down": {"uv": [6.875, 3.25, 6.375, 3.75], "rotation": 270, "texture": "#0"}
			}
		}
	],
	"display": {
		"thirdperson": {
			"rotation": [90, 90, -180],
			"translation": [-1.5, 2.3, -0.5],
			"scale": [0.55, 0.55, 0.55]
		},
		"firstperson": {
			"rotation": [0, 90, 0],
			"translation": [-6, 5.2, 1.2],
			"scale": [0.45, 0.45, 0.45]
		},
		"ground": {
			"translation": [0, 2, 0],
			"scale": [1.8, 1.8, 1.8]
		},
		"gui": {
			"rotation": [0, 0, 0],
			"translation": [0, -1, 0],
			"scale": [0.6, 0.6, 0.6]
		}
	},
	"groups": [
		0,
		1,
		2,
		3,
		{
			"name": "group",
			"origin": [-2, 13, 4.5],
			"color": 0,
			"children": [4, 5, 6, 7, 8, 9, 10, 11, 12, 13]
		},
		14,
		15,
		16,
		17,
		18,
		19,
		20
	]
}