{
	"credit": "Made with Blockbench",
	"texture_size": [128, 128],
	"textures": {
		"0": "blocks/supply_drop_open",
		"particle": "blocks/supply_drop_open"
	},
	"elements": [
		{
			"from": [-7, 0, 1],
			"to": [23, 13, 15],
			"rotation": {"angle": 0, "axis": "y", "origin": [7, 0, 0]},
			"faces": {
				"north": {"uv": [3.875, 0, 7.625, 1.625], "texture": "#0"},
				"east": {"uv": [3.75, 6.75, 5.5, 8.375], "texture": "#0"},
				"south": {"uv": [3.875, 1.625, 7.625, 3.25], "texture": "#0"},
				"west": {"uv": [5.5, 6.75, 7.25, 8.375], "texture": "#0"},
				"up": {"uv": [3.75, 5.5, 0, 3.75], "texture": "#0"},
				"down": {"uv": [7.5, 3.75, 3.75, 5.5], "texture": "#0"}
			}
		},
		{
			"from": [0.5, 0, 0],
			"to": [15.5, 11, 16],
			"rotation": {"angle": 0, "axis": "y", "origin": [6.5, 0, 0]},
			"faces": {
				"north": {"uv": [7.625, 0.625, 9.5, 2], "texture": "#0"},
				"east": {"uv": [7.25, 6.75, 9.25, 8.125], "texture": "#0"},
				"south": {"uv": [7.25, 8.125, 9.125, 9.5], "texture": "#0"},
				"west": {"uv": [7.5, 3.25, 9.5, 4.625], "texture": "#0"},
				"up": {"uv": [1.875, 8.75, 0, 6.75], "texture": "#0"},
				"down": {"uv": [3.75, 6.75, 1.875, 8.75], "texture": "#0"}
			}
		},
		{
			"from": [-8.5, 5, 3],
			"to": [24.5, 10, 13],
			"rotation": {"angle": 0, "axis": "y", "origin": [7.5, 0, 0]},
			"faces": {
				"north": {"uv": [7.5, 4.625, 11.625, 5.25], "texture": "#0"},
				"east": {"uv": [2, 8.75, 3.25, 9.375], "texture": "#0"},
				"south": {"uv": [7.625, 0, 11.75, 0.625], "texture": "#0"},
				"west": {"uv": [9.125, 8.125, 10.375, 8.75], "texture": "#0"},
				"up": {"uv": [4.125, 6.75, 0, 5.5], "texture": "#0"},
				"down": {"uv": [8.25, 5.5, 4.125, 6.75], "texture": "#0"}
			}
		},
		{
			"from": [-7.5, 13, 0.5],
			"to": [23.5, 17, 15.5],
			"rotation": {"angle": 0, "axis": "y", "origin": [8, 15.29014, 8]},
			"faces": {
				"north": {"uv": [11.5, 2.5, 7.625, 2], "rotation": 180, "texture": "#0"},
				"east": {"uv": [1, 8.75, 1.5, 10.625], "rotation": 90, "texture": "#0"},
				"south": {"uv": [11.5, 2.5, 7.625, 3], "texture": "#0"},
				"west": {"uv": [1.5, 8.75, 2, 10.625], "rotation": 270, "texture": "#0"},
				"up": {"uv": [0, 1.875, 3.875, 3.75], "texture": "#0"},
				"down": {"uv": [0, 0, 3.875, 1.875], "rotation": 180, "texture": "#0"}
			}
		},
		{
			"from": [16.505, 13.005, -0.495],
			"to": [20.495, 17.995, 16.495],
			"rotation": {"angle": 0, "axis": "y", "origin": [8, 15.29014, 8]},
			"faces": {
				"north": {"uv": [3.75, 9.375, 3.25, 8.75], "rotation": 180, "texture": "#0"},
				"east": {"uv": [3.75, 8.375, 4.375, 10.5], "rotation": 90, "texture": "#0"},
				"south": {"uv": [9.625, 8.75, 9.125, 9.375], "texture": "#0"},
				"west": {"uv": [4.375, 8.375, 5, 10.5], "rotation": 270, "texture": "#0"},
				"up": {"uv": [6.75, 8.375, 7.25, 10.5], "texture": "#0"},
				"down": {"uv": [6.25, 8.375, 6.75, 10.5], "rotation": 180, "texture": "#0"}
			}
		},
		{
			"from": [-4.495, 13.005, -0.495],
			"to": [-0.505, 17.995, 16.495],
			"rotation": {"angle": 0, "axis": "y", "origin": [8, 15.29014, 8]},
			"faces": {
				"north": {"uv": [9.75, 7.375, 9.25, 6.75], "rotation": 180, "texture": "#0"},
				"east": {"uv": [5, 8.375, 5.625, 10.5], "rotation": 90, "texture": "#0"},
				"south": {"uv": [9.75, 7.375, 9.25, 8], "texture": "#0"},
				"west": {"uv": [5.625, 8.375, 6.25, 10.5], "rotation": 270, "texture": "#0"},
				"up": {"uv": [0.5, 8.75, 1, 10.875], "texture": "#0"},
				"down": {"uv": [0, 8.75, 0.5, 10.875], "rotation": 180, "texture": "#0"}
			}
		}
	],
	"display": {
		"thirdperson": {
			"rotation": [90, 90, -180],
			"translation": [-1.5, 2.3, -0.5],
			"scale": [0.55, 0.55, 0.55]
		},
		"firstperson": {
			"rotation": [0, 0, -10],
			"translation": [-6, 5.2, 1.2],
			"scale": [0.45, 0.45, 0.45]
		},
		"ground": {
			"translation": [0, 2, 0],
			"scale": [1.8, 1.8, 1.8]
		},
		"gui": {
			"rotation": [0, 0, 0],
			"translation": [0, 0, 0],
			"scale": [0.6, 0.6, 0.6]
		}
	},
	"groups": [
		0,
		1,
		2,
		{
			"name": "group",
			"origin": [-2, 13, 4.5],
			"color": 0,
			"children": []
		},
		3,
		4,
		5
	]
}