{
	"credit": "Made with Blockbench",
	"texture_size": [128, 128],
	"textures": {
		"0": "blocks/pack_a_punch",
		"particle": "blocks/pack_a_punch"
	},
	"elements": [
		{
			"from": [17.77266, 0, 8.62922],
			"to": [21.77266, 1.5, 10.62922],
			"rotation": {"angle": 22.5, "axis": "y", "origin": [8, 11.5, 8]},
			"faces": {
				"north": {"uv": [9.375, 0.25, 9.875, 0.4375], "texture": "#0"},
				"east": {"uv": [4.25, 6.875, 4.5, 7.0625], "texture": "#0"},
				"south": {"uv": [9.375, 0.75, 9.875, 0.9375], "texture": "#0"},
				"west": {"uv": [5.5, 8.5, 5.75, 8.6875], "texture": "#0"},
				"up": {"uv": [9.625, 1.75, 9.125, 1.5], "texture": "#0"},
				"down": {"uv": [9.625, 1.75, 9.125, 2], "texture": "#0"}
			}
		},
		{
			"from": [-5.77266, 0, 8.62922],
			"to": [-1.77266, 1.5, 10.62922],
			"rotation": {"angle": -22.5, "axis": "y", "origin": [8, 11.5, 8]},
			"faces": {
				"north": {"uv": [4.25, 9.375, 4.75, 9.5625], "texture": "#0"},
				"east": {"uv": [9.625, 1.75, 9.875, 1.9375], "texture": "#0"},
				"south": {"uv": [9.375, 4.5, 9.875, 4.6875], "texture": "#0"},
				"west": {"uv": [9.625, 3.125, 9.875, 3.3125], "texture": "#0"},
				"up": {"uv": [3.75, 9.375, 3.25, 9.125], "texture": "#0"},
				"down": {"uv": [9.625, 7.5, 9.125, 7.75], "texture": "#0"}
			}
		},
		{
			"from": [6.71967, -3.98313, 4.5],
			"to": [7.96967, 0.51687, 5.5],
			"rotation": {"angle": -45, "axis": "z", "origin": [8, 11.5, 8]},
			"faces": {
				"north": {"uv": [1.75, 2.5, 1.9375, 3.0625], "texture": "#0"},
				"east": {"uv": [7.875, 9.375, 8, 9.9375], "texture": "#0"},
				"south": {"uv": [5.625, 9.25, 5.8125, 9.8125], "texture": "#0"},
				"west": {"uv": [8, 9.375, 8.125, 9.9375], "texture": "#0"},
				"up": {"uv": [5.4375, 7.25, 5.25, 7.125], "texture": "#0"},
				"down": {"uv": [8.8125, 7.875, 8.625, 8], "texture": "#0"}
			}
		},
		{
			"from": [8.03033, -3.98313, 4.5],
			"to": [9.28033, 0.51687, 5.5],
			"rotation": {"angle": 45, "axis": "z", "origin": [8, 11.5, 8]},
			"faces": {
				"north": {"uv": [2.125, 9.375, 2.3125, 9.9375], "texture": "#0"},
				"east": {"uv": [8.125, 9.375, 8.25, 9.9375], "texture": "#0"},
				"south": {"uv": [2.375, 9.375, 2.5625, 9.9375], "texture": "#0"},
				"west": {"uv": [9.375, 8.125, 9.5, 8.6875], "texture": "#0"},
				"up": {"uv": [9.6875, 8.75, 9.5, 8.625], "texture": "#0"},
				"down": {"uv": [9.8125, 7.125, 9.625, 7.25], "texture": "#0"}
			}
		},
		{
			"from": [-1, 21.25, 6.5],
			"to": [17, 23.25, 9.5],
			"rotation": {"angle": 0, "axis": "y", "origin": [8, 11.5, 8]},
			"faces": {
				"north": {"uv": [6.25, 1.75, 8.5, 2], "texture": "#0"},
				"east": {"uv": [5, 9.375, 5.375, 9.625], "texture": "#0"},
				"south": {"uv": [0, 6.625, 2.25, 6.875], "texture": "#0"},
				"west": {"uv": [9.375, 6.375, 9.75, 6.625], "texture": "#0"},
				"up": {"uv": [8.5, 1.75, 6.25, 1.375], "texture": "#0"},
				"down": {"uv": [4.5, 6.25, 2.25, 6.625], "texture": "#0"}
			}
		},
		{
			"from": [6.5, 13.75, 6.5],
			"to": [9.5, 17.75, 9.5],
			"rotation": {"angle": 0, "axis": "y", "origin": [8, 11.5, 8]},
			"faces": {
				"north": {"uv": [1.75, 5.25, 2.125, 5.75], "texture": "#0"},
				"east": {"uv": [8.625, 8.25, 9, 8.75], "texture": "#0"},
				"south": {"uv": [0, 8.75, 0.375, 9.25], "texture": "#0"},
				"west": {"uv": [0.375, 8.75, 0.75, 9.25], "texture": "#0"},
				"up": {"uv": [9.375, 8.625, 9, 8.25], "texture": "#0"},
				"down": {"uv": [9.375, 8.625, 9, 9], "texture": "#0"}
			}
		},
		{
			"from": [3.4948, 15.0052, 6.75],
			"to": [6.4948, 19.0052, 9.25],
			"rotation": {"angle": -45, "axis": "z", "origin": [8, 11.5, 8]},
			"faces": {
				"north": {"uv": [8.75, 1, 9.125, 1.5], "texture": "#0"},
				"east": {"uv": [5, 8.875, 5.3125, 9.375], "texture": "#0"},
				"south": {"uv": [8.75, 1.5, 9.125, 2], "texture": "#0"},
				"west": {"uv": [8.875, 5.625, 9.1875, 6.125], "texture": "#0"},
				"up": {"uv": [9.625, 8.0625, 9.25, 7.75], "texture": "#0"},
				"down": {"uv": [9, 9.25, 8.625, 9.5625], "texture": "#0"}
			}
		},
		{
			"from": [9.5052, 15.0052, 6.75],
			"to": [12.5052, 19.0052, 9.25],
			"rotation": {"angle": 45, "axis": "z", "origin": [8, 11.5, 8]},
			"faces": {
				"north": {"uv": [9.125, 1, 8.75, 1.5], "texture": "#0"},
				"east": {"uv": [9.1875, 5.625, 8.875, 6.125], "texture": "#0"},
				"south": {"uv": [9.125, 1.5, 8.75, 2], "texture": "#0"},
				"west": {"uv": [5.3125, 8.875, 5, 9.375], "texture": "#0"},
				"up": {"uv": [9.25, 8.0625, 9.625, 7.75], "texture": "#0"},
				"down": {"uv": [8.625, 9.25, 9, 9.5625], "texture": "#0"}
			}
		},
		{
			"from": [-1.5, 17.75, 6],
			"to": [17.5, 21.25, 10],
			"rotation": {"angle": 0, "axis": "y", "origin": [8, 11.5, 8]},
			"faces": {
				"north": {"uv": [1.25, 5.75, 3.625, 6.1875], "texture": "#0"},
				"east": {"uv": [0.75, 8.375, 1.25, 8.8125], "texture": "#0"},
				"south": {"uv": [3.625, 5.75, 6, 6.1875], "texture": "#0"},
				"west": {"uv": [1.25, 8.375, 1.75, 8.8125], "texture": "#0"},
				"up": {"uv": [7, 4.375, 4.625, 3.875], "texture": "#0"},
				"down": {"uv": [7, 4.375, 4.625, 4.875], "texture": "#0"}
			}
		},
		{
			"from": [-1.495, 16.51388, 12.24453],
			"to": [17.495, 19.73746, 13.57393],
			"rotation": {"angle": -22.5, "axis": "x", "origin": [8, 11.5, 8]},
			"faces": {
				"north": {"uv": [5.875, 4.875, 8.25, 5.25], "texture": "#0"},
				"east": {"uv": [6.75, 2.875, 6.9375, 3.25], "texture": "#0"},
				"south": {"uv": [5.875, 5.25, 8.25, 5.625], "texture": "#0"},
				"west": {"uv": [9.375, 6.625, 9.5625, 7], "texture": "#0"},
				"up": {"uv": [9.375, 4.5625, 7, 4.375], "texture": "#0"},
				"down": {"uv": [9.375, 4.625, 7, 4.8125], "texture": "#0"}
			}
		},
		{
			"from": [-1.495, 16.51388, 2.42607],
			"to": [17.495, 19.73746, 3.75547],
			"rotation": {"angle": 22.5, "axis": "x", "origin": [8, 11.5, 8]},
			"faces": {
				"north": {"uv": [6, 5.625, 8.375, 6], "texture": "#0"},
				"east": {"uv": [0.25, 9.5, 0.4375, 9.875], "texture": "#0"},
				"south": {"uv": [6, 6, 8.375, 6.375], "texture": "#0"},
				"west": {"uv": [9.5, 3.375, 9.6875, 3.75], "texture": "#0"},
				"up": {"uv": [8.125, 7.4375, 5.75, 7.25], "texture": "#0"},
				"down": {"uv": [9.75, 0, 7.375, 0.1875], "texture": "#0"}
			}
		},
		{
			"from": [-2, 8, 7],
			"to": [18, 13, 11.5],
			"rotation": {"angle": 0, "axis": "y", "origin": [8, 11.5, 8]},
			"faces": {
				"north": {"uv": [4.25, 2, 6.75, 2.625], "texture": "#0"},
				"east": {"uv": [7.5, 6.375, 8.0625, 7], "texture": "#0"},
				"south": {"uv": [2.125, 4.25, 4.625, 4.875], "texture": "#0"},
				"west": {"uv": [7.625, 2.25, 8.1875, 2.875], "texture": "#0"},
				"up": {"uv": [6.75, 3.1875, 4.25, 2.625], "texture": "#0"},
				"down": {"uv": [7, 3.25, 4.5, 3.8125], "texture": "#0"}
			}
		},
		{
			"from": [0.5, 9.4588, 4.69344],
			"to": [4.5, 12.4588, 8.69344],
			"rotation": {"angle": -22.5, "axis": "x", "origin": [8, 11.5, 8]},
			"faces": {
				"north": {"uv": [5, 8.5, 5.5, 8.875], "texture": "#0"},
				"east": {"uv": [7.625, 8.5, 8.125, 8.875], "texture": "#0"},
				"south": {"uv": [8.125, 8.5, 8.625, 8.875], "texture": "#0"},
				"west": {"uv": [3.75, 8.625, 4.25, 9], "texture": "#0"},
				"up": {"uv": [1.75, 8.375, 1.25, 7.875], "texture": "#0"},
				"down": {"uv": [2.25, 7.875, 1.75, 8.375], "texture": "#0"}
			}
		},
		{
			"from": [11.5, 9.4588, 4.69344],
			"to": [15.5, 12.4588, 8.69344],
			"rotation": {"angle": -22.5, "axis": "x", "origin": [8, 11.5, 8]},
			"faces": {
				"north": {"uv": [6.125, 8.625, 6.625, 9], "texture": "#0"},
				"east": {"uv": [6.625, 8.625, 7.125, 9], "texture": "#0"},
				"south": {"uv": [7.125, 8.625, 7.625, 9], "texture": "#0"},
				"west": {"uv": [8.625, 7.5, 9.125, 7.875], "texture": "#0"},
				"up": {"uv": [2.75, 8.375, 2.25, 7.875], "texture": "#0"},
				"down": {"uv": [3.25, 7.875, 2.75, 8.375], "texture": "#0"}
			}
		},
		{
			"from": [6, 9.4588, 4.69344],
			"to": [10, 12.4588, 8.69344],
			"rotation": {"angle": -22.5, "axis": "x", "origin": [2.5, 11.5, 8]},
			"faces": {
				"north": {"uv": [6.125, 8.625, 6.625, 9], "texture": "#0"},
				"east": {"uv": [6.625, 8.625, 7.125, 9], "texture": "#0"},
				"south": {"uv": [7.125, 8.625, 7.625, 9], "texture": "#0"},
				"west": {"uv": [8.625, 7.5, 9.125, 7.875], "texture": "#0"},
				"up": {"uv": [2.75, 8.375, 2.25, 7.875], "texture": "#0"},
				"down": {"uv": [3.25, 7.875, 2.75, 8.375], "texture": "#0"}
			}
		},
		{
			"from": [13, 6.27165, 5.33835],
			"to": [14, 9.27165, 8.33835],
			"rotation": {"angle": 22.5, "axis": "x", "origin": [8, 11.5, 8]},
			"faces": {
				"north": {"uv": [4.5, 3.875, 4.625, 4.25], "texture": "#0"},
				"east": {"uv": [8.875, 7.875, 9.25, 8.25], "texture": "#0"},
				"south": {"uv": [0.75, 7.5, 0.875, 7.875], "texture": "#0"},
				"west": {"uv": [9, 3.625, 9.375, 4], "texture": "#0"},
				"up": {"uv": [9.625, 9.375, 9.5, 9], "texture": "#0"},
				"down": {"uv": [9.625, 9.375, 9.5, 9.75], "texture": "#0"}
			}
		},
		{
			"from": [2, 6.27165, 5.33835],
			"to": [3, 9.27165, 8.33835],
			"rotation": {"angle": 22.5, "axis": "x", "origin": [8, 11.5, 8]},
			"faces": {
				"north": {"uv": [9.625, 1, 9.75, 1.375], "texture": "#0"},
				"east": {"uv": [9, 4, 9.375, 4.375], "texture": "#0"},
				"south": {"uv": [9.625, 1.375, 9.75, 1.75], "texture": "#0"},
				"west": {"uv": [6.5, 9, 6.875, 9.375], "texture": "#0"},
				"up": {"uv": [9.75, 3.125, 9.625, 2.75], "texture": "#0"},
				"down": {"uv": [9.75, 3.75, 9.625, 4.125], "texture": "#0"}
			}
		},
		{
			"from": [7.5, 6.27165, 5.33835],
			"to": [8.5, 9.27165, 8.33835],
			"rotation": {"angle": 22.5, "axis": "x", "origin": [8, 11.5, 8]},
			"faces": {
				"north": {"uv": [9.625, 4.125, 9.75, 4.5], "texture": "#0"},
				"east": {"uv": [6.875, 9, 7.25, 9.375], "texture": "#0"},
				"south": {"uv": [4.25, 9.625, 4.375, 10], "texture": "#0"},
				"west": {"uv": [7.25, 9, 7.625, 9.375], "texture": "#0"},
				"up": {"uv": [4.5, 10, 4.375, 9.625], "texture": "#0"},
				"down": {"uv": [4.625, 9.625, 4.5, 10], "texture": "#0"}
			}
		},
		{
			"from": [10.25, 8, 4.5],
			"to": [11.25, 13, 11],
			"rotation": {"angle": 0, "axis": "y", "origin": [8, 11.5, 8]},
			"faces": {
				"north": {"uv": [3.75, 7.875, 3.875, 8.5], "texture": "#0"},
				"east": {"uv": [0, 2.5, 0.8125, 3.125], "texture": "#0"},
				"south": {"uv": [7.5, 9.375, 7.625, 10], "texture": "#0"},
				"west": {"uv": [0.875, 2.5, 1.6875, 3.125], "texture": "#0"},
				"up": {"uv": [3.5, 10.1875, 3.375, 9.375], "texture": "#0"},
				"down": {"uv": [3.625, 9.375, 3.5, 10.1875], "texture": "#0"}
			}
		},
		{
			"from": [4.75, 8, 4.5],
			"to": [5.75, 13, 11],
			"rotation": {"angle": 0, "axis": "y", "origin": [8, 11.5, 8]},
			"faces": {
				"north": {"uv": [7.625, 9.375, 7.75, 10], "texture": "#0"},
				"east": {"uv": [6.75, 2.25, 7.5625, 2.875], "texture": "#0"},
				"south": {"uv": [7.75, 9.375, 7.875, 10], "texture": "#0"},
				"west": {"uv": [0, 6.875, 0.8125, 7.5], "texture": "#0"},
				"up": {"uv": [3.75, 10.1875, 3.625, 9.375], "texture": "#0"},
				"down": {"uv": [9.5, 3.625, 9.375, 4.4375], "texture": "#0"}
			}
		},
		{
			"from": [-1, 5.5, 4.25],
			"to": [17, 8.5, 11.75],
			"rotation": {"angle": 0, "axis": "y", "origin": [8, 11.5, 8]},
			"faces": {
				"north": {"uv": [0, 6.25, 2.25, 6.625], "texture": "#0"},
				"east": {"uv": [7.5, 3.625, 8.4375, 4], "texture": "#0"},
				"south": {"uv": [6.25, 1, 8.5, 1.375], "texture": "#0"},
				"west": {"uv": [7.5, 4, 8.4375, 4.375], "texture": "#0"},
				"up": {"uv": [4.5, 4.1875, 2.25, 3.25], "texture": "#0"},
				"down": {"uv": [6.375, 0, 4.125, 0.9375], "texture": "#0"}
			}
		},
		{
			"from": [10.76236, 2.16617, 4.255],
			"to": [14.75236, 4.15617, 11.745],
			"rotation": {"angle": 45, "axis": "z", "origin": [8, 11.5, 8]},
			"faces": {
				"north": {"uv": [9, 2, 9.5, 2.25], "texture": "#0"},
				"east": {"uv": [8.25, 2.25, 9.1875, 2.5], "texture": "#0"},
				"south": {"uv": [9, 9, 9.5, 9.25], "texture": "#0"},
				"west": {"uv": [8.25, 2.5, 9.1875, 2.75], "texture": "#0"},
				"up": {"uv": [7.5, 4.3125, 7, 3.375], "texture": "#0"},
				"down": {"uv": [4.75, 7.125, 4.25, 8.0625], "texture": "#0"}
			}
		},
		{
			"from": [17.25, 9.75, 4.25],
			"to": [18.25, 11.75, 11.75],
			"rotation": {"angle": 0, "axis": "y", "origin": [8, 11.5, 8]},
			"faces": {
				"north": {"uv": [4.625, 9.625, 4.75, 9.875], "texture": "#0"},
				"east": {"uv": [7.625, 8.25, 8.5625, 8.5], "texture": "#0"},
				"south": {"uv": [5.25, 9.625, 5.375, 9.875], "texture": "#0"},
				"west": {"uv": [8.375, 0.25, 9.3125, 0.5], "texture": "#0"},
				"up": {"uv": [9.375, 6.0625, 9.25, 5.125], "texture": "#0"},
				"down": {"uv": [5.625, 9.25, 5.5, 10.1875], "texture": "#0"}
			}
		},
		{
			"from": [-2.25, 9.75, 4.25],
			"to": [-1.25, 11.75, 11.75],
			"rotation": {"angle": 0, "axis": "y", "origin": [8, 11.5, 8]},
			"faces": {
				"north": {"uv": [4.75, 9.625, 4.625, 9.875], "texture": "#0"},
				"east": {"uv": [9.3125, 0.25, 8.375, 0.5], "texture": "#0"},
				"south": {"uv": [5.375, 9.625, 5.25, 9.875], "texture": "#0"},
				"west": {"uv": [8.5625, 8.25, 7.625, 8.5], "texture": "#0"},
				"up": {"uv": [9.25, 6.0625, 9.375, 5.125], "texture": "#0"},
				"down": {"uv": [5.5, 9.25, 5.625, 10.1875], "texture": "#0"}
			}
		},
		{
			"from": [1.24764, 2.16617, 4.255],
			"to": [5.23764, 4.15617, 11.745],
			"rotation": {"angle": -45, "axis": "z", "origin": [8, 11.5, 8]},
			"faces": {
				"north": {"uv": [9.5, 2, 9, 2.25], "texture": "#0"},
				"east": {"uv": [9.1875, 2.5, 8.25, 2.75], "texture": "#0"},
				"south": {"uv": [9.5, 9, 9, 9.25], "texture": "#0"},
				"west": {"uv": [9.1875, 2.25, 8.25, 2.5], "texture": "#0"},
				"up": {"uv": [7, 4.3125, 7.5, 3.375], "texture": "#0"},
				"down": {"uv": [4.25, 7.125, 4.75, 8.0625], "texture": "#0"}
			}
		},
		{
			"from": [-0.245, 13.005, 4.005],
			"to": [16.245, 13.495, 11.995],
			"rotation": {"angle": 0, "axis": "y", "origin": [8, 11.5, 8]},
			"faces": {
				"north": {"uv": [8.875, 6.125, 10.9375, 6.1875], "texture": "#0"},
				"east": {"uv": [6.375, 0.875, 7.375, 0.9375], "texture": "#0"},
				"south": {"uv": [8.875, 6.25, 10.9375, 6.3125], "texture": "#0"},
				"west": {"uv": [9.375, 4.75, 10.375, 4.8125], "texture": "#0"},
				"up": {"uv": [6.1875, 2, 4.125, 1], "texture": "#0"},
				"down": {"uv": [2.0625, 4.25, 0, 5.25], "texture": "#0"}
			}
		},
		{
			"from": [-0.75, 4, 4],
			"to": [16.75, 6, 12],
			"rotation": {"angle": 0, "axis": "y", "origin": [8, 11.5, 8]},
			"faces": {
				"north": {"uv": [2.25, 6.625, 4.4375, 6.875], "texture": "#0"},
				"east": {"uv": [7.625, 7.5, 8.625, 7.75], "texture": "#0"},
				"south": {"uv": [6.75, 2, 8.9375, 2.25], "texture": "#0"},
				"west": {"uv": [7.625, 7.75, 8.625, 8], "texture": "#0"},
				"up": {"uv": [4.1875, 3.25, 2, 2.25], "texture": "#0"},
				"down": {"uv": [2.1875, 3.25, 0, 4.25], "texture": "#0"}
			}
		},
		{
			"from": [-2.83542, 9.00259, 4.005],
			"to": [-1.34542, 15.49259, 11.995],
			"rotation": {"angle": 22.5, "axis": "z", "origin": [8, 11.5, 8]},
			"faces": {
				"north": {"uv": [3.75, 9, 3.9375, 9.8125], "texture": "#0"},
				"east": {"uv": [5.5, 6.375, 6.5, 7.1875], "texture": "#0"},
				"south": {"uv": [4, 9, 4.1875, 9.8125], "texture": "#0"},
				"west": {"uv": [6.5, 6.375, 7.5, 7.1875], "texture": "#0"},
				"up": {"uv": [2.4375, 9.375, 2.25, 8.375], "texture": "#0"},
				"down": {"uv": [2.6875, 8.375, 2.5, 9.375], "texture": "#0"}
			}
		},
		{
			"from": [0.07538, 3.72918, 4],
			"to": [1.57538, 7.22918, 12],
			"rotation": {"angle": -45, "axis": "z", "origin": [8, 11.5, 8]},
			"faces": {
				"north": {"uv": [6.5, 9.375, 6.6875, 9.8125], "texture": "#0"},
				"east": {"uv": [7.375, 0.25, 8.375, 0.6875], "texture": "#0"},
				"south": {"uv": [6.75, 9.375, 6.9375, 9.8125], "texture": "#0"},
				"west": {"uv": [0.875, 7.375, 1.875, 7.8125], "texture": "#0"},
				"up": {"uv": [2.9375, 9.375, 2.75, 8.375], "texture": "#0"},
				"down": {"uv": [3.1875, 8.375, 3, 9.375], "texture": "#0"}
			}
		},
		{
			"from": [14.42462, 3.72918, 4],
			"to": [15.92462, 7.22918, 12],
			"rotation": {"angle": 45, "axis": "z", "origin": [8, 11.5, 8]},
			"faces": {
				"north": {"uv": [6.6875, 9.375, 6.5, 9.8125], "texture": "#0"},
				"east": {"uv": [1.875, 7.375, 0.875, 7.8125], "texture": "#0"},
				"south": {"uv": [6.9375, 9.375, 6.75, 9.8125], "texture": "#0"},
				"west": {"uv": [8.375, 0.25, 7.375, 0.6875], "texture": "#0"},
				"up": {"uv": [2.75, 9.375, 2.9375, 8.375], "texture": "#0"},
				"down": {"uv": [3, 8.375, 3.1875, 9.375], "texture": "#0"}
			}
		},
		{
			"from": [17.34542, 9.00259, 4.005],
			"to": [18.83542, 15.49259, 11.995],
			"rotation": {"angle": -22.5, "axis": "z", "origin": [8, 11.5, 8]},
			"faces": {
				"north": {"uv": [3.9375, 9, 3.75, 9.8125], "texture": "#0"},
				"east": {"uv": [7.5, 6.375, 6.5, 7.1875], "texture": "#0"},
				"south": {"uv": [4.1875, 9, 4, 9.8125], "texture": "#0"},
				"west": {"uv": [6.5, 6.375, 5.5, 7.1875], "texture": "#0"},
				"up": {"uv": [2.25, 9.375, 2.4375, 8.375], "texture": "#0"},
				"down": {"uv": [2.5, 8.375, 2.6875, 9.375], "texture": "#0"}
			}
		},
		{
			"from": [-0.25, 13.5, 3.5],
			"to": [16.25, 14.5, 12.5],
			"rotation": {"angle": 0, "axis": "y", "origin": [8, 11.5, 8]},
			"faces": {
				"north": {"uv": [7.5, 7, 9.5625, 7.125], "texture": "#0"},
				"east": {"uv": [0, 3.125, 1.125, 3.25], "texture": "#0"},
				"south": {"uv": [7.5, 7.125, 9.5625, 7.25], "texture": "#0"},
				"west": {"uv": [0, 6.125, 1.125, 6.25], "texture": "#0"},
				"up": {"uv": [4.0625, 1.125, 2, 0], "texture": "#0"},
				"down": {"uv": [4.0625, 1.125, 2, 2.25], "texture": "#0"}
			}
		},
		{
			"from": [14.47895, 16.43377, 3.505],
			"to": [16.96895, 17.42377, 12.495],
			"rotation": {"angle": -22.5, "axis": "z", "origin": [8, 11.5, 8]},
			"faces": {
				"north": {"uv": [1.125, 3.125, 1.4375, 3.25], "texture": "#0"},
				"east": {"uv": [8.125, 6.875, 9.25, 7], "texture": "#0"},
				"south": {"uv": [1.5, 3.125, 1.8125, 3.25], "texture": "#0"},
				"west": {"uv": [8.25, 2.75, 9.375, 2.875], "texture": "#0"},
				"up": {"uv": [6.4375, 8.625, 6.125, 7.5], "texture": "#0"},
				"down": {"uv": [6.8125, 7.5, 6.5, 8.625], "texture": "#0"}
			}
		},
		{
			"from": [17.53782, 5.84673, 3.5],
			"to": [18.53782, 9.34673, 12.5],
			"rotation": {"angle": 22.5, "axis": "z", "origin": [8, 11.5, 8]},
			"faces": {
				"north": {"uv": [9.5, 3.75, 9.625, 4.1875], "texture": "#0"},
				"east": {"uv": [0.875, 6.875, 2, 7.3125], "texture": "#0"},
				"south": {"uv": [4.75, 9.5, 4.875, 9.9375], "texture": "#0"},
				"west": {"uv": [2, 6.875, 3.125, 7.3125], "texture": "#0"},
				"up": {"uv": [5.5, 10, 5.375, 8.875], "texture": "#0"},
				"down": {"uv": [6.25, 9, 6.125, 10.125], "texture": "#0"}
			}
		},
		{
			"from": [-0.96895, 16.43377, 3.505],
			"to": [1.52105, 17.42377, 12.495],
			"rotation": {"angle": 22.5, "axis": "z", "origin": [8, 11.5, 8]},
			"faces": {
				"north": {"uv": [1.4375, 3.125, 1.125, 3.25], "texture": "#0"},
				"east": {"uv": [9.375, 2.75, 8.25, 2.875], "texture": "#0"},
				"south": {"uv": [1.8125, 3.125, 1.5, 3.25], "texture": "#0"},
				"west": {"uv": [9.25, 6.875, 8.125, 7], "texture": "#0"},
				"up": {"uv": [6.125, 8.625, 6.4375, 7.5], "texture": "#0"},
				"down": {"uv": [6.5, 7.5, 6.8125, 8.625], "texture": "#0"}
			}
		},
		{
			"from": [-2.53782, 5.84673, 3.5],
			"to": [-1.53782, 9.34673, 12.5],
			"rotation": {"angle": -22.5, "axis": "z", "origin": [8, 11.5, 8]},
			"faces": {
				"north": {"uv": [9.625, 3.75, 9.5, 4.1875], "texture": "#0"},
				"east": {"uv": [3.125, 6.875, 2, 7.3125], "texture": "#0"},
				"south": {"uv": [4.875, 9.5, 4.75, 9.9375], "texture": "#0"},
				"west": {"uv": [2, 6.875, 0.875, 7.3125], "texture": "#0"},
				"up": {"uv": [5.375, 10, 5.5, 8.875], "texture": "#0"},
				"down": {"uv": [6.125, 9, 6.25, 10.125], "texture": "#0"}
			}
		},
		{
			"from": [-3.9431, 8.82339, 3],
			"to": [-2.4431, 15.82339, 13],
			"rotation": {"angle": 22.5, "axis": "z", "origin": [8, 11.5, 8]},
			"faces": {
				"north": {"uv": [5.875, 8.75, 6.0625, 9.625], "texture": "#0"},
				"east": {"uv": [2.125, 4.875, 3.375, 5.75], "texture": "#0"},
				"south": {"uv": [0.75, 8.875, 0.9375, 9.75], "texture": "#0"},
				"west": {"uv": [3.375, 4.875, 4.625, 5.75], "texture": "#0"},
				"up": {"uv": [3.4375, 9.125, 3.25, 7.875], "texture": "#0"},
				"down": {"uv": [3.6875, 7.875, 3.5, 9.125], "texture": "#0"}
			}
		},
		{
			"from": [1.4526, 1.1673, 3.005],
			"to": [3.9426, 2.6573, 12.995],
			"rotation": {"angle": -22.5, "axis": "z", "origin": [8, 11.5, 8]},
			"faces": {
				"north": {"uv": [9.5, 0.5, 9.8125, 0.6875], "texture": "#0"},
				"east": {"uv": [8.125, 3.125, 9.375, 3.3125], "texture": "#0"},
				"south": {"uv": [9.5, 2, 9.8125, 2.1875], "texture": "#0"},
				"west": {"uv": [8.125, 6.375, 9.375, 6.5625], "texture": "#0"},
				"up": {"uv": [0.6875, 8.75, 0.375, 7.5], "texture": "#0"},
				"down": {"uv": [6.0625, 7.5, 5.75, 8.75], "texture": "#0"}
			}
		},
		{
			"from": [12.0574, 1.1673, 3.005],
			"to": [14.5474, 2.6573, 12.995],
			"rotation": {"angle": 22.5, "axis": "z", "origin": [8, 11.5, 8]},
			"faces": {
				"north": {"uv": [9.8125, 0.5, 9.5, 0.6875], "texture": "#0"},
				"east": {"uv": [9.375, 6.375, 8.125, 6.5625], "texture": "#0"},
				"south": {"uv": [9.8125, 2, 9.5, 2.1875], "texture": "#0"},
				"west": {"uv": [9.375, 3.125, 8.125, 3.3125], "texture": "#0"},
				"up": {"uv": [0.375, 8.75, 0.6875, 7.5], "texture": "#0"},
				"down": {"uv": [5.75, 7.5, 6.0625, 8.75], "texture": "#0"}
			}
		},
		{
			"from": [18.4431, 8.82339, 3],
			"to": [19.9431, 15.82339, 13],
			"rotation": {"angle": -22.5, "axis": "z", "origin": [8, 11.5, 8]},
			"faces": {
				"north": {"uv": [6.0625, 8.75, 5.875, 9.625], "texture": "#0"},
				"east": {"uv": [4.625, 4.875, 3.375, 5.75], "texture": "#0"},
				"south": {"uv": [0.9375, 8.875, 0.75, 9.75], "texture": "#0"},
				"west": {"uv": [3.375, 4.875, 2.125, 5.75], "texture": "#0"},
				"up": {"uv": [3.25, 9.125, 3.4375, 7.875], "texture": "#0"},
				"down": {"uv": [3.5, 7.875, 3.6875, 9.125], "texture": "#0"}
			}
		},
		{
			"from": [0.25, 3.5, 3],
			"to": [15.75, 5, 13],
			"rotation": {"angle": 0, "axis": "y", "origin": [7.95, 11.5, 8]},
			"faces": {
				"north": {"uv": [7.375, 0.75, 9.3125, 0.9375], "texture": "#0"},
				"east": {"uv": [8.125, 6.625, 9.375, 6.8125], "texture": "#0"},
				"south": {"uv": [7.5, 3.375, 9.4375, 3.5625], "texture": "#0"},
				"west": {"uv": [8.125, 7.25, 9.375, 7.4375], "texture": "#0"},
				"up": {"uv": [1.9375, 1.25, 0, 0], "texture": "#0"},
				"down": {"uv": [1.9375, 1.25, 0, 2.5], "texture": "#0"}
			}
		},
		{
			"from": [-5.77266, 0, 5.37078],
			"to": [-1.77266, 1.5, 7.37078],
			"rotation": {"angle": 22.5, "axis": "y", "origin": [8, 11.5, 8]},
			"faces": {
				"north": {"uv": [9.375, 5.125, 9.875, 5.3125], "texture": "#0"},
				"east": {"uv": [5, 9.625, 5.25, 9.8125], "texture": "#0"},
				"south": {"uv": [9.375, 5.375, 9.875, 5.5625], "texture": "#0"},
				"west": {"uv": [5.875, 9.625, 6.125, 9.8125], "texture": "#0"},
				"up": {"uv": [0.5, 9.5, 0, 9.25], "texture": "#0"},
				"down": {"uv": [9.75, 2.25, 9.25, 2.5], "texture": "#0"}
			}
		},
		{
			"from": [6.71967, -3.98313, 10.5],
			"to": [7.96967, 0.51687, 11.5],
			"rotation": {"angle": -45, "axis": "z", "origin": [8, 11.5, 8]},
			"faces": {
				"north": {"uv": [2.625, 9.375, 2.8125, 9.9375], "texture": "#0"},
				"east": {"uv": [8.25, 9.375, 8.375, 9.9375], "texture": "#0"},
				"south": {"uv": [9.375, 2.75, 9.5625, 3.3125], "texture": "#0"},
				"west": {"uv": [9.375, 9.25, 9.5, 9.8125], "texture": "#0"},
				"up": {"uv": [9.8125, 7.625, 9.625, 7.5], "texture": "#0"},
				"down": {"uv": [9.8125, 7.625, 9.625, 7.75], "texture": "#0"}
			}
		},
		{
			"from": [17.77266, 0, 5.37078],
			"to": [21.77266, 1.5, 7.37078],
			"rotation": {"angle": -22.5, "axis": "y", "origin": [8, 11.5, 8]},
			"faces": {
				"north": {"uv": [9.375, 5.625, 9.875, 5.8125], "texture": "#0"},
				"east": {"uv": [9.625, 6.625, 9.875, 6.8125], "texture": "#0"},
				"south": {"uv": [9.375, 5.875, 9.875, 6.0625], "texture": "#0"},
				"west": {"uv": [9.625, 6.875, 9.875, 7.0625], "texture": "#0"},
				"up": {"uv": [9.75, 2.75, 9.25, 2.5], "texture": "#0"},
				"down": {"uv": [9.75, 4.875, 9.25, 5.125], "texture": "#0"}
			}
		},
		{
			"from": [8.03033, -3.98313, 10.5],
			"to": [9.28033, 0.51687, 11.5],
			"rotation": {"angle": 45, "axis": "z", "origin": [8, 11.5, 8]},
			"faces": {
				"north": {"uv": [2.875, 9.375, 3.0625, 9.9375], "texture": "#0"},
				"east": {"uv": [0, 9.5, 0.125, 10.0625], "texture": "#0"},
				"south": {"uv": [3.125, 9.375, 3.3125, 9.9375], "texture": "#0"},
				"west": {"uv": [0.125, 9.5, 0.25, 10.0625], "texture": "#0"},
				"up": {"uv": [9.8125, 7.875, 9.625, 7.75], "texture": "#0"},
				"down": {"uv": [9.8125, 7.875, 9.625, 8], "texture": "#0"}
			}
		}
	],
	"display": {
		"thirdperson": {
			"rotation": [0, 90, 0],
			"translation": [-1.5, 2.3, -0.5],
			"scale": [0.55, 0.55, 0.55]
		},
		"firstperson": {
			"rotation": [0, 90, 0],
			"translation": [-6, 5.5, 1.2],
			"scale": [0.65, 0.65, 0.65]
		},
		"ground": {
			"translation": [0, 2, 0],
			"scale": [1.8, 1.8, 1.8]
		},
		"gui": {
			"rotation": [0, 0, 0],
			"translation": [0, -1.2, 0],
			"scale": [0.8, 0.8, 0.8]
		}
	},
	"groups": [
		{
			"name": "group",
			"origin": [1, 0.75, -3.5],
			"color": 0,
			"children": [
				0,
				1,
				2,
				3,
				{
					"name": "group",
					"origin": [0, 0, 0],
					"color": 0,
					"children": [4, 5, 6, 7, 8, 9, 10]
				},
				11,
				{
					"name": "group",
					"origin": [7, 10, 6],
					"color": 0,
					"children": [
						{
							"name": "group",
							"origin": [7, 10.5, 8],
							"color": 0,
							"children": [12, 13, 14]
						},
						15,
						16,
						17
					]
				},
				{
					"name": "group",
					"origin": [-0.5, 8, 11.25],
					"color": 0,
					"children": [18, 19]
				},
				{
					"name": "group",
					"origin": [1, 2.75, -2.75],
					"color": 0,
					"children": [20, 21, 22, 23, 24]
				},
				{
					"name": "group",
					"origin": [2, 8.25, -5.75],
					"color": 0,
					"children": [25, 26, 27, 28, 29, 30]
				},
				{
					"name": "group",
					"origin": [2, 5.49897, 21.35057],
					"color": 0,
					"children": [31, 32, 33, 34, 35]
				},
				{
					"name": "group",
					"origin": [2, 3.5, 15.7],
					"color": 0,
					"children": [36, 37, 38, 39, 40]
				},
				41,
				42,
				43,
				44
			]
		}
	]
}