{
	"credit": "Made with Blockbench",
	"texture_size": [64, 64],
	"textures": {
		"1": "explosives/dynamite"
	},
	"elements": [
		{
			"from": [7, 18.5, 7],
			"to": [9, 20.5, 9],
			"rotation": {"angle": 0, "axis": "y", "origin": [7, 18.5, 6]},
			"faces": {
				"north": {"uv": [6.25, 7, 6.75, 7.5], "texture": "#1"},
				"east": {"uv": [12.25, 11.75, 12.75, 12.25], "texture": "#1"},
				"south": {"uv": [12.25, 12.25, 12.75, 12.75], "texture": "#1"},
				"west": {"uv": [11.5, 12.5, 12, 13], "texture": "#1"},
				"up": {"uv": [5.75, 13.25, 5.25, 12.75], "texture": "#1"},
				"down": {"uv": [6.25, 12.75, 5.75, 13.25], "texture": "#1"}
			}
		},
		{
			"from": [8, 15, 3.5],
			"to": [8, 29, 12.5],
			"rotation": {"angle": 22.5, "axis": "y", "origin": [8, 22, 8]},
			"faces": {
				"east": {"uv": [0, 0, 2.25, 3.5], "texture": "#1"},
				"west": {"uv": [2.25, 0, 4.5, 3.5], "texture": "#1"}
			}
		},
		{
			"from": [8, 15, 3.5],
			"to": [8, 29, 12.5],
			"rotation": {"angle": -22.5, "axis": "y", "origin": [8, 22, 8]},
			"faces": {
				"east": {"uv": [0, 3.5, 2.25, 7], "texture": "#1"},
				"west": {"uv": [2.25, 3.5, 4.5, 7], "texture": "#1"}
			}
		},
		{
			"from": [3.5, 15, 8],
			"to": [12.5, 29, 8],
			"rotation": {"angle": 0, "axis": "y", "origin": [8, 22, 8]},
			"faces": {
				"north": {"uv": [4.5, 0, 6.75, 3.5], "texture": "#1"},
				"south": {"uv": [6.75, 0, 4.5, 3.5], "texture": "#1"}
			}
		},
		{
			"from": [9.75, 0, 6.5],
			"to": [12.75, 16, 9.5],
			"rotation": {"angle": 0, "axis": "y", "origin": [9.75, 0, 6.5]},
			"faces": {
				"north": {"uv": [1.75, 7, 2.5, 11], "texture": "#1"},
				"east": {"uv": [2.5, 7, 3.25, 11], "texture": "#1"},
				"south": {"uv": [3.25, 7, 4, 11], "texture": "#1"},
				"west": {"uv": [4, 7, 4.75, 11], "texture": "#1"},
				"up": {"uv": [8.5, 12.25, 7.75, 11.5], "texture": "#1"},
				"down": {"uv": [12.25, 9.5, 11.5, 10.25], "texture": "#1"}
			}
		},
		{
			"from": [3.25, 0, 6.5],
			"to": [6.25, 16, 9.5],
			"rotation": {"angle": 0, "axis": "y", "origin": [6.25, 0, 6.5]},
			"faces": {
				"north": {"uv": [4.75, 7, 5.5, 11], "texture": "#1"},
				"east": {"uv": [5.5, 7, 6.25, 11], "texture": "#1"},
				"south": {"uv": [6.25, 7.5, 7, 11.5], "texture": "#1"},
				"west": {"uv": [7, 7.5, 7.75, 11.5], "texture": "#1"},
				"up": {"uv": [12.25, 11, 11.5, 10.25], "texture": "#1"},
				"down": {"uv": [12.25, 11, 11.5, 11.75], "texture": "#1"}
			}
		},
		{
			"from": [6.5, 0, 6.5],
			"to": [9.5, 16, 9.5],
			"rotation": {"angle": 0, "axis": "y", "origin": [9.5, 0, 6.5]},
			"faces": {
				"north": {"uv": [7.75, 7.5, 8.5, 11.5], "texture": "#1"},
				"east": {"uv": [8.5, 0, 9.25, 4], "texture": "#1"},
				"south": {"uv": [8.5, 4, 9.25, 8], "texture": "#1"},
				"west": {"uv": [8.5, 8, 9.25, 12], "texture": "#1"},
				"up": {"uv": [12.25, 12.5, 11.5, 11.75], "texture": "#1"},
				"down": {"uv": [6, 12, 5.25, 12.75], "texture": "#1"}
			}
		},
		{
			"from": [4.875, 0, 3.25],
			"to": [7.875, 16, 6.25],
			"rotation": {"angle": 0, "axis": "y", "origin": [7.875, 0, 3.25]},
			"faces": {
				"north": {"uv": [9.25, 0, 10, 4], "texture": "#1"},
				"east": {"uv": [9.25, 4, 10, 8], "texture": "#1"},
				"south": {"uv": [9.25, 8, 10, 12], "texture": "#1"},
				"west": {"uv": [0, 9.5, 0.75, 13.5], "texture": "#1"},
				"up": {"uv": [6.75, 12.75, 6, 12], "texture": "#1"},
				"down": {"uv": [7.5, 12, 6.75, 12.75], "texture": "#1"}
			}
		},
		{
			"from": [8.125, 0, 3.25],
			"to": [11.125, 16, 6.25],
			"rotation": {"angle": 0, "axis": "y", "origin": [11.125, 0, 3.25]},
			"faces": {
				"north": {"uv": [0.75, 9.5, 1.5, 13.5], "texture": "#1"},
				"east": {"uv": [10, 0, 10.75, 4], "texture": "#1"},
				"south": {"uv": [10, 4, 10.75, 8], "texture": "#1"},
				"west": {"uv": [10, 8, 10.75, 12], "texture": "#1"},
				"up": {"uv": [9.25, 12.75, 8.5, 12], "texture": "#1"},
				"down": {"uv": [10, 12, 9.25, 12.75], "texture": "#1"}
			}
		},
		{
			"from": [4.875, 0, 9.75],
			"to": [7.875, 16, 12.75],
			"rotation": {"angle": 0, "axis": "y", "origin": [7.875, 0, 12.75]},
			"faces": {
				"north": {"uv": [2.25, 11, 3, 15], "texture": "#1"},
				"east": {"uv": [3, 11, 3.75, 15], "texture": "#1"},
				"south": {"uv": [3.75, 11, 4.5, 15], "texture": "#1"},
				"west": {"uv": [4.5, 11, 5.25, 15], "texture": "#1"},
				"up": {"uv": [8.25, 13, 7.5, 12.25], "texture": "#1"},
				"down": {"uv": [13, 9.5, 12.25, 10.25], "texture": "#1"}
			}
		},
		{
			"from": [8.125, 0, 9.75],
			"to": [11.125, 16, 12.75],
			"rotation": {"angle": 0, "axis": "y", "origin": [11.125, 0, 12.75]},
			"faces": {
				"north": {"uv": [10.75, 0, 11.5, 4], "texture": "#1"},
				"east": {"uv": [10.75, 4, 11.5, 8], "texture": "#1"},
				"south": {"uv": [10.75, 8, 11.5, 12], "texture": "#1"},
				"west": {"uv": [1.5, 11, 2.25, 15], "texture": "#1"},
				"up": {"uv": [10.75, 12.75, 10, 12], "texture": "#1"},
				"down": {"uv": [11.5, 12, 10.75, 12.75], "texture": "#1"}
			}
		},
		{
			"from": [4.505, 11.005, 3.005],
			"to": [11.495, 12.995, 12.995],
			"rotation": {"angle": 0, "axis": "y", "origin": [8, 12, 8]},
			"faces": {
				"north": {"uv": [11.5, 7.5, 13.25, 8], "texture": "#1"},
				"east": {"uv": [11.5, 4, 14, 4.5], "texture": "#1"},
				"south": {"uv": [11.5, 8, 13.25, 8.5], "texture": "#1"},
				"west": {"uv": [11.5, 4.5, 14, 5], "texture": "#1", "tintindex": 7},
				"up": {"uv": [8.5, 2.5, 6.75, 0], "texture": "#1"},
				"down": {"uv": [8.5, 2.5, 6.75, 5], "texture": "#1"}
			}
		},
		{
			"from": [3, 11, 6],
			"to": [13, 13, 10],
			"rotation": {"angle": 0, "axis": "y", "origin": [8, 12, 8.5]},
			"faces": {
				"north": {"uv": [11.5, 5, 14, 5.5], "texture": "#1", "tintindex": 7},
				"east": {"uv": [5.25, 11, 6.25, 11.5], "texture": "#1"},
				"south": {"uv": [5.25, 11.5, 7.75, 12], "texture": "#1"},
				"west": {"uv": [12.25, 10.25, 13.25, 10.75], "texture": "#1"},
				"up": {"uv": [14, 1, 11.5, 0], "texture": "#1"},
				"down": {"uv": [14, 1, 11.5, 2], "texture": "#1"}
			}
		},
		{
			"from": [3, 3, 6],
			"to": [13, 5, 10],
			"rotation": {"angle": 0, "axis": "y", "origin": [8, 4, 8.5]},
			"faces": {
				"north": {"uv": [11.5, 6.5, 14, 7], "texture": "#1", "tintindex": 7},
				"east": {"uv": [12.25, 10.75, 13.25, 11.25], "texture": "#1"},
				"south": {"uv": [11.5, 7, 14, 7.5], "texture": "#1"},
				"west": {"uv": [12.25, 11.25, 13.25, 11.75], "texture": "#1"},
				"up": {"uv": [14, 3, 11.5, 2], "texture": "#1"},
				"down": {"uv": [14, 3, 11.5, 4], "texture": "#1"}
			}
		},
		{
			"from": [4.5, 3, 3],
			"to": [11.5, 5, 13],
			"rotation": {"angle": 0, "axis": "y", "origin": [8.5, -4, 4]},
			"faces": {
				"north": {"uv": [11.5, 8.5, 13.25, 9], "texture": "#1"},
				"east": {"uv": [11.5, 5.5, 14, 6], "texture": "#1"},
				"south": {"uv": [11.5, 9, 13.25, 9.5], "texture": "#1"},
				"west": {"uv": [11.5, 6, 14, 6.5], "texture": "#1", "tintindex": 7},
				"up": {"uv": [8.5, 7.5, 6.75, 5], "texture": "#1"},
				"down": {"uv": [1.75, 7, 0, 9.5], "texture": "#1"}
			}
		}
	]
}