{
	"credit": "Made with Blockbench",
	"ambientocclusion": false,
	"texture_size": [32, 32],
	"textures": {
		"0": "blocks/power_wire",
		"particle": "blocks/power_wire"
	},
	"elements": [
		{
			"from": [7.5, 1, 0],
			"to": [8.5, 2, 5.5],
			"rotation": {"angle": 0, "axis": "y", "origin": [6.5, 1, 0]},
			"faces": {
				"north": {"uv": [1, 1, 1.5, 1.5], "texture": "#0"},
				"east": {"uv": [2.75, 0, 0, 0.5], "texture": "#0"},
				"south": {"uv": [1, 1.5, 1.5, 2], "texture": "#0"},
				"west": {"uv": [0, 0.5, 2.75, 1], "texture": "#0"},
				"up": {"uv": [0.5, 1, 0, 3.75], "texture": "#0"},
				"down": {"uv": [0.5, 3.75, 1, 1], "texture": "#0"}
			}
		},
		{
			"from": [10.5, 1, 7.5],
			"to": [16, 2, 8.5],
			"rotation": {"angle": 0, "axis": "y", "origin": [13.25, 1.5, 8]},
			"faces": {
				"north": {"uv": [0, 0, 2.75, 0.5], "texture": "#0"},
				"east": {"uv": [1, 1.5, 1.5, 2], "texture": "#0"},
				"south": {"uv": [2.75, 0.5, 0, 1], "texture": "#0"},
				"west": {"uv": [1, 1, 1.5, 1.5], "texture": "#0"},
				"up": {"uv": [0.5, 6.25, 0, 9], "rotation": 270, "texture": "#0"},
				"down": {"uv": [1, 1, 0.5, 3.75], "rotation": 90, "texture": "#0"}
			}
		},
		{
			"from": [7.22616, 0.995, 6.14405],
			"to": [11.48616, 2.005, 7.15405],
			"rotation": {"angle": -45, "axis": "y", "origin": [9.35616, 1.5, 6.64905]},
			"faces": {
				"north": {"uv": [3, 0, 5.125, 0.5], "texture": "#0"},
				"east": {"uv": [1, 1.5, 1.5, 2], "texture": "#0"},
				"south": {"uv": [3, 0.5, 5.125, 1], "texture": "#0"},
				"west": {"uv": [1, 1, 1.5, 1.5], "texture": "#0"},
				"up": {"uv": [0.5, 5.875, 0, 3.75], "rotation": 270, "texture": "#0"},
				"down": {"uv": [1, 3.875, 0.5, 6], "rotation": 90, "texture": "#0"}
			}
		}
	]
}