{
	"credit": "Made with Blockbench",
	"ambientocclusion": false,
	"texture_size": [32, 32],
	"textures": {
		"0": "blocks/power_wire",
		"particle": "blocks/power_wire"
	},
	"elements": [
		{
			"from": [7.5, 1, 0],
			"to": [8.5, 2, 16],
			"rotation": {"angle": 0, "axis": "y", "origin": [6.5, 1, 0]},
			"faces": {
				"north": {"uv": [1, 1, 1.5, 1.5], "texture": "#0"},
				"east": {"uv": [0, 0, 8, 0.5], "texture": "#0"},
				"south": {"uv": [1, 1.5, 1.5, 2], "texture": "#0"},
				"west": {"uv": [0, 0.5, 8, 1], "texture": "#0"},
				"up": {"uv": [0.5, 9, 0, 1], "texture": "#0"},
				"down": {"uv": [1, 1, 0.5, 9], "texture": "#0"}
			}
		},
		{
			"from": [8.5, 1, 7.5],
			"to": [16, 2, 8.5],
			"rotation": {"angle": 0, "axis": "y", "origin": [8, 1.5, 8]},
			"faces": {
				"north": {"uv": [0, 0.5, 3.75, 1], "texture": "#0"},
				"east": {"uv": [1, 1, 1.5, 1.5], "texture": "#0"},
				"south": {"uv": [3.75, 0, 0, 0.5], "texture": "#0"},
				"west": {"uv": [1, 1.5, 1.5, 2], "texture": "#0"},
				"up": {"uv": [0.5, 1, 0, 4.75], "rotation": 90, "texture": "#0"},
				"down": {"uv": [1, 4.75, 0.5, 1], "rotation": 270, "texture": "#0"}
			}
		}
	]
}