{
	"credit": "Made with Blockbench",
	"ambientocclusion": false,
	"texture_size": [32, 32],
	"textures": {
		"1": "blocks/power_wire"
	},
	"elements": [
		{
			"from": [7.5, 1, 0],
			"to": [8.5, 2, 16],
			"rotation": {"angle": 0, "axis": "y", "origin": [6.5, 1, 0]},
			"faces": {
				"north": {"uv": [1, 1, 1.5, 1.5], "texture": "#1"},
				"east": {"uv": [0, 0, 8, 0.5], "texture": "#1"},
				"south": {"uv": [1, 1.5, 1.5, 2], "texture": "#1"},
				"west": {"uv": [0, 0.5, 8, 1], "texture": "#1"},
				"up": {"uv": [0.5, 9, 0, 1], "texture": "#1"},
				"down": {"uv": [1, 1, 0.5, 9], "texture": "#1"}
			}
		}
	],
	"groups": [
		{
			"name": "group",
			"origin": [-26.2019, 1.5, 7.09099],
			"color": 0,
			"children": []
		},
		0
	]
}