{
	"credit": "Made with Blockbench",
	"ambientocclusion": false,
	"texture_size": [32, 32],
	"textures": {
		"0": "blocks/power_wire",
		"particle": "blocks/power_wire"
	},
	"elements": [
		{
			"from": [7.5, 1, 0],
			"to": [8.5, 2, 12],
			"rotation": {"angle": 0, "axis": "y", "origin": [6.5, 1, 0]},
			"faces": {
				"north": {"uv": [1, 1, 1.5, 1.5], "texture": "#0"},
				"east": {"uv": [6, 0, 0, 0.5], "texture": "#0"},
				"south": {"uv": [1, 1.5, 1.5, 2], "texture": "#0"},
				"west": {"uv": [0, 0.5, 6, 1], "texture": "#0"},
				"up": {"uv": [0.5, 1, 0, 7], "texture": "#0"},
				"down": {"uv": [1, 7, 0.5, 1], "texture": "#0"}
			}
		}
	]
}