{
    "credit": "Made with Blockbench",
    "texture_size": [64, 64],
    "textures": {
        "2": "explosives/c4"
    },
    "elements": [
        {
            "from": [1, 0, 3.5],
            "to": [15, 5, 12.5],
            "rotation": {"angle": 0, "axis": "y", "origin": [0, 0, 3.5]},
            "faces": {
                "north": {"uv": [7, 5.5, 10.5, 6.75], "texture": "#2"},
                "east": {"uv": [2.5, 7.75, 4.75, 9], "texture": "#2"},
                "south": {"uv": [7, 6.75, 10.5, 8], "texture": "#2"},
                "west": {"uv": [4.75, 7.75, 7, 9], "texture": "#2"},
                "up": {"uv": [3.5, 7.75, 0, 5.5], "texture": "#2"},
                "down": {"uv": [7, 5.5, 3.5, 7.75], "texture": "#2"}
            }
        },
        {
            "from": [5.5, 3, 4.5],
            "to": [10.5, 6, 7.5],
            "rotation": {"angle": -22.5, "axis": "x", "origin": [8, 4.5, 6]},
            "faces": {
                "north": {"uv": [6.25, 9.25, 7.5, 10], "texture": "#2"},
                "east": {"uv": [6.25, 10, 7, 10.75], "texture": "#2"},
                "south": {"uv": [7.5, 9.25, 8.75, 10], "texture": "#2"},
                "west": {"uv": [7, 10, 7.75, 10.75], "texture": "#2"},
                "up": {"uv": [10, 10, 8.75, 9.25], "texture": "#2"},
                "down": {"uv": [5.75, 9.75, 4.5, 10.5], "texture": "#2"}
            }
        },
        {
            "from": [10.5, -0.25, 3],
            "to": [12.5, 5.75, 13],
            "rotation": {"angle": -22.5, "axis": "z", "origin": [11.5, 2.75, 8]},
            "faces": {
                "north": {"uv": [1.75, 9.25, 2.25, 10.75], "texture": "#2"},
                "east": {"uv": [7.5, 0, 10, 1.5], "texture": "#2"},
                "south": {"uv": [5.75, 9.75, 6.25, 11.25], "texture": "#2"},
                "west": {"uv": [7.5, 1.5, 10, 3], "texture": "#2"},
                "up": {"uv": [3, 11.5, 2.5, 9], "texture": "#2"},
                "down": {"uv": [3.5, 9, 3, 11.5], "texture": "#2"}
            }
        },
        {
            "from": [3.5, -0.25, 3],
            "to": [5.5, 5.75, 13],
            "rotation": {"angle": 22.5, "axis": "z", "origin": [4.5, 2.75, 8]},
            "faces": {
                "north": {"uv": [10, 1.5, 10.5, 3], "texture": "#2"},
                "east": {"uv": [7.5, 3, 10, 4.5], "texture": "#2"},
                "south": {"uv": [10, 3, 10.5, 4.5], "texture": "#2"},
                "west": {"uv": [0, 7.75, 2.5, 9.25], "texture": "#2"},
                "up": {"uv": [4, 11.5, 3.5, 9], "texture": "#2"},
                "down": {"uv": [4.5, 9, 4, 11.5], "texture": "#2"}
            }
        },
        {
            "from": [7, 4.75, 4.5],
            "to": [7, 9.75, 11.5],
            "rotation": {"angle": -22.5, "axis": "y", "origin": [7, 7.25, 8]},
            "faces": {
                "east": {"uv": [7, 8, 8.75, 9.25], "texture": "#2"},
                "west": {"uv": [8.75, 8, 10.5, 9.25], "texture": "#2"}
            }
        },
        {
            "from": [-0.5, 0.5, 7],
            "to": [14.5, 11.5, 7],
            "rotation": {"angle": 22.5, "axis": "y", "origin": [9, 8, 7]},
            "faces": {
                "north": {"uv": [0, 0, 3.75, 2.75], "texture": "#2"},
                "south": {"uv": [0, 2.75, 3.75, 5.5], "texture": "#2"}
            }
        },
        {
            "from": [9.40224, 0, 0.26537],
            "to": [9.40224, 11, 15.26537],
            "rotation": {"angle": -22.5, "axis": "z", "origin": [9.40224, 5.5, 7.76537]},
            "faces": {
                "east": {"uv": [3.75, 0, 7.5, 2.75], "texture": "#2"},
                "west": {"uv": [3.75, 2.75, 7.5, 5.5], "texture": "#2"}
            }
        },
        {
            "from": [4.75, -0.78701, 3.07612],
            "to": [11.25, 2.21299, 5.07612],
            "rotation": {"angle": -22.5, "axis": "x", "origin": [9.25, -0.78701, 2.07612]},
            "faces": {
                "north": {"uv": [7.5, 4.5, 9.125, 5.25], "texture": "#2"},
                "east": {"uv": [7.75, 10, 8.25, 10.75], "texture": "#2"},
                "south": {"uv": [4.5, 9, 6.125, 9.75], "texture": "#2"},
                "west": {"uv": [8.25, 10, 8.75, 10.75], "texture": "#2"},
                "up": {"uv": [1.625, 10.5, 0, 10], "texture": "#2"},
                "down": {"uv": [11.625, 0, 10, 0.5], "texture": "#2"}
            }
        },
        {
            "from": [4.75, -0.78701, 10.92388],
            "to": [11.25, 2.21299, 12.92388],
            "rotation": {"angle": 22.5, "axis": "x", "origin": [6.75, -0.78701, 13.92388]},
            "faces": {
                "north": {"uv": [4.5, 9, 6.125, 9.75], "texture": "#2"},
                "east": {"uv": [8.25, 10, 8.75, 10.75], "texture": "#2"},
                "south": {"uv": [7.5, 4.5, 9.125, 5.25], "texture": "#2"},
                "west": {"uv": [7.75, 10, 8.25, 10.75], "texture": "#2"},
                "up": {"uv": [0, 10, 1.625, 10.5], "texture": "#2"},
                "down": {"uv": [10, 0.5, 11.625, 0], "texture": "#2"}
            }
        }

    ]
}